<?xml version="1.0" encoding="utf-8"?>
<!--/1792630/1318237/2.50/2/2/Switch/-->
<quadcept_library>
  <setting unit="mil" />
  <textstyle name="Default" height="47.244094488189" strokewidth="7.8740157480315" charwidth="47.244094488189" />
  <textstyle name="Dimension" height="19.6850393700787" strokewidth="0" charwidth="19.6850393700787" />
  <textstyle name="H127W0635TH00762" height="50" strokewidth="3" charwidth="25" />
  <textstyle name="H15W15TH02" height="59.0551181102362" strokewidth="7.8740157480315" charwidth="59.0551181102362" />
  <padstyle name="r150_55" surface="True" plated="False" isvia="False" nopaste="False" nomask="True" complex="False" holesize="0">
    <padshape layer="TOP" shape="rectangle" width="21.653543307086" height="59.055118110235" />
    <padshape layer="TOP_SOLDER_MASK" shape="rectangle" width="29.527559055118" height="66.929133858267" />
    <padshape layer="TOP_SOLDER_PASTE" shape="rectangle" width="21.653543307086" height="59.055118110235" />
  </padstyle>
  <footprint name="KXT341LHS" originx="0" originy="0" pickpointx="0" pickpointy="0">
    <pcbpin number="1" name="1" style="r150_55" originx="-63.976377952755" originy="0" rotation="0" />
    <pcbpin number="2" name="2" style="r150_55" originx="63.976377952755" originy="0" rotation="0" />
    <line layer="TOP_ASSEMBLY" originx="-62.992125984251" originy="43.307086614173" endx="62.992125984251" endy="43.307086614173" width="3.9370078740157" />
    <line layer="TOP_ASSEMBLY" originx="62.992125984251" originy="43.307086614173" endx="62.992125984251" endy="-43.307086614173" width="3.9370078740157" />
    <line layer="TOP_ASSEMBLY" originx="62.992125984251" originy="-43.307086614173" endx="-62.992125984251" endy="-43.307086614173" width="3.9370078740157" />
    <line layer="TOP_ASSEMBLY" originx="-62.992125984251" originy="-43.307086614173" endx="-62.992125984251" endy="43.307086614173" width="3.9370078740157" />
    <line layer="TOP_PLACE_BOUND" originx="-114.17322834646" originy="82.67716535433" endx="114.17322834646" endy="82.67716535433" width="3.9370078740157" />
    <line layer="TOP_PLACE_BOUND" originx="114.17322834646" originy="82.67716535433" endx="114.17322834646" endy="-82.67716535433" width="3.9370078740157" />
    <line layer="TOP_PLACE_BOUND" originx="114.17322834646" originy="-82.67716535433" endx="-114.17322834646" endy="-82.67716535433" width="3.9370078740157" />
    <line layer="TOP_PLACE_BOUND" originx="-114.17322834646" originy="-82.67716535433" endx="-114.17322834646" endy="82.67716535433" width="3.9370078740157" />
    <line layer="TOP_SILKSCREEN" originx="-94.488188976377" originy="0" endx="-94.488188976377" endy="0" width="3.9370078740157" />
    <arc layer="TOP_SILKSCREEN" originx="-96.456692913385" originy="0" startangle=".0" sweepangle="180.0" radius="1.9685039370079" width="3.9370078740157" />
    <line layer="TOP_SILKSCREEN" originx="-98.425196850392" originy="0" endx="-98.425196850392" endy="0" width="3.9370078740157" />
    <arc layer="TOP_SILKSCREEN" originx="-96.456692913385" originy="0" startangle="-180.0" sweepangle="180.0" radius="1.9685039370079" width="3.9370078740157" />
    <line layer="TOP_SILKSCREEN" originx="-62.992125984251" originy="43.307086614173" endx="62.992125984251" endy="43.307086614173" width="7.8740157480314" />
    <line layer="TOP_SILKSCREEN" originx="-63.976377952755" originy="-43.307086614173" endx="62.992125984251" endy="-43.307086614173" width="7.8740157480314" />
  </footprint>
  <symbol name="KXT341LHS" originx="0" originy="0">
    <line originx="200" originy="100" endx="700" endy="100" width="0" />
    <line originx="700" originy="-200" endx="700" endy="100" width="0" />
    <line originx="700" originy="-200" endx="200" endy="-200" width="0" />
    <line originx="200" originy="100" endx="200" endy="-200" width="0" />
    <sympin number="1" originx="200" originy="0" rotation="180" length="100" width="7.8740157480315" flipped="False">
      <text name="pinname" originx="230" originy="0" style="Default" rotation="0" justify="left" flipped="False" hidden="False" data="COM" />
      <text name="pindes" originx="140" originy="20" style="Default" rotation="0" justify="lowerright" flipped="False" hidden="False" data="1" />
    </sympin>
    <sympin number="2" originx="200" originy="-100" rotation="180" length="100" width="7.8740157480315" flipped="False">
      <text name="pinname" originx="230" originy="-100" style="Default" rotation="0" justify="left" flipped="False" hidden="False" data="NO" />
      <text name="pindes" originx="140" originy="-80" style="Default" rotation="0" justify="lowerright" flipped="False" hidden="False" data="2" />
    </sympin>
  </symbol>
  <component name="KXT341LHS" designatorprefix="S" height="27.55905511811" footprint="KXT341LHS">
    <comppin designator="1" sympin="1" pinswap="0" gateswap="0" gate="1" group="1" side="" type="Any" name="COM" />
    <comppin designator="2" sympin="2" pinswap="0" gateswap="0" gate="1" group="1" side="" type="Any" name="NO" />
    <attached_symbol gate="1" name="KXT341LHS" />
    <pinmap designator="1" footprintpin="1" />
    <pinmap designator="2" footprintpin="2" />
    <text name="Datasheet" originx="0" originy="0" style="Default" rotation="0" justify="" flipped="False" hidden="True" data="https://www.ckswitches.com/media/1465/kxt3.pdf" />
    <text name="Description" originx="0" originy="0" style="Default" rotation="0" justify="" flipped="False" hidden="True" data="Keypad Switch, 1 Switches, SPST, Momentary-tactile, 0.02A, 15VDC, 3.92N, Solder Terminal, Surface Mount-straight" />
    <text name="Manufacturer_Name" originx="0" originy="0" style="Default" rotation="0" justify="" flipped="False" hidden="True" data="C &amp; K COMPONENTS" />
    <text name="Manufacturer_Part_Number" originx="750" originy="200" style="Default" rotation="0" justify="left" flipped="False" hidden="False" data="KXT341LHS" />
    <text name="Mouser Part Number" originx="0" originy="0" style="Default" rotation="0" justify="" flipped="False" hidden="True" data="611-KXT341LHS" />
    <text name="Mouser Price/Stock" originx="0" originy="0" style="Default" rotation="0" justify="" flipped="False" hidden="True" data="https://www.mouser.co.uk/ProductDetail/CK/KXT341LHS?qs=%2FQ2qp2Z%2FWFz0Ln38izMxmg%3D%3D" />
    <text name="Arrow Part Number" originx="0" originy="0" style="Default" rotation="0" justify="" flipped="False" hidden="True" data="KXT341LHS" />
    <text name="Arrow Price/Stock" originx="0" originy="0" style="Default" rotation="0" justify="" flipped="False" hidden="True" data="https://www.arrow.com/en/products/kxt341lhs/ck?region=nac" />
  </component>
</quadcept_library>
