<?xml version="1.0" encoding="utf-8"?>
<!--/15274925/1318237/2.50/4/3/Crystal or Oscillator/-->
<quadcept_library>
  <setting unit="mil" />
  <textstyle name="Default" height="47.244094488189" strokewidth="7.8740157480315" charwidth="47.244094488189" />
  <textstyle name="Dimension" height="19.6850393700787" strokewidth="0" charwidth="19.6850393700787" />
  <textstyle name="H127W0635TH00762" height="50" strokewidth="3" charwidth="25" />
  <textstyle name="H15W15TH02" height="59.0551181102362" strokewidth="7.8740157480315" charwidth="59.0551181102362" />
  <padstyle name="r75_65" surface="True" plated="False" isvia="False" nopaste="False" nomask="True" complex="False" holesize="0">
    <padshape layer="TOP" shape="rectangle" width="25.590551181102" height="29.527559055118" />
    <padshape layer="TOP_SOLDER_MASK" shape="rectangle" width="33.464566929133" height="37.401574803149" />
    <padshape layer="TOP_SOLDER_PASTE" shape="rectangle" width="25.590551181102" height="29.527559055118" />
  </padstyle>
  <footprint name="830208214709" originx="0" originy="0" pickpointx="0" pickpointy="0">
    <pcbpin number="1" name="1" style="r75_65" originx="-25.590551181102" originy="-19.685039370078" rotation="90" />
    <pcbpin number="2" name="2" style="r75_65" originx="25.590551181102" originy="-19.685039370078" rotation="90" />
    <pcbpin number="3" name="3" style="r75_65" originx="25.590551181102" originy="19.685039370078" rotation="90" />
    <pcbpin number="4" name="4" style="r75_65" originx="-25.590551181102" originy="19.685039370078" rotation="90" />
    <line layer="TOP_ASSEMBLY" originx="-39.370078740157" originy="31.496062992126" endx="39.370078740157" endy="31.496062992126" width="3.9370078740157" />
    <line layer="TOP_ASSEMBLY" originx="39.370078740157" originy="31.496062992126" endx="39.370078740157" endy="-31.496062992126" width="3.9370078740157" />
    <line layer="TOP_ASSEMBLY" originx="39.370078740157" originy="-31.496062992126" endx="-39.370078740157" endy="-31.496062992126" width="3.9370078740157" />
    <line layer="TOP_ASSEMBLY" originx="-39.370078740157" originy="-31.496062992126" endx="-39.370078740157" endy="31.496062992126" width="3.9370078740157" />
    <line layer="TOP_PLACE_BOUND" originx="-79.724409448818" originy="71.850393700787" endx="79.724409448818" endy="71.850393700787" width="3.9370078740157" />
    <line layer="TOP_PLACE_BOUND" originx="79.724409448818" originy="71.850393700787" endx="79.724409448818" endy="-71.850393700787" width="3.9370078740157" />
    <line layer="TOP_PLACE_BOUND" originx="79.724409448818" originy="-71.850393700787" endx="-79.724409448818" endy="-71.850393700787" width="3.9370078740157" />
    <line layer="TOP_PLACE_BOUND" originx="-79.724409448818" originy="-71.850393700787" endx="-79.724409448818" endy="71.850393700787" width="3.9370078740157" />
    <line layer="TOP_SILKSCREEN" originx="-31.496062992126" originy="-47.244094488188" endx="-31.496062992126" endy="-47.244094488188" width="3.9370078740157" />
    <arc layer="TOP_SILKSCREEN" originx="-29.527559055118" originy="-47.244094488188" startangle="180.0" sweepangle="180.0" radius="1.9685039370079" width="3.9370078740157" />
    <line layer="TOP_SILKSCREEN" originx="-27.55905511811" originy="-47.244094488188" endx="-27.55905511811" endy="-47.244094488188" width="3.9370078740157" />
    <arc layer="TOP_SILKSCREEN" originx="-29.527559055118" originy="-47.244094488188" startangle=".0" sweepangle="180.0" radius="1.9685039370079" width="3.9370078740157" />
  </footprint>
  <symbol name="830208214709" originx="0" originy="0">
    <line originx="200" originy="100" endx="1700" endy="100" width="0" />
    <line originx="1700" originy="-200" endx="1700" endy="100" width="0" />
    <line originx="1700" originy="-200" endx="200" endy="-200" width="0" />
    <line originx="200" originy="100" endx="200" endy="-200" width="0" />
    <sympin number="1" originx="200" originy="-100" rotation="180" length="100" width="7.8740157480315" flipped="False">
      <text name="pinname" originx="230" originy="-100" style="Default" rotation="0" justify="left" flipped="False" hidden="False" data="STANDBY_OPERATION" />
      <text name="pindes" originx="140" originy="-80" style="Default" rotation="0" justify="lowerright" flipped="False" hidden="False" data="1" />
    </sympin>
    <sympin number="2" originx="1700" originy="-100" rotation="0" length="100" width="7.8740157480315" flipped="False">
      <text name="pinname" originx="1670" originy="-100" style="Default" rotation="0" justify="right" flipped="False" hidden="False" data="GND" />
      <text name="pindes" originx="1760" originy="-80" style="Default" rotation="0" justify="lowerleft" flipped="False" hidden="False" data="2" />
    </sympin>
    <sympin number="3" originx="1700" originy="0" rotation="0" length="100" width="7.8740157480315" flipped="False">
      <text name="pinname" originx="1670" originy="0" style="Default" rotation="0" justify="right" flipped="False" hidden="False" data="OUTPUT" />
      <text name="pindes" originx="1760" originy="20" style="Default" rotation="0" justify="lowerleft" flipped="False" hidden="False" data="3" />
    </sympin>
    <sympin number="4" originx="200" originy="0" rotation="180" length="100" width="7.8740157480315" flipped="False">
      <text name="pinname" originx="230" originy="0" style="Default" rotation="0" justify="left" flipped="False" hidden="False" data="+VS" />
      <text name="pindes" originx="140" originy="20" style="Default" rotation="0" justify="lowerright" flipped="False" hidden="False" data="4" />
    </sympin>
  </symbol>
  <component name="830208214709" designatorprefix="Y" height="31.496062992126" footprint="830208214709">
    <comppin designator="1" sympin="1" pinswap="0" gateswap="0" gate="1" group="1" side="" type="Any" name="STANDBY_OPERATION" />
    <comppin designator="2" sympin="2" pinswap="0" gateswap="0" gate="1" group="1" side="" type="Any" name="GND" />
    <comppin designator="3" sympin="3" pinswap="0" gateswap="0" gate="1" group="1" side="" type="Any" name="OUTPUT" />
    <comppin designator="4" sympin="4" pinswap="0" gateswap="0" gate="1" group="1" side="" type="Any" name="+VS" />
    <attached_symbol gate="1" name="830208214709" />
    <pinmap designator="1" footprintpin="1" />
    <pinmap designator="2" footprintpin="2" />
    <pinmap designator="3" footprintpin="3" />
    <pinmap designator="4" footprintpin="4" />
    <text name="Datasheet" originx="0" originy="0" style="Default" rotation="0" justify="" flipped="False" hidden="True" data="https://www.we-online.com/catalog/datasheet/830208214709.pdf" />
    <text name="Description" originx="0" originy="0" style="Default" rotation="0" justify="" flipped="False" hidden="True" data="Standard 2 x 1.6 crystal oscillator in a ceramic package" />
    <text name="Mouser Part Number" originx="0" originy="0" style="Default" rotation="0" justify="" flipped="False" hidden="True" data="710-830208214709" />
    <text name="Mouser Price/Stock" originx="0" originy="0" style="Default" rotation="0" justify="" flipped="False" hidden="True" data="https://www.mouser.co.uk/ProductDetail/Wurth-Elektronik/830208214709?qs=hWgE7mdIu5RsfOKECoK1Sg%3D%3D" />
    <text name="Manufacturer_Name" originx="0" originy="0" style="Default" rotation="0" justify="" flipped="False" hidden="True" data="Wurth Elektronik" />
    <text name="Manufacturer_Part_Number" originx="1750" originy="200" style="Default" rotation="0" justify="left" flipped="False" hidden="False" data="830208214709" />
  </component>
</quadcept_library>
