<?xml version="1.0" encoding="utf-8"?>
<!--/17162380/1318237/2.50/53/3/Integrated Circuit/-->
<quadcept_library>
  <setting unit="mil" />
  <textstyle name="Default" height="47.244094488189" strokewidth="7.8740157480315" charwidth="47.244094488189" />
  <textstyle name="Dimension" height="19.6850393700787" strokewidth="0" charwidth="19.6850393700787" />
  <textstyle name="H127W0635TH00762" height="50" strokewidth="3" charwidth="25" />
  <textstyle name="H15W15TH02" height="59.0551181102362" strokewidth="7.8740157480315" charwidth="59.0551181102362" />
  <padstyle name="c27" surface="True" plated="False" isvia="False" nopaste="False" nomask="True" complex="False" holesize="0">
    <padshape layer="TOP" shape="round" width="10.629921259842" height="10.629921259842" />
    <padshape layer="TOP_SOLDER_MASK" shape="round" width="18.503937007874" height="18.503937007874" />
    <padshape layer="TOP_SOLDER_PASTE" shape="round" width="10.629921259842" height="10.629921259842" />
  </padstyle>
  <footprint name="MIAM10Q00B" originx="0" originy="0" pickpointx="0" pickpointy="0">
    <pcbpin number="1" name="A1" style="c27" originx="-78.740157480314" originy="78.740157480314" rotation="90" />
    <pcbpin number="2" name="A2" style="c27" originx="-59.055118110235" originy="78.740157480314" rotation="90" />
    <pcbpin number="3" name="A3" style="c27" originx="-39.370078740157" originy="78.740157480314" rotation="90" />
    <pcbpin number="4" name="A4" style="c27" originx="-19.685039370078" originy="78.740157480314" rotation="90" />
    <pcbpin number="5" name="A5" style="c27" originx="0" originy="78.740157480314" rotation="90" />
    <pcbpin number="6" name="A6" style="c27" originx="19.685039370078" originy="78.740157480314" rotation="90" />
    <pcbpin number="7" name="A7" style="c27" originx="39.370078740157" originy="78.740157480314" rotation="90" />
    <pcbpin number="8" name="A8" style="c27" originx="59.055118110235" originy="78.740157480314" rotation="90" />
    <pcbpin number="9" name="A9" style="c27" originx="78.740157480314" originy="78.740157480314" rotation="90" />
    <pcbpin number="10" name="B1" style="c27" originx="-78.740157480314" originy="59.055118110235" rotation="90" />
    <pcbpin number="11" name="B2" style="c27" originx="-59.055118110235" originy="59.055118110235" rotation="90" />
    <pcbpin number="12" name="B8" style="c27" originx="59.055118110235" originy="59.055118110235" rotation="90" />
    <pcbpin number="13" name="B9" style="c27" originx="78.740157480314" originy="59.055118110235" rotation="90" />
    <pcbpin number="14" name="C1" style="c27" originx="-78.740157480314" originy="39.370078740157" rotation="90" />
    <pcbpin number="15" name="C3" style="c27" originx="-39.370078740157" originy="39.370078740157" rotation="90" />
    <pcbpin number="16" name="C4" style="c27" originx="-19.685039370078" originy="39.370078740157" rotation="90" />
    <pcbpin number="17" name="C5" style="c27" originx="0" originy="39.370078740157" rotation="90" />
    <pcbpin number="18" name="C6" style="c27" originx="19.685039370078" originy="39.370078740157" rotation="90" />
    <pcbpin number="19" name="C7" style="c27" originx="39.370078740157" originy="39.370078740157" rotation="90" />
    <pcbpin number="20" name="C9" style="c27" originx="78.740157480314" originy="39.370078740157" rotation="90" />
    <pcbpin number="21" name="D1" style="c27" originx="-78.740157480314" originy="19.685039370078" rotation="90" />
    <pcbpin number="22" name="D2" style="c27" originx="-59.055118110235" originy="19.685039370078" rotation="90" />
    <pcbpin number="23" name="D9" style="c27" originx="78.740157480314" originy="19.685039370078" rotation="90" />
    <pcbpin number="24" name="E1" style="c27" originx="-78.740157480314" originy="0" rotation="90" />
    <pcbpin number="25" name="E2" style="c27" originx="-59.055118110235" originy="0" rotation="90" />
    <pcbpin number="26" name="E3" style="c27" originx="-39.370078740157" originy="0" rotation="90" />
    <pcbpin number="27" name="E4" style="c27" originx="-19.685039370078" originy="0" rotation="90" />
    <pcbpin number="28" name="E7" style="c27" originx="39.370078740157" originy="0" rotation="90" />
    <pcbpin number="29" name="E9" style="c27" originx="78.740157480314" originy="0" rotation="90" />
    <pcbpin number="30" name="F1" style="c27" originx="-78.740157480314" originy="-19.685039370078" rotation="90" />
    <pcbpin number="31" name="F3" style="c27" originx="-39.370078740157" originy="-19.685039370078" rotation="90" />
    <pcbpin number="32" name="F4" style="c27" originx="-19.685039370078" originy="-19.685039370078" rotation="90" />
    <pcbpin number="33" name="F7" style="c27" originx="39.370078740157" originy="-19.685039370078" rotation="90" />
    <pcbpin number="34" name="F9" style="c27" originx="78.740157480314" originy="-19.685039370078" rotation="90" />
    <pcbpin number="35" name="G1" style="c27" originx="-78.740157480314" originy="-39.370078740157" rotation="90" />
    <pcbpin number="36" name="G3" style="c27" originx="-39.370078740157" originy="-39.370078740157" rotation="90" />
    <pcbpin number="37" name="G4" style="c27" originx="-19.685039370078" originy="-39.370078740157" rotation="90" />
    <pcbpin number="38" name="G5" style="c27" originx="0" originy="-39.370078740157" rotation="90" />
    <pcbpin number="39" name="G6" style="c27" originx="19.685039370078" originy="-39.370078740157" rotation="90" />
    <pcbpin number="40" name="G7" style="c27" originx="39.370078740157" originy="-39.370078740157" rotation="90" />
    <pcbpin number="41" name="G9" style="c27" originx="78.740157480314" originy="-39.370078740157" rotation="90" />
    <pcbpin number="42" name="H1" style="c27" originx="-78.740157480314" originy="-59.055118110235" rotation="90" />
    <pcbpin number="43" name="H8" style="c27" originx="59.055118110235" originy="-59.055118110235" rotation="90" />
    <pcbpin number="44" name="H9" style="c27" originx="78.740157480314" originy="-59.055118110235" rotation="90" />
    <pcbpin number="45" name="J1" style="c27" originx="-78.740157480314" originy="-78.740157480314" rotation="90" />
    <pcbpin number="46" name="J2" style="c27" originx="-59.055118110235" originy="-78.740157480314" rotation="90" />
    <pcbpin number="47" name="J3" style="c27" originx="-39.370078740157" originy="-78.740157480314" rotation="90" />
    <pcbpin number="48" name="J4" style="c27" originx="-19.685039370078" originy="-78.740157480314" rotation="90" />
    <pcbpin number="49" name="J5" style="c27" originx="0" originy="-78.740157480314" rotation="90" />
    <pcbpin number="50" name="J6" style="c27" originx="19.685039370078" originy="-78.740157480314" rotation="90" />
    <pcbpin number="51" name="J7" style="c27" originx="39.370078740157" originy="-78.740157480314" rotation="90" />
    <pcbpin number="52" name="J8" style="c27" originx="59.055118110235" originy="-78.740157480314" rotation="90" />
    <pcbpin number="53" name="J9" style="c27" originx="78.740157480314" originy="-78.740157480314" rotation="90" />
    <line layer="TOP_ASSEMBLY" originx="-88.582677165353" originy="-88.582677165353" endx="88.582677165353" endy="-88.582677165353" width="3.9370078740157" />
    <line layer="TOP_ASSEMBLY" originx="88.582677165353" originy="-88.582677165353" endx="88.582677165353" endy="88.582677165353" width="3.9370078740157" />
    <line layer="TOP_ASSEMBLY" originx="88.582677165353" originy="88.582677165353" endx="-88.582677165353" endy="88.582677165353" width="3.9370078740157" />
    <line layer="TOP_ASSEMBLY" originx="-88.582677165353" originy="88.582677165353" endx="-88.582677165353" endy="-88.582677165353" width="3.9370078740157" />
    <line layer="TOP_PLACE_BOUND" originx="-127.95275590551" originy="-127.95275590551" endx="127.95275590551" endy="-127.95275590551" width="3.9370078740157" />
    <line layer="TOP_PLACE_BOUND" originx="127.95275590551" originy="-127.95275590551" endx="127.95275590551" endy="127.95275590551" width="3.9370078740157" />
    <line layer="TOP_PLACE_BOUND" originx="127.95275590551" originy="127.95275590551" endx="-127.95275590551" endy="127.95275590551" width="3.9370078740157" />
    <line layer="TOP_PLACE_BOUND" originx="-127.95275590551" originy="127.95275590551" endx="-127.95275590551" endy="-127.95275590551" width="3.9370078740157" />
    <line layer="TOP_SILKSCREEN" originx="-78.740157480314" originy="110.23622047244" endx="-78.740157480314" endy="110.23622047244" width="3.9370078740157" />
    <arc layer="TOP_SILKSCREEN" originx="-78.740157480314" originy="108.26771653543" startangle="90.0" sweepangle="180.0" radius="1.9685039370078" width="3.9370078740157" />
    <line layer="TOP_SILKSCREEN" originx="-78.740157480314" originy="106.29921259842" endx="-78.740157480314" endy="106.29921259842" width="3.9370078740157" />
    <arc layer="TOP_SILKSCREEN" originx="-78.740157480314" originy="108.26771653543" startangle="-90.0" sweepangle="180.0" radius="1.9685039370078" width="3.9370078740157" />
  </footprint>
  <symbol name="MIA-M10Q-00B" originx="0" originy="0">
    <line originx="200" originy="100" endx="1600" endy="100" width="0" />
    <line originx="1600" originy="-2700" endx="1600" endy="100" width="0" />
    <line originx="1600" originy="-2700" endx="200" endy="-2700" width="0" />
    <line originx="200" originy="100" endx="200" endy="-2700" width="0" />
    <sympin number="1" originx="200" originy="0" rotation="180" length="100" width="7.8740157480315" flipped="False">
      <text name="pinname" originx="230" originy="0" style="Default" rotation="0" justify="left" flipped="False" hidden="False" data="GND_1" />
      <text name="pindes" originx="140" originy="20" style="Default" rotation="0" justify="lowerright" flipped="False" hidden="False" data="A1" />
    </sympin>
    <sympin number="2" originx="200" originy="-100" rotation="180" length="100" width="7.8740157480315" flipped="False">
      <text name="pinname" originx="230" originy="-100" style="Default" rotation="0" justify="left" flipped="False" hidden="False" data="GND_2" />
      <text name="pindes" originx="140" originy="-80" style="Default" rotation="0" justify="lowerright" flipped="False" hidden="False" data="A2" />
    </sympin>
    <sympin number="3" originx="200" originy="-200" rotation="180" length="100" width="7.8740157480315" flipped="False">
      <text name="pinname" originx="230" originy="-200" style="Default" rotation="0" justify="left" flipped="False" hidden="False" data="GND_3" />
      <text name="pindes" originx="140" originy="-180" style="Default" rotation="0" justify="lowerright" flipped="False" hidden="False" data="A3" />
    </sympin>
    <sympin number="4" originx="200" originy="-300" rotation="180" length="100" width="7.8740157480315" flipped="False">
      <text name="pinname" originx="230" originy="-300" style="Default" rotation="0" justify="left" flipped="False" hidden="False" data="RTC_I" />
      <text name="pindes" originx="140" originy="-280" style="Default" rotation="0" justify="lowerright" flipped="False" hidden="False" data="A4" />
    </sympin>
    <sympin number="5" originx="200" originy="-400" rotation="180" length="100" width="7.8740157480315" flipped="False">
      <text name="pinname" originx="230" originy="-400" style="Default" rotation="0" justify="left" flipped="False" hidden="False" data="RTC_O" />
      <text name="pindes" originx="140" originy="-380" style="Default" rotation="0" justify="lowerright" flipped="False" hidden="False" data="A5" />
    </sympin>
    <sympin number="6" originx="200" originy="-500" rotation="180" length="100" width="7.8740157480315" flipped="False">
      <text name="pinname" originx="230" originy="-500" style="Default" rotation="0" justify="left" flipped="False" hidden="False" data="EXTINT" />
      <text name="pindes" originx="140" originy="-480" style="Default" rotation="0" justify="lowerright" flipped="False" hidden="False" data="A6" />
    </sympin>
    <sympin number="7" originx="200" originy="-600" rotation="180" length="100" width="7.8740157480315" flipped="False">
      <text name="pinname" originx="230" originy="-600" style="Default" rotation="0" justify="left" flipped="False" hidden="False" data="TIMEPULSE" />
      <text name="pindes" originx="140" originy="-580" style="Default" rotation="0" justify="lowerright" flipped="False" hidden="False" data="A7" />
    </sympin>
    <sympin number="8" originx="200" originy="-700" rotation="180" length="100" width="7.8740157480315" flipped="False">
      <text name="pinname" originx="230" originy="-700" style="Default" rotation="0" justify="left" flipped="False" hidden="False" data="GND_4" />
      <text name="pindes" originx="140" originy="-680" style="Default" rotation="0" justify="lowerright" flipped="False" hidden="False" data="A8" />
    </sympin>
    <sympin number="9" originx="200" originy="-800" rotation="180" length="100" width="7.8740157480315" flipped="False">
      <text name="pinname" originx="230" originy="-800" style="Default" rotation="0" justify="left" flipped="False" hidden="False" data="GND_5" />
      <text name="pindes" originx="140" originy="-780" style="Default" rotation="0" justify="lowerright" flipped="False" hidden="False" data="A9" />
    </sympin>
    <sympin number="10" originx="200" originy="-900" rotation="180" length="100" width="7.8740157480315" flipped="False">
      <text name="pinname" originx="230" originy="-900" style="Default" rotation="0" justify="left" flipped="False" hidden="False" data="VCC" />
      <text name="pindes" originx="140" originy="-880" style="Default" rotation="0" justify="lowerright" flipped="False" hidden="False" data="B1" />
    </sympin>
    <sympin number="11" originx="200" originy="-1000" rotation="180" length="100" width="7.8740157480315" flipped="False">
      <text name="pinname" originx="230" originy="-1000" style="Default" rotation="0" justify="left" flipped="False" hidden="False" data="GND_6" />
      <text name="pindes" originx="140" originy="-980" style="Default" rotation="0" justify="lowerright" flipped="False" hidden="False" data="B2" />
    </sympin>
    <sympin number="12" originx="200" originy="-1100" rotation="180" length="100" width="7.8740157480315" flipped="False">
      <text name="pinname" originx="230" originy="-1100" style="Default" rotation="0" justify="left" flipped="False" hidden="False" data="GND_7" />
      <text name="pindes" originx="140" originy="-1080" style="Default" rotation="0" justify="lowerright" flipped="False" hidden="False" data="B8" />
    </sympin>
    <sympin number="13" originx="200" originy="-1200" rotation="180" length="100" width="7.8740157480315" flipped="False">
      <text name="pinname" originx="230" originy="-1200" style="Default" rotation="0" justify="left" flipped="False" hidden="False" data="RF_IN" />
      <text name="pindes" originx="140" originy="-1180" style="Default" rotation="0" justify="lowerright" flipped="False" hidden="False" data="B9" />
    </sympin>
    <sympin number="14" originx="200" originy="-1300" rotation="180" length="100" width="7.8740157480315" flipped="False">
      <text name="pinname" originx="230" originy="-1300" style="Default" rotation="0" justify="left" flipped="False" hidden="False" data="RESERVED_1" />
      <text name="pindes" originx="140" originy="-1280" style="Default" rotation="0" justify="lowerright" flipped="False" hidden="False" data="C1" />
    </sympin>
    <sympin number="15" originx="200" originy="-1400" rotation="180" length="100" width="7.8740157480315" flipped="False">
      <text name="pinname" originx="230" originy="-1400" style="Default" rotation="0" justify="left" flipped="False" hidden="False" data="GND_8" />
      <text name="pindes" originx="140" originy="-1380" style="Default" rotation="0" justify="lowerright" flipped="False" hidden="False" data="C3" />
    </sympin>
    <sympin number="16" originx="200" originy="-1500" rotation="180" length="100" width="7.8740157480315" flipped="False">
      <text name="pinname" originx="230" originy="-1500" style="Default" rotation="0" justify="left" flipped="False" hidden="False" data="RESET_N" />
      <text name="pindes" originx="140" originy="-1480" style="Default" rotation="0" justify="lowerright" flipped="False" hidden="False" data="C4" />
    </sympin>
    <sympin number="17" originx="200" originy="-1600" rotation="180" length="100" width="7.8740157480315" flipped="False">
      <text name="pinname" originx="230" originy="-1600" style="Default" rotation="0" justify="left" flipped="False" hidden="False" data="RESERVED_2" />
      <text name="pindes" originx="140" originy="-1580" style="Default" rotation="0" justify="lowerright" flipped="False" hidden="False" data="C5" />
    </sympin>
    <sympin number="18" originx="200" originy="-1700" rotation="180" length="100" width="7.8740157480315" flipped="False">
      <text name="pinname" originx="230" originy="-1700" style="Default" rotation="0" justify="left" flipped="False" hidden="False" data="VCC_RF" />
      <text name="pindes" originx="140" originy="-1680" style="Default" rotation="0" justify="lowerright" flipped="False" hidden="False" data="C6" />
    </sympin>
    <sympin number="19" originx="200" originy="-1800" rotation="180" length="100" width="7.8740157480315" flipped="False">
      <text name="pinname" originx="230" originy="-1800" style="Default" rotation="0" justify="left" flipped="False" hidden="False" data="SAFEBOOT_N" />
      <text name="pindes" originx="140" originy="-1780" style="Default" rotation="0" justify="lowerright" flipped="False" hidden="False" data="C7" />
    </sympin>
    <sympin number="20" originx="200" originy="-1900" rotation="180" length="100" width="7.8740157480315" flipped="False">
      <text name="pinname" originx="230" originy="-1900" style="Default" rotation="0" justify="left" flipped="False" hidden="False" data="GND_9" />
      <text name="pindes" originx="140" originy="-1880" style="Default" rotation="0" justify="lowerright" flipped="False" hidden="False" data="C9" />
    </sympin>
    <sympin number="21" originx="200" originy="-2000" rotation="180" length="100" width="7.8740157480315" flipped="False">
      <text name="pinname" originx="230" originy="-2000" style="Default" rotation="0" justify="left" flipped="False" hidden="False" data="SDA" />
      <text name="pindes" originx="140" originy="-1980" style="Default" rotation="0" justify="lowerright" flipped="False" hidden="False" data="D1" />
    </sympin>
    <sympin number="22" originx="200" originy="-2100" rotation="180" length="100" width="7.8740157480315" flipped="False">
      <text name="pinname" originx="230" originy="-2100" style="Default" rotation="0" justify="left" flipped="False" hidden="False" data="RESERVED_3" />
      <text name="pindes" originx="140" originy="-2080" style="Default" rotation="0" justify="lowerright" flipped="False" hidden="False" data="D2" />
    </sympin>
    <sympin number="23" originx="200" originy="-2200" rotation="180" length="100" width="7.8740157480315" flipped="False">
      <text name="pinname" originx="230" originy="-2200" style="Default" rotation="0" justify="left" flipped="False" hidden="False" data="RESERVED_4" />
      <text name="pindes" originx="140" originy="-2180" style="Default" rotation="0" justify="lowerright" flipped="False" hidden="False" data="D9" />
    </sympin>
    <sympin number="24" originx="200" originy="-2300" rotation="180" length="100" width="7.8740157480315" flipped="False">
      <text name="pinname" originx="230" originy="-2300" style="Default" rotation="0" justify="left" flipped="False" hidden="False" data="SCL" />
      <text name="pindes" originx="140" originy="-2280" style="Default" rotation="0" justify="lowerright" flipped="False" hidden="False" data="E1" />
    </sympin>
    <sympin number="25" originx="200" originy="-2400" rotation="180" length="100" width="7.8740157480315" flipped="False">
      <text name="pinname" originx="230" originy="-2400" style="Default" rotation="0" justify="left" flipped="False" hidden="False" data="RESERVED_5" />
      <text name="pindes" originx="140" originy="-2380" style="Default" rotation="0" justify="lowerright" flipped="False" hidden="False" data="E2" />
    </sympin>
    <sympin number="26" originx="200" originy="-2500" rotation="180" length="100" width="7.8740157480315" flipped="False">
      <text name="pinname" originx="230" originy="-2500" style="Default" rotation="0" justify="left" flipped="False" hidden="False" data="GND_10" />
      <text name="pindes" originx="140" originy="-2480" style="Default" rotation="0" justify="lowerright" flipped="False" hidden="False" data="E3" />
    </sympin>
    <sympin number="27" originx="200" originy="-2600" rotation="180" length="100" width="7.8740157480315" flipped="False">
      <text name="pinname" originx="230" originy="-2600" style="Default" rotation="0" justify="left" flipped="False" hidden="False" data="GND_11" />
      <text name="pindes" originx="140" originy="-2580" style="Default" rotation="0" justify="lowerright" flipped="False" hidden="False" data="E4" />
    </sympin>
    <sympin number="28" originx="1600" originy="0" rotation="0" length="100" width="7.8740157480315" flipped="False">
      <text name="pinname" originx="1570" originy="0" style="Default" rotation="0" justify="right" flipped="False" hidden="False" data="RESERVED_6" />
      <text name="pindes" originx="1660" originy="20" style="Default" rotation="0" justify="lowerleft" flipped="False" hidden="False" data="E7" />
    </sympin>
    <sympin number="29" originx="1600" originy="-100" rotation="0" length="100" width="7.8740157480315" flipped="False">
      <text name="pinname" originx="1570" originy="-100" style="Default" rotation="0" justify="right" flipped="False" hidden="False" data="GND_12" />
      <text name="pindes" originx="1660" originy="-80" style="Default" rotation="0" justify="lowerleft" flipped="False" hidden="False" data="E9" />
    </sympin>
    <sympin number="30" originx="1600" originy="-200" rotation="0" length="100" width="7.8740157480315" flipped="False">
      <text name="pinname" originx="1570" originy="-200" style="Default" rotation="0" justify="right" flipped="False" hidden="False" data="GND_13" />
      <text name="pindes" originx="1660" originy="-180" style="Default" rotation="0" justify="lowerleft" flipped="False" hidden="False" data="F1" />
    </sympin>
    <sympin number="31" originx="1600" originy="-300" rotation="0" length="100" width="7.8740157480315" flipped="False">
      <text name="pinname" originx="1570" originy="-300" style="Default" rotation="0" justify="right" flipped="False" hidden="False" data="GND_14" />
      <text name="pindes" originx="1660" originy="-280" style="Default" rotation="0" justify="lowerleft" flipped="False" hidden="False" data="F3" />
    </sympin>
    <sympin number="32" originx="1600" originy="-400" rotation="0" length="100" width="7.8740157480315" flipped="False">
      <text name="pinname" originx="1570" originy="-400" style="Default" rotation="0" justify="right" flipped="False" hidden="False" data="GND_15" />
      <text name="pindes" originx="1660" originy="-380" style="Default" rotation="0" justify="lowerleft" flipped="False" hidden="False" data="F4" />
    </sympin>
    <sympin number="33" originx="1600" originy="-500" rotation="0" length="100" width="7.8740157480315" flipped="False">
      <text name="pinname" originx="1570" originy="-500" style="Default" rotation="0" justify="right" flipped="False" hidden="False" data="PIO6" />
      <text name="pindes" originx="1660" originy="-480" style="Default" rotation="0" justify="lowerleft" flipped="False" hidden="False" data="F7" />
    </sympin>
    <sympin number="34" originx="1600" originy="-600" rotation="0" length="100" width="7.8740157480315" flipped="False">
      <text name="pinname" originx="1570" originy="-600" style="Default" rotation="0" justify="right" flipped="False" hidden="False" data="RESERVED_7" />
      <text name="pindes" originx="1660" originy="-580" style="Default" rotation="0" justify="lowerleft" flipped="False" hidden="False" data="F9" />
    </sympin>
    <sympin number="35" originx="1600" originy="-700" rotation="0" length="100" width="7.8740157480315" flipped="False">
      <text name="pinname" originx="1570" originy="-700" style="Default" rotation="0" justify="right" flipped="False" hidden="False" data="TX" />
      <text name="pindes" originx="1660" originy="-680" style="Default" rotation="0" justify="lowerleft" flipped="False" hidden="False" data="G1" />
    </sympin>
    <sympin number="36" originx="1600" originy="-800" rotation="0" length="100" width="7.8740157480315" flipped="False">
      <text name="pinname" originx="1570" originy="-800" style="Default" rotation="0" justify="right" flipped="False" hidden="False" data="GND_16" />
      <text name="pindes" originx="1660" originy="-780" style="Default" rotation="0" justify="lowerleft" flipped="False" hidden="False" data="G3" />
    </sympin>
    <sympin number="37" originx="1600" originy="-900" rotation="0" length="100" width="7.8740157480315" flipped="False">
      <text name="pinname" originx="1570" originy="-900" style="Default" rotation="0" justify="right" flipped="False" hidden="False" data="GND_17" />
      <text name="pindes" originx="1660" originy="-880" style="Default" rotation="0" justify="lowerleft" flipped="False" hidden="False" data="G4" />
    </sympin>
    <sympin number="38" originx="1600" originy="-1000" rotation="0" length="100" width="7.8740157480315" flipped="False">
      <text name="pinname" originx="1570" originy="-1000" style="Default" rotation="0" justify="right" flipped="False" hidden="False" data="GND_18" />
      <text name="pindes" originx="1660" originy="-980" style="Default" rotation="0" justify="lowerleft" flipped="False" hidden="False" data="G5" />
    </sympin>
    <sympin number="39" originx="1600" originy="-1100" rotation="0" length="100" width="7.8740157480315" flipped="False">
      <text name="pinname" originx="1570" originy="-1100" style="Default" rotation="0" justify="right" flipped="False" hidden="False" data="GND_19" />
      <text name="pindes" originx="1660" originy="-1080" style="Default" rotation="0" justify="lowerleft" flipped="False" hidden="False" data="G6" />
    </sympin>
    <sympin number="40" originx="1600" originy="-1200" rotation="0" length="100" width="7.8740157480315" flipped="False">
      <text name="pinname" originx="1570" originy="-1200" style="Default" rotation="0" justify="right" flipped="False" hidden="False" data="RESERVED_8" />
      <text name="pindes" originx="1660" originy="-1180" style="Default" rotation="0" justify="lowerleft" flipped="False" hidden="False" data="G7" />
    </sympin>
    <sympin number="41" originx="1600" originy="-1300" rotation="0" length="100" width="7.8740157480315" flipped="False">
      <text name="pinname" originx="1570" originy="-1300" style="Default" rotation="0" justify="right" flipped="False" hidden="False" data="RESERVED_9" />
      <text name="pindes" originx="1660" originy="-1280" style="Default" rotation="0" justify="lowerleft" flipped="False" hidden="False" data="G9" />
    </sympin>
    <sympin number="42" originx="1600" originy="-1400" rotation="0" length="100" width="7.8740157480315" flipped="False">
      <text name="pinname" originx="1570" originy="-1400" style="Default" rotation="0" justify="right" flipped="False" hidden="False" data="RX" />
      <text name="pindes" originx="1660" originy="-1380" style="Default" rotation="0" justify="lowerleft" flipped="False" hidden="False" data="H1" />
    </sympin>
    <sympin number="43" originx="1600" originy="-1500" rotation="0" length="100" width="7.8740157480315" flipped="False">
      <text name="pinname" originx="1570" originy="-1500" style="Default" rotation="0" justify="right" flipped="False" hidden="False" data="GND_20" />
      <text name="pindes" originx="1660" originy="-1480" style="Default" rotation="0" justify="lowerleft" flipped="False" hidden="False" data="H8" />
    </sympin>
    <sympin number="44" originx="1600" originy="-1600" rotation="0" length="100" width="7.8740157480315" flipped="False">
      <text name="pinname" originx="1570" originy="-1600" style="Default" rotation="0" justify="right" flipped="False" hidden="False" data="LNA_EN" />
      <text name="pindes" originx="1660" originy="-1580" style="Default" rotation="0" justify="lowerleft" flipped="False" hidden="False" data="H9" />
    </sympin>
    <sympin number="45" originx="1600" originy="-1700" rotation="0" length="100" width="7.8740157480315" flipped="False">
      <text name="pinname" originx="1570" originy="-1700" style="Default" rotation="0" justify="right" flipped="False" hidden="False" data="RESERVED_10" />
      <text name="pindes" originx="1660" originy="-1680" style="Default" rotation="0" justify="lowerleft" flipped="False" hidden="False" data="J1" />
    </sympin>
    <sympin number="46" originx="1600" originy="-1800" rotation="0" length="100" width="7.8740157480315" flipped="False">
      <text name="pinname" originx="1570" originy="-1800" style="Default" rotation="0" justify="right" flipped="False" hidden="False" data="RESERVED_11" />
      <text name="pindes" originx="1660" originy="-1780" style="Default" rotation="0" justify="lowerleft" flipped="False" hidden="False" data="J2" />
    </sympin>
    <sympin number="47" originx="1600" originy="-1900" rotation="0" length="100" width="7.8740157480315" flipped="False">
      <text name="pinname" originx="1570" originy="-1900" style="Default" rotation="0" justify="right" flipped="False" hidden="False" data="RESERVED_12" />
      <text name="pindes" originx="1660" originy="-1880" style="Default" rotation="0" justify="lowerleft" flipped="False" hidden="False" data="J3" />
    </sympin>
    <sympin number="48" originx="1600" originy="-2000" rotation="0" length="100" width="7.8740157480315" flipped="False">
      <text name="pinname" originx="1570" originy="-2000" style="Default" rotation="0" justify="right" flipped="False" hidden="False" data="V_IO" />
      <text name="pindes" originx="1660" originy="-1980" style="Default" rotation="0" justify="lowerleft" flipped="False" hidden="False" data="J4" />
    </sympin>
    <sympin number="49" originx="1600" originy="-2100" rotation="0" length="100" width="7.8740157480315" flipped="False">
      <text name="pinname" originx="1570" originy="-2100" style="Default" rotation="0" justify="right" flipped="False" hidden="False" data="V_BCKP" />
      <text name="pindes" originx="1660" originy="-2080" style="Default" rotation="0" justify="lowerleft" flipped="False" hidden="False" data="J5" />
    </sympin>
    <sympin number="50" originx="1600" originy="-2200" rotation="0" length="100" width="7.8740157480315" flipped="False">
      <text name="pinname" originx="1570" originy="-2200" style="Default" rotation="0" justify="right" flipped="False" hidden="False" data="VIO_SEL" />
      <text name="pindes" originx="1660" originy="-2180" style="Default" rotation="0" justify="lowerleft" flipped="False" hidden="False" data="J6" />
    </sympin>
    <sympin number="51" originx="1600" originy="-2300" rotation="0" length="100" width="7.8740157480315" flipped="False">
      <text name="pinname" originx="1570" originy="-2300" style="Default" rotation="0" justify="right" flipped="False" hidden="False" data="RESERVED_13" />
      <text name="pindes" originx="1660" originy="-2280" style="Default" rotation="0" justify="lowerleft" flipped="False" hidden="False" data="J7" />
    </sympin>
    <sympin number="52" originx="1600" originy="-2400" rotation="0" length="100" width="7.8740157480315" flipped="False">
      <text name="pinname" originx="1570" originy="-2400" style="Default" rotation="0" justify="right" flipped="False" hidden="False" data="GND_21" />
      <text name="pindes" originx="1660" originy="-2380" style="Default" rotation="0" justify="lowerleft" flipped="False" hidden="False" data="J8" />
    </sympin>
    <sympin number="53" originx="1600" originy="-2500" rotation="0" length="100" width="7.8740157480315" flipped="False">
      <text name="pinname" originx="1570" originy="-2500" style="Default" rotation="0" justify="right" flipped="False" hidden="False" data="GND_22" />
      <text name="pindes" originx="1660" originy="-2480" style="Default" rotation="0" justify="lowerleft" flipped="False" hidden="False" data="J9" />
    </sympin>
  </symbol>
  <component name="MIA-M10Q-00B" designatorprefix="IC" height="41.141732283464" footprint="MIAM10Q00B">
    <comppin designator="A1" sympin="1" pinswap="0" gateswap="0" gate="1" group="1" side="" type="Any" name="GND_1" />
    <comppin designator="A2" sympin="2" pinswap="0" gateswap="0" gate="1" group="1" side="" type="Any" name="GND_2" />
    <comppin designator="A3" sympin="3" pinswap="0" gateswap="0" gate="1" group="1" side="" type="Any" name="GND_3" />
    <comppin designator="A4" sympin="4" pinswap="0" gateswap="0" gate="1" group="1" side="" type="Any" name="RTC_I" />
    <comppin designator="A5" sympin="5" pinswap="0" gateswap="0" gate="1" group="1" side="" type="Any" name="RTC_O" />
    <comppin designator="A6" sympin="6" pinswap="0" gateswap="0" gate="1" group="1" side="" type="Any" name="EXTINT" />
    <comppin designator="A7" sympin="7" pinswap="0" gateswap="0" gate="1" group="1" side="" type="Any" name="TIMEPULSE" />
    <comppin designator="A8" sympin="8" pinswap="0" gateswap="0" gate="1" group="1" side="" type="Any" name="GND_4" />
    <comppin designator="A9" sympin="9" pinswap="0" gateswap="0" gate="1" group="1" side="" type="Any" name="GND_5" />
    <comppin designator="B1" sympin="10" pinswap="0" gateswap="0" gate="1" group="1" side="" type="Any" name="VCC" />
    <comppin designator="B2" sympin="11" pinswap="0" gateswap="0" gate="1" group="1" side="" type="Any" name="GND_6" />
    <comppin designator="B8" sympin="12" pinswap="0" gateswap="0" gate="1" group="1" side="" type="Any" name="GND_7" />
    <comppin designator="B9" sympin="13" pinswap="0" gateswap="0" gate="1" group="1" side="" type="Any" name="RF_IN" />
    <comppin designator="C1" sympin="14" pinswap="0" gateswap="0" gate="1" group="1" side="" type="Any" name="RESERVED_1" />
    <comppin designator="C3" sympin="15" pinswap="0" gateswap="0" gate="1" group="1" side="" type="Any" name="GND_8" />
    <comppin designator="C4" sympin="16" pinswap="0" gateswap="0" gate="1" group="1" side="" type="Any" name="RESET_N" />
    <comppin designator="C5" sympin="17" pinswap="0" gateswap="0" gate="1" group="1" side="" type="Any" name="RESERVED_2" />
    <comppin designator="C6" sympin="18" pinswap="0" gateswap="0" gate="1" group="1" side="" type="Any" name="VCC_RF" />
    <comppin designator="C7" sympin="19" pinswap="0" gateswap="0" gate="1" group="1" side="" type="Any" name="SAFEBOOT_N" />
    <comppin designator="C9" sympin="20" pinswap="0" gateswap="0" gate="1" group="1" side="" type="Any" name="GND_9" />
    <comppin designator="D1" sympin="21" pinswap="0" gateswap="0" gate="1" group="1" side="" type="Any" name="SDA" />
    <comppin designator="D2" sympin="22" pinswap="0" gateswap="0" gate="1" group="1" side="" type="Any" name="RESERVED_3" />
    <comppin designator="D9" sympin="23" pinswap="0" gateswap="0" gate="1" group="1" side="" type="Any" name="RESERVED_4" />
    <comppin designator="E1" sympin="24" pinswap="0" gateswap="0" gate="1" group="1" side="" type="Any" name="SCL" />
    <comppin designator="E2" sympin="25" pinswap="0" gateswap="0" gate="1" group="1" side="" type="Any" name="RESERVED_5" />
    <comppin designator="E3" sympin="26" pinswap="0" gateswap="0" gate="1" group="1" side="" type="Any" name="GND_10" />
    <comppin designator="E4" sympin="27" pinswap="0" gateswap="0" gate="1" group="1" side="" type="Any" name="GND_11" />
    <comppin designator="E7" sympin="28" pinswap="0" gateswap="0" gate="1" group="1" side="" type="Any" name="RESERVED_6" />
    <comppin designator="E9" sympin="29" pinswap="0" gateswap="0" gate="1" group="1" side="" type="Any" name="GND_12" />
    <comppin designator="F1" sympin="30" pinswap="0" gateswap="0" gate="1" group="1" side="" type="Any" name="GND_13" />
    <comppin designator="F3" sympin="31" pinswap="0" gateswap="0" gate="1" group="1" side="" type="Any" name="GND_14" />
    <comppin designator="F4" sympin="32" pinswap="0" gateswap="0" gate="1" group="1" side="" type="Any" name="GND_15" />
    <comppin designator="F7" sympin="33" pinswap="0" gateswap="0" gate="1" group="1" side="" type="Any" name="PIO6" />
    <comppin designator="F9" sympin="34" pinswap="0" gateswap="0" gate="1" group="1" side="" type="Any" name="RESERVED_7" />
    <comppin designator="G1" sympin="35" pinswap="0" gateswap="0" gate="1" group="1" side="" type="Any" name="TX" />
    <comppin designator="G3" sympin="36" pinswap="0" gateswap="0" gate="1" group="1" side="" type="Any" name="GND_16" />
    <comppin designator="G4" sympin="37" pinswap="0" gateswap="0" gate="1" group="1" side="" type="Any" name="GND_17" />
    <comppin designator="G5" sympin="38" pinswap="0" gateswap="0" gate="1" group="1" side="" type="Any" name="GND_18" />
    <comppin designator="G6" sympin="39" pinswap="0" gateswap="0" gate="1" group="1" side="" type="Any" name="GND_19" />
    <comppin designator="G7" sympin="40" pinswap="0" gateswap="0" gate="1" group="1" side="" type="Any" name="RESERVED_8" />
    <comppin designator="G9" sympin="41" pinswap="0" gateswap="0" gate="1" group="1" side="" type="Any" name="RESERVED_9" />
    <comppin designator="H1" sympin="42" pinswap="0" gateswap="0" gate="1" group="1" side="" type="Any" name="RX" />
    <comppin designator="H8" sympin="43" pinswap="0" gateswap="0" gate="1" group="1" side="" type="Any" name="GND_20" />
    <comppin designator="H9" sympin="44" pinswap="0" gateswap="0" gate="1" group="1" side="" type="Any" name="LNA_EN" />
    <comppin designator="J1" sympin="45" pinswap="0" gateswap="0" gate="1" group="1" side="" type="Any" name="RESERVED_10" />
    <comppin designator="J2" sympin="46" pinswap="0" gateswap="0" gate="1" group="1" side="" type="Any" name="RESERVED_11" />
    <comppin designator="J3" sympin="47" pinswap="0" gateswap="0" gate="1" group="1" side="" type="Any" name="RESERVED_12" />
    <comppin designator="J4" sympin="48" pinswap="0" gateswap="0" gate="1" group="1" side="" type="Any" name="V_IO" />
    <comppin designator="J5" sympin="49" pinswap="0" gateswap="0" gate="1" group="1" side="" type="Any" name="V_BCKP" />
    <comppin designator="J6" sympin="50" pinswap="0" gateswap="0" gate="1" group="1" side="" type="Any" name="VIO_SEL" />
    <comppin designator="J7" sympin="51" pinswap="0" gateswap="0" gate="1" group="1" side="" type="Any" name="RESERVED_13" />
    <comppin designator="J8" sympin="52" pinswap="0" gateswap="0" gate="1" group="1" side="" type="Any" name="GND_21" />
    <comppin designator="J9" sympin="53" pinswap="0" gateswap="0" gate="1" group="1" side="" type="Any" name="GND_22" />
    <attached_symbol gate="1" name="MIA-M10Q-00B" />
    <pinmap designator="A1" footprintpin="1" />
    <pinmap designator="A2" footprintpin="2" />
    <pinmap designator="A3" footprintpin="3" />
    <pinmap designator="A4" footprintpin="4" />
    <pinmap designator="A5" footprintpin="5" />
    <pinmap designator="A6" footprintpin="6" />
    <pinmap designator="A7" footprintpin="7" />
    <pinmap designator="A8" footprintpin="8" />
    <pinmap designator="A9" footprintpin="9" />
    <pinmap designator="B1" footprintpin="10" />
    <pinmap designator="B2" footprintpin="11" />
    <pinmap designator="B8" footprintpin="12" />
    <pinmap designator="B9" footprintpin="13" />
    <pinmap designator="C1" footprintpin="14" />
    <pinmap designator="C3" footprintpin="15" />
    <pinmap designator="C4" footprintpin="16" />
    <pinmap designator="C5" footprintpin="17" />
    <pinmap designator="C6" footprintpin="18" />
    <pinmap designator="C7" footprintpin="19" />
    <pinmap designator="C9" footprintpin="20" />
    <pinmap designator="D1" footprintpin="21" />
    <pinmap designator="D2" footprintpin="22" />
    <pinmap designator="D9" footprintpin="23" />
    <pinmap designator="E1" footprintpin="24" />
    <pinmap designator="E2" footprintpin="25" />
    <pinmap designator="E3" footprintpin="26" />
    <pinmap designator="E4" footprintpin="27" />
    <pinmap designator="E7" footprintpin="28" />
    <pinmap designator="E9" footprintpin="29" />
    <pinmap designator="F1" footprintpin="30" />
    <pinmap designator="F3" footprintpin="31" />
    <pinmap designator="F4" footprintpin="32" />
    <pinmap designator="F7" footprintpin="33" />
    <pinmap designator="F9" footprintpin="34" />
    <pinmap designator="G1" footprintpin="35" />
    <pinmap designator="G3" footprintpin="36" />
    <pinmap designator="G4" footprintpin="37" />
    <pinmap designator="G5" footprintpin="38" />
    <pinmap designator="G6" footprintpin="39" />
    <pinmap designator="G7" footprintpin="40" />
    <pinmap designator="G9" footprintpin="41" />
    <pinmap designator="H1" footprintpin="42" />
    <pinmap designator="H8" footprintpin="43" />
    <pinmap designator="H9" footprintpin="44" />
    <pinmap designator="J1" footprintpin="45" />
    <pinmap designator="J2" footprintpin="46" />
    <pinmap designator="J3" footprintpin="47" />
    <pinmap designator="J4" footprintpin="48" />
    <pinmap designator="J5" footprintpin="49" />
    <pinmap designator="J6" footprintpin="50" />
    <pinmap designator="J7" footprintpin="51" />
    <pinmap designator="J8" footprintpin="52" />
    <pinmap designator="J9" footprintpin="53" />
    <text name="Datasheet" originx="0" originy="0" style="Default" rotation="0" justify="" flipped="False" hidden="True" data="https://content.u-blox.com/sites/default/files/documents/MIA-M10Q_DataSheet_UBX-22015849.pdf" />
    <text name="Description" originx="0" originy="0" style="Default" rotation="0" justify="" flipped="False" hidden="True" data="u-blox M10 GNSS System-in-Package ROM, TCXO, SAW, LNA, 1.8/3V 4.5 x 4.5 mm, S-LGA 53," />
    <text name="Mouser Part Number" originx="0" originy="0" style="Default" rotation="0" justify="" flipped="False" hidden="True" data="377-MIA-M10Q-00B" />
    <text name="Mouser Price/Stock" originx="0" originy="0" style="Default" rotation="0" justify="" flipped="False" hidden="True" data="https://www.mouser.co.uk/ProductDetail/u-blox/MIA-M10Q-00B?qs=4ASt3YYao0VBtAexfwtW5Q%3D%3D" />
    <text name="Manufacturer_Name" originx="0" originy="0" style="Default" rotation="0" justify="" flipped="False" hidden="True" data="u-blox" />
    <text name="Manufacturer_Part_Number" originx="1650" originy="200" style="Default" rotation="0" justify="left" flipped="False" hidden="False" data="MIA-M10Q-00B" />
  </component>
</quadcept_library>
