<?xml version="1.0" encoding="utf-8"?>
<!--/152/1318237/2.50/12/4/Connector/-->
<quadcept_library>
  <setting unit="mil" />
  <textstyle name="Default" height="47.244094488189" strokewidth="7.8740157480315" charwidth="47.244094488189" />
  <textstyle name="Dimension" height="19.6850393700787" strokewidth="0" charwidth="19.6850393700787" />
  <textstyle name="H127W0635TH00762" height="50" strokewidth="3" charwidth="25" />
  <textstyle name="H15W15TH02" height="59.0551181102362" strokewidth="7.8740157480315" charwidth="59.0551181102362" />
  <padstyle name="r125_60" surface="True" plated="False" isvia="False" nopaste="False" nomask="True" complex="False" holesize="0">
    <padshape layer="TOP" shape="rectangle" width="23.622047244094" height="49.212598425196" />
    <padshape layer="TOP_SOLDER_MASK" shape="rectangle" width="31.496062992126" height="57.086614173228" />
    <padshape layer="TOP_SOLDER_PASTE" shape="rectangle" width="23.622047244094" height="49.212598425196" />
  </padstyle>
  <padstyle name="r379_120" surface="True" plated="False" isvia="False" nopaste="False" nomask="True" complex="False" holesize="0">
    <padshape layer="TOP" shape="rectangle" width="47.244094488188" height="149.2125984252" />
    <padshape layer="TOP_SOLDER_MASK" shape="rectangle" width="55.11811023622" height="157.08661417323" />
    <padshape layer="TOP_SOLDER_PASTE" shape="rectangle" width="47.244094488188" height="149.2125984252" />
  </padstyle>
  <padstyle name="r145_140" surface="True" plated="False" isvia="False" nopaste="False" nomask="True" complex="False" holesize="0">
    <padshape layer="TOP" shape="rectangle" width="55.11811023622" height="57.086614173228" />
    <padshape layer="TOP_SOLDER_MASK" shape="rectangle" width="62.992125984251" height="64.960629921259" />
    <padshape layer="TOP_SOLDER_PASTE" shape="rectangle" width="55.11811023622" height="57.086614173228" />
  </padstyle>
  <padstyle name="r100_60" surface="True" plated="False" isvia="False" nopaste="False" nomask="True" complex="False" holesize="0">
    <padshape layer="TOP" shape="rectangle" width="23.622047244094" height="39.370078740157" />
    <padshape layer="TOP_SOLDER_MASK" shape="rectangle" width="31.496062992126" height="47.244094488188" />
    <padshape layer="TOP_SOLDER_PASTE" shape="rectangle" width="23.622047244094" height="39.370078740157" />
  </padstyle>
  <padstyle name="r95_85" surface="True" plated="False" isvia="False" nopaste="False" nomask="True" complex="False" holesize="0">
    <padshape layer="TOP" shape="rectangle" width="33.464566929133" height="37.401574803149" />
    <padshape layer="TOP_SOLDER_MASK" shape="rectangle" width="41.338582677165" height="45.275590551181" />
    <padshape layer="TOP_SOLDER_PASTE" shape="rectangle" width="33.464566929133" height="37.401574803149" />
  </padstyle>
  <footprint name="473092651" originx="0" originy="0" pickpointx="0" pickpointy="0">
    <pcbpin number="1" name="1" style="r125_60" originx="141.73228346457" originy="52.480314960629" rotation="0" />
    <pcbpin number="2" name="2" style="r125_60" originx="98.425196850392" originy="52.480314960629" rotation="0" />
    <pcbpin number="3" name="3" style="r125_60" originx="55.11811023622" originy="52.480314960629" rotation="0" />
    <pcbpin number="4" name="4" style="r125_60" originx="11.811023622047" originy="52.480314960629" rotation="0" />
    <pcbpin number="5" name="5" style="r125_60" originx="-31.496062992126" originy="52.480314960629" rotation="0" />
    <pcbpin number="6" name="6" style="r125_60" originx="-74.803149606298" originy="52.480314960629" rotation="0" />
    <pcbpin number="7" name="7" style="r125_60" originx="-118.11023622047" originy="52.480314960629" rotation="0" />
    <pcbpin number="8" name="8" style="r125_60" originx="-161.41732283464" originy="52.480314960629" rotation="0" />
    <pcbpin number="9" name="9" style="r379_120" originx="-206.69291338582" originy="-45.15748031496" rotation="0" />
    <pcbpin number="10" name="10" style="r145_140" originx="205.70866141732" originy="-15.433070866142" rotation="90" />
    <pcbpin number="11" name="11" style="r100_60" originx="214.56692913386" originy="-64.645669291338" rotation="90" />
    <pcbpin number="12" name="12" style="r95_85" originx="178.14960629921" originy="-103.03149606299" rotation="90" />
    <line layer="TOP_ASSEMBLY" originx="-234.25196850393" originy="104.64566929134" endx="214.56692913386" endy="104.64566929134" width="7.8740157480314" />
    <line layer="TOP_ASSEMBLY" originx="214.56692913386" originy="104.64566929134" endx="214.56692913386" endy="-111.88976377953" width="7.8740157480314" />
    <line layer="TOP_ASSEMBLY" originx="214.56692913386" originy="-111.88976377953" endx="-234.25196850393" endy="-111.88976377953" width="7.8740157480314" />
    <line layer="TOP_ASSEMBLY" originx="-234.25196850393" originy="-111.88976377953" endx="-234.25196850393" endy="104.64566929134" width="7.8740157480314" />
    <line layer="TOP_PLACE_BOUND" originx="-273.62204724409" originy="159.13385826771" endx="273.62204724409" endy="159.13385826771" width="3.9370078740157" />
    <line layer="TOP_PLACE_BOUND" originx="273.62204724409" originy="159.13385826771" endx="273.62204724409" endy="-159.13385826771" width="3.9370078740157" />
    <line layer="TOP_PLACE_BOUND" originx="273.62204724409" originy="-159.13385826771" endx="-273.62204724409" endy="-159.13385826771" width="3.9370078740157" />
    <line layer="TOP_PLACE_BOUND" originx="-273.62204724409" originy="-159.13385826771" endx="-273.62204724409" endy="159.13385826771" width="3.9370078740157" />
    <line layer="TOP_SILKSCREEN" originx="-234.25196850393" originy="104.64566929134" endx="214.56692913386" endy="104.64566929134" width="7.8740157480314" />
    <line layer="TOP_SILKSCREEN" originx="214.56692913386" originy="104.64566929134" endx="214.56692913386" endy="22.047244094488" width="7.8740157480314" />
    <line layer="TOP_SILKSCREEN" originx="-234.25196850393" originy="104.64566929134" endx="-234.25196850393" endy="41.692913385826" width="7.8740157480314" />
    <line layer="TOP_SILKSCREEN" originx="-171.25984251968" originy="-111.88976377953" endx="146.77165354331" endy="-111.88976377953" width="7.8740157480314" />
    <line layer="TOP_SILKSCREEN" originx="145.66929133858" originy="133.85826771653" endx="145.66929133858" endy="133.85826771653" width="7.8740157480314" />
    <arc layer="TOP_SILKSCREEN" originx="141.73228346457" originy="133.85826771653" startangle=".0" sweepangle="180.0" radius="3.9370078740157" width="7.8740157480314" />
    <line layer="TOP_SILKSCREEN" originx="137.79527559055" originy="133.85826771653" endx="137.79527559055" endy="133.85826771653" width="7.8740157480314" />
    <arc layer="TOP_SILKSCREEN" originx="141.73228346457" originy="133.85826771653" startangle="180.0" sweepangle="180.0" radius="3.9370078740157" width="7.8740157480314" />
  </footprint>
  <symbol name="47309-2651" originx="0" originy="0">
    <line originx="200" originy="100" endx="700" endy="100" width="0" />
    <line originx="700" originy="-600" endx="700" endy="100" width="0" />
    <line originx="700" originy="-600" endx="200" endy="-600" width="0" />
    <line originx="200" originy="100" endx="200" endy="-600" width="0" />
    <sympin number="1" originx="200" originy="0" rotation="180" length="100" width="7.8740157480315" flipped="False">
      <text name="pinname" originx="230" originy="0" style="Default" rotation="0" justify="left" flipped="False" hidden="False" data="1" />
      <text name="pindes" originx="140" originy="20" style="Default" rotation="0" justify="lowerright" flipped="False" hidden="False" data="1" />
    </sympin>
    <sympin number="2" originx="200" originy="-100" rotation="180" length="100" width="7.8740157480315" flipped="False">
      <text name="pinname" originx="230" originy="-100" style="Default" rotation="0" justify="left" flipped="False" hidden="False" data="2" />
      <text name="pindes" originx="140" originy="-80" style="Default" rotation="0" justify="lowerright" flipped="False" hidden="False" data="2" />
    </sympin>
    <sympin number="3" originx="200" originy="-200" rotation="180" length="100" width="7.8740157480315" flipped="False">
      <text name="pinname" originx="230" originy="-200" style="Default" rotation="0" justify="left" flipped="False" hidden="False" data="3" />
      <text name="pindes" originx="140" originy="-180" style="Default" rotation="0" justify="lowerright" flipped="False" hidden="False" data="3" />
    </sympin>
    <sympin number="4" originx="200" originy="-300" rotation="180" length="100" width="7.8740157480315" flipped="False">
      <text name="pinname" originx="230" originy="-300" style="Default" rotation="0" justify="left" flipped="False" hidden="False" data="4" />
      <text name="pindes" originx="140" originy="-280" style="Default" rotation="0" justify="lowerright" flipped="False" hidden="False" data="4" />
    </sympin>
    <sympin number="5" originx="200" originy="-400" rotation="180" length="100" width="7.8740157480315" flipped="False">
      <text name="pinname" originx="230" originy="-400" style="Default" rotation="0" justify="left" flipped="False" hidden="False" data="5" />
      <text name="pindes" originx="140" originy="-380" style="Default" rotation="0" justify="lowerright" flipped="False" hidden="False" data="5" />
    </sympin>
    <sympin number="6" originx="200" originy="-500" rotation="180" length="100" width="7.8740157480315" flipped="False">
      <text name="pinname" originx="230" originy="-500" style="Default" rotation="0" justify="left" flipped="False" hidden="False" data="6" />
      <text name="pindes" originx="140" originy="-480" style="Default" rotation="0" justify="lowerright" flipped="False" hidden="False" data="6" />
    </sympin>
    <sympin number="7" originx="700" originy="0" rotation="0" length="100" width="7.8740157480315" flipped="False">
      <text name="pinname" originx="670" originy="0" style="Default" rotation="0" justify="right" flipped="False" hidden="False" data="7" />
      <text name="pindes" originx="760" originy="20" style="Default" rotation="0" justify="lowerleft" flipped="False" hidden="False" data="7" />
    </sympin>
    <sympin number="8" originx="700" originy="-100" rotation="0" length="100" width="7.8740157480315" flipped="False">
      <text name="pinname" originx="670" originy="-100" style="Default" rotation="0" justify="right" flipped="False" hidden="False" data="8" />
      <text name="pindes" originx="760" originy="-80" style="Default" rotation="0" justify="lowerleft" flipped="False" hidden="False" data="8" />
    </sympin>
    <sympin number="9" originx="700" originy="-200" rotation="0" length="100" width="7.8740157480315" flipped="False">
      <text name="pinname" originx="670" originy="-200" style="Default" rotation="0" justify="right" flipped="False" hidden="False" data="G1" />
      <text name="pindes" originx="760" originy="-180" style="Default" rotation="0" justify="lowerleft" flipped="False" hidden="False" data="9" />
    </sympin>
    <sympin number="10" originx="700" originy="-300" rotation="0" length="100" width="7.8740157480315" flipped="False">
      <text name="pinname" originx="670" originy="-300" style="Default" rotation="0" justify="right" flipped="False" hidden="False" data="G2" />
      <text name="pindes" originx="760" originy="-280" style="Default" rotation="0" justify="lowerleft" flipped="False" hidden="False" data="10" />
    </sympin>
    <sympin number="11" originx="700" originy="-400" rotation="0" length="100" width="7.8740157480315" flipped="False">
      <text name="pinname" originx="670" originy="-400" style="Default" rotation="0" justify="right" flipped="False" hidden="False" data="G3" />
      <text name="pindes" originx="760" originy="-380" style="Default" rotation="0" justify="lowerleft" flipped="False" hidden="False" data="11" />
    </sympin>
    <sympin number="12" originx="700" originy="-500" rotation="0" length="100" width="7.8740157480315" flipped="False">
      <text name="pinname" originx="670" originy="-500" style="Default" rotation="0" justify="right" flipped="False" hidden="False" data="G4" />
      <text name="pindes" originx="760" originy="-480" style="Default" rotation="0" justify="lowerleft" flipped="False" hidden="False" data="12" />
    </sympin>
  </symbol>
  <component name="47309-2651" designatorprefix="J" height="104.33070866142" footprint="473092651">
    <comppin designator="1" sympin="1" pinswap="0" gateswap="0" gate="1" group="1" side="" type="Any" name="1" />
    <comppin designator="2" sympin="2" pinswap="0" gateswap="0" gate="1" group="1" side="" type="Any" name="2" />
    <comppin designator="3" sympin="3" pinswap="0" gateswap="0" gate="1" group="1" side="" type="Any" name="3" />
    <comppin designator="4" sympin="4" pinswap="0" gateswap="0" gate="1" group="1" side="" type="Any" name="4" />
    <comppin designator="5" sympin="5" pinswap="0" gateswap="0" gate="1" group="1" side="" type="Any" name="5" />
    <comppin designator="6" sympin="6" pinswap="0" gateswap="0" gate="1" group="1" side="" type="Any" name="6" />
    <comppin designator="7" sympin="7" pinswap="0" gateswap="0" gate="1" group="1" side="" type="Any" name="7" />
    <comppin designator="8" sympin="8" pinswap="0" gateswap="0" gate="1" group="1" side="" type="Any" name="8" />
    <comppin designator="9" sympin="9" pinswap="0" gateswap="0" gate="1" group="1" side="" type="Any" name="G1" />
    <comppin designator="10" sympin="10" pinswap="0" gateswap="0" gate="1" group="1" side="" type="Any" name="G2" />
    <comppin designator="11" sympin="11" pinswap="0" gateswap="0" gate="1" group="1" side="" type="Any" name="G3" />
    <comppin designator="12" sympin="12" pinswap="0" gateswap="0" gate="1" group="1" side="" type="Any" name="G4" />
    <attached_symbol gate="1" name="47309-2651" />
    <pinmap designator="1" footprintpin="1" />
    <pinmap designator="2" footprintpin="2" />
    <pinmap designator="3" footprintpin="3" />
    <pinmap designator="4" footprintpin="4" />
    <pinmap designator="5" footprintpin="5" />
    <pinmap designator="6" footprintpin="6" />
    <pinmap designator="7" footprintpin="7" />
    <pinmap designator="8" footprintpin="8" />
    <pinmap designator="9" footprintpin="9" />
    <pinmap designator="10" footprintpin="10" />
    <pinmap designator="11" footprintpin="11" />
    <pinmap designator="12" footprintpin="12" />
    <text name="Datasheet" originx="0" originy="0" style="Default" rotation="0" justify="" flipped="False" hidden="True" data="http://www.molex.com/webdocs/datasheets/pdf/en-us//0473092651_MEMORY_CARD_SOCKET.pdf" />
    <text name="Description" originx="0" originy="0" style="Default" rotation="0" justify="" flipped="False" hidden="True" data="1 Micro SD Detect switch 2.65mm height" />
    <text name="Manufacturer_Name" originx="0" originy="0" style="Default" rotation="0" justify="" flipped="False" hidden="True" data="Molex" />
    <text name="Manufacturer_Part_Number" originx="750" originy="200" style="Default" rotation="0" justify="left" flipped="False" hidden="False" data="47309-2651" />
    <text name="Mouser Part Number" originx="0" originy="0" style="Default" rotation="0" justify="" flipped="False" hidden="True" data="538-47309-2651" />
    <text name="Mouser Price/Stock" originx="0" originy="0" style="Default" rotation="0" justify="" flipped="False" hidden="True" data="https://www.mouser.co.uk/ProductDetail/Molex/47309-2651?qs=%252Bi0aAQIdfgCnu2Vhp4wRvw%3D%3D" />
    <text name="Arrow Part Number" originx="0" originy="0" style="Default" rotation="0" justify="" flipped="False" hidden="True" data="" />
    <text name="Arrow Price/Stock" originx="0" originy="0" style="Default" rotation="0" justify="" flipped="False" hidden="True" data="" />
  </component>
</quadcept_library>
