<?xml version="1.0" encoding="utf-8"?>
<!--/282914/1318237/2.50/10/3/Connector/-->
<quadcept_library>
  <setting unit="mil" />
  <textstyle name="Default" height="47.244094488189" strokewidth="7.8740157480315" charwidth="47.244094488189" />
  <textstyle name="Dimension" height="19.6850393700787" strokewidth="0" charwidth="19.6850393700787" />
  <textstyle name="H127W0635TH00762" height="50" strokewidth="3" charwidth="25" />
  <textstyle name="H15W15TH02" height="59.0551181102362" strokewidth="7.8740157480315" charwidth="59.0551181102362" />
  <padstyle name="r155_60" surface="True" plated="False" isvia="False" nopaste="False" nomask="True" complex="False" holesize="0">
    <padshape layer="TOP" shape="rectangle" width="23.622047244094" height="61.023622047243" />
    <padshape layer="TOP_SOLDER_MASK" shape="rectangle" width="31.496062992126" height="68.897637795275" />
    <padshape layer="TOP_SOLDER_PASTE" shape="rectangle" width="23.622047244094" height="61.023622047243" />
  </padstyle>
  <padstyle name="r180_120" surface="True" plated="False" isvia="False" nopaste="False" nomask="True" complex="False" holesize="0">
    <padshape layer="TOP" shape="rectangle" width="47.244094488188" height="70.866141732283" />
    <padshape layer="TOP_SOLDER_MASK" shape="rectangle" width="55.11811023622" height="78.740157480314" />
    <padshape layer="TOP_SOLDER_PASTE" shape="rectangle" width="47.244094488188" height="70.866141732283" />
  </padstyle>
  <footprint name="SM10B-SRSS-TB" originx="0" originy="0" pickpointx="0" pickpointy="0">
    <pcbpin number="1" name="1" style="r155_60" originx="59.055118110235" originy="13.464566929134" rotation="0" />
    <pcbpin number="2" name="2" style="r155_60" originx="98.425196850392" originy="13.464566929134" rotation="0" />
    <pcbpin number="3" name="3" style="r155_60" originx="137.79527559055" originy="13.464566929134" rotation="0" />
    <pcbpin number="4" name="4" style="r155_60" originx="177.16535433071" originy="13.464566929134" rotation="0" />
    <pcbpin number="5" name="5" style="r155_60" originx="216.53543307086" originy="13.464566929134" rotation="0" />
    <pcbpin number="6" name="6" style="r155_60" originx="255.90551181102" originy="13.464566929134" rotation="0" />
    <pcbpin number="7" name="7" style="r155_60" originx="295.27559055118" originy="13.464566929134" rotation="0" />
    <pcbpin number="8" name="8" style="r155_60" originx="334.64566929133" originy="13.464566929134" rotation="0" />
    <pcbpin number="9" name="9" style="r155_60" originx="374.01574803149" originy="13.464566929134" rotation="0" />
    <pcbpin number="10" name="10" style="r155_60" originx="413.38582677165" originy="13.464566929134" rotation="0" />
    <pcbpin number="11" name="11" style="r180_120" originx="7.8740157480314" originy="-139.09448818897" rotation="0" />
    <pcbpin number="12" name="12" style="r180_120" originx="464.56692913385" originy="-139.09448818897" rotation="0" />
    <line layer="TOP_ASSEMBLY" originx="0" originy="0" endx="472.44094488188" endy="0" width="9.9999999999999" />
    <line layer="TOP_ASSEMBLY" originx="472.44094488188" originy="0" endx="472.44094488188" endy="-167.32283464567" width="9.9999999999999" />
    <line layer="TOP_ASSEMBLY" originx="472.44094488188" originy="-167.32283464567" endx="0" endy="-167.32283464567" width="9.9999999999999" />
    <line layer="TOP_ASSEMBLY" originx="0" originy="-167.32283464567" endx="0" endy="0" width="9.9999999999999" />
    <line layer="TOP_SILKSCREEN" originx="236.22047244094" originy="-167.32283464567" endx="40.314960629921" endy="-167.32283464567" width="9.9999999999999" />
    <line layer="TOP_SILKSCREEN" originx="236.22047244094" originy="-167.32283464567" endx="432.79527559055" endy="-167.32283464567" width="9.9999999999999" />
    <line layer="TOP_SILKSCREEN" originx="0" originy="0" endx="0" endy="-95.3937007874" width="9.9999999999999" />
    <line layer="TOP_SILKSCREEN" originx="472.44094488188" originy="0" endx="472.44094488188" endy="-95.3937007874" width="9.9999999999999" />
    <line layer="TOP_SILKSCREEN" originx="472.44094488188" originy="0" endx="433.93700787401" endy="0" width="9.9999999999999" />
    <line layer="TOP_SILKSCREEN" originx="0" originy="0" endx="38.661417322834" endy="0" width="9.9999999999999" />
    <arc layer="TOP_SILKSCREEN" originx="16.338582677165" originy="52.322834645669" startangle="180" sweepangle="180" radius="3.1460629921259" width="9.9999999999999" />
    <arc layer="TOP_SILKSCREEN" originx="16.338582677165" originy="52.322834645669" startangle="180" sweepangle="-180" radius="3.1460629921259" width="9.9999999999999" />
  </footprint>
  <symbol name="SM10B-SRSS-TB_LF__SN_" originx="0" originy="0">
    <line originx="200" originy="100" endx="700" endy="100" width="0" />
    <line originx="700" originy="-500" endx="700" endy="100" width="0" />
    <line originx="700" originy="-500" endx="200" endy="-500" width="0" />
    <line originx="200" originy="100" endx="200" endy="-500" width="0" />
    <sympin number="1" originx="200" originy="0" rotation="180" length="100" width="7.8740157480315" flipped="False">
      <text name="pinname" originx="230" originy="0" style="Default" rotation="0" justify="left" flipped="False" hidden="False" data="1" />
      <text name="pindes" originx="140" originy="20" style="Default" rotation="0" justify="lowerright" flipped="False" hidden="False" data="1" />
    </sympin>
    <sympin number="2" originx="200" originy="-100" rotation="180" length="100" width="7.8740157480315" flipped="False">
      <text name="pinname" originx="230" originy="-100" style="Default" rotation="0" justify="left" flipped="False" hidden="False" data="2" />
      <text name="pindes" originx="140" originy="-80" style="Default" rotation="0" justify="lowerright" flipped="False" hidden="False" data="2" />
    </sympin>
    <sympin number="3" originx="200" originy="-200" rotation="180" length="100" width="7.8740157480315" flipped="False">
      <text name="pinname" originx="230" originy="-200" style="Default" rotation="0" justify="left" flipped="False" hidden="False" data="3" />
      <text name="pindes" originx="140" originy="-180" style="Default" rotation="0" justify="lowerright" flipped="False" hidden="False" data="3" />
    </sympin>
    <sympin number="4" originx="200" originy="-300" rotation="180" length="100" width="7.8740157480315" flipped="False">
      <text name="pinname" originx="230" originy="-300" style="Default" rotation="0" justify="left" flipped="False" hidden="False" data="4" />
      <text name="pindes" originx="140" originy="-280" style="Default" rotation="0" justify="lowerright" flipped="False" hidden="False" data="4" />
    </sympin>
    <sympin number="5" originx="200" originy="-400" rotation="180" length="100" width="7.8740157480315" flipped="False">
      <text name="pinname" originx="230" originy="-400" style="Default" rotation="0" justify="left" flipped="False" hidden="False" data="5" />
      <text name="pindes" originx="140" originy="-380" style="Default" rotation="0" justify="lowerright" flipped="False" hidden="False" data="5" />
    </sympin>
    <sympin number="6" originx="700" originy="0" rotation="0" length="100" width="7.8740157480315" flipped="False">
      <text name="pinname" originx="670" originy="0" style="Default" rotation="0" justify="right" flipped="False" hidden="False" data="6" />
      <text name="pindes" originx="760" originy="20" style="Default" rotation="0" justify="lowerleft" flipped="False" hidden="False" data="6" />
    </sympin>
    <sympin number="7" originx="700" originy="-100" rotation="0" length="100" width="7.8740157480315" flipped="False">
      <text name="pinname" originx="670" originy="-100" style="Default" rotation="0" justify="right" flipped="False" hidden="False" data="7" />
      <text name="pindes" originx="760" originy="-80" style="Default" rotation="0" justify="lowerleft" flipped="False" hidden="False" data="7" />
    </sympin>
    <sympin number="8" originx="700" originy="-200" rotation="0" length="100" width="7.8740157480315" flipped="False">
      <text name="pinname" originx="670" originy="-200" style="Default" rotation="0" justify="right" flipped="False" hidden="False" data="8" />
      <text name="pindes" originx="760" originy="-180" style="Default" rotation="0" justify="lowerleft" flipped="False" hidden="False" data="8" />
    </sympin>
    <sympin number="9" originx="700" originy="-300" rotation="0" length="100" width="7.8740157480315" flipped="False">
      <text name="pinname" originx="670" originy="-300" style="Default" rotation="0" justify="right" flipped="False" hidden="False" data="9" />
      <text name="pindes" originx="760" originy="-280" style="Default" rotation="0" justify="lowerleft" flipped="False" hidden="False" data="9" />
    </sympin>
    <sympin number="10" originx="700" originy="-400" rotation="0" length="100" width="7.8740157480315" flipped="False">
      <text name="pinname" originx="670" originy="-400" style="Default" rotation="0" justify="right" flipped="False" hidden="False" data="10" />
      <text name="pindes" originx="760" originy="-380" style="Default" rotation="0" justify="lowerleft" flipped="False" hidden="False" data="10" />
    </sympin>
  </symbol>
  <component name="SM10B-SRSS-TB_LF__SN_" designatorprefix="J" height="0" footprint="SM10B-SRSS-TB">
    <comppin designator="1" sympin="1" pinswap="0" gateswap="0" gate="1" group="1" side="" type="Any" name="1" />
    <comppin designator="2" sympin="2" pinswap="0" gateswap="0" gate="1" group="1" side="" type="Any" name="2" />
    <comppin designator="3" sympin="3" pinswap="0" gateswap="0" gate="1" group="1" side="" type="Any" name="3" />
    <comppin designator="4" sympin="4" pinswap="0" gateswap="0" gate="1" group="1" side="" type="Any" name="4" />
    <comppin designator="5" sympin="5" pinswap="0" gateswap="0" gate="1" group="1" side="" type="Any" name="5" />
    <comppin designator="6" sympin="6" pinswap="0" gateswap="0" gate="1" group="1" side="" type="Any" name="6" />
    <comppin designator="7" sympin="7" pinswap="0" gateswap="0" gate="1" group="1" side="" type="Any" name="7" />
    <comppin designator="8" sympin="8" pinswap="0" gateswap="0" gate="1" group="1" side="" type="Any" name="8" />
    <comppin designator="9" sympin="9" pinswap="0" gateswap="0" gate="1" group="1" side="" type="Any" name="9" />
    <comppin designator="10" sympin="10" pinswap="0" gateswap="0" gate="1" group="1" side="" type="Any" name="10" />
    <attached_symbol gate="1" name="SM10B-SRSS-TB_LF__SN_" />
    <pinmap designator="1" footprintpin="1" />
    <pinmap designator="2" footprintpin="2" />
    <pinmap designator="3" footprintpin="3" />
    <pinmap designator="4" footprintpin="4" />
    <pinmap designator="5" footprintpin="5" />
    <pinmap designator="6" footprintpin="6" />
    <pinmap designator="7" footprintpin="7" />
    <pinmap designator="8" footprintpin="8" />
    <pinmap designator="9" footprintpin="9" />
    <pinmap designator="10" footprintpin="10" />
    <text name="Datasheet" originx="0" originy="0" style="Default" rotation="0" justify="" flipped="False" hidden="True" data="http://www.jst-mfg.com/product/pdf/eng/eSR.pdf" />
    <text name="Description" originx="0" originy="0" style="Default" rotation="0" justify="" flipped="False" hidden="True" data="JST (JAPAN SOLDERLESS TERMINALS) - SM10B-SRSS-TB(LF)(SN) - HEADER, R/A, 10WAY" />
    <text name="Manufacturer_Name" originx="0" originy="0" style="Default" rotation="0" justify="" flipped="False" hidden="True" data="JST (JAPAN SOLDERLESS TERMINALS)" />
    <text name="Manufacturer_Part_Number" originx="750" originy="200" style="Default" rotation="0" justify="left" flipped="False" hidden="False" data="SM10B-SRSS-TB(LF)(SN)" />
    <text name="Mouser Part Number" originx="0" originy="0" style="Default" rotation="0" justify="" flipped="False" hidden="True" data="306-SM10BSRSSTBLFSN" />
    <text name="Mouser Price/Stock" originx="0" originy="0" style="Default" rotation="0" justify="" flipped="False" hidden="True" data="https://www.mouser.co.uk/ProductDetail/JST-Commercial/SM10B-SRSS-TBLFSN?qs=QpmGXVUTftHkZAI%2F8hE40w%3D%3D" />
    <text name="Arrow Part Number" originx="0" originy="0" style="Default" rotation="0" justify="" flipped="False" hidden="True" data="SM10B-SRSS-TB(LF)(SN)" />
    <text name="Arrow Price/Stock" originx="0" originy="0" style="Default" rotation="0" justify="" flipped="False" hidden="True" data="https://www.arrow.com/en/products/sm10b-srss-tb-lf-sn/jst-manufacturing?utm_currency=USD&amp;region=europe" />
  </component>
</quadcept_library>
