<?xml version="1.0" encoding="utf-8"?>
<!--/2384973/1318237/2.50/2/2/Inductor/-->
<quadcept_library>
  <setting unit="mil" />
  <textstyle name="Default" height="47.244094488189" strokewidth="7.8740157480315" charwidth="47.244094488189" />
  <textstyle name="Dimension" height="19.6850393700787" strokewidth="0" charwidth="19.6850393700787" />
  <textstyle name="H127W0635TH00762" height="50" strokewidth="3" charwidth="25" />
  <textstyle name="H15W15TH02" height="59.0551181102362" strokewidth="7.8740157480315" charwidth="59.0551181102362" />
  <padstyle name="r530_220" surface="True" plated="False" isvia="False" nopaste="False" nomask="True" complex="False" holesize="0">
    <padshape layer="TOP" shape="rectangle" width="86.614173228345" height="208.66141732283" />
    <padshape layer="TOP_SOLDER_MASK" shape="rectangle" width="94.488188976377" height="216.53543307086" />
    <padshape layer="TOP_SOLDER_PASTE" shape="rectangle" width="86.614173228345" height="208.66141732283" />
  </padstyle>
  <footprint name="INDPM8680X400N" originx="0" originy="0" pickpointx="0" pickpointy="0">
    <pcbpin number="1" name="1" style="r530_220" originx="-151.5748031496" originy="0" rotation="0" />
    <pcbpin number="2" name="2" style="r530_220" originx="151.5748031496" originy="0" rotation="0" />
    <line layer="TOP_PLACE_BOUND" originx="-204.72440944882" originy="171.25984251968" endx="204.72440944882" endy="171.25984251968" width="1.9685039370079" />
    <line layer="TOP_PLACE_BOUND" originx="204.72440944882" originy="171.25984251968" endx="204.72440944882" endy="-171.25984251968" width="1.9685039370079" />
    <line layer="TOP_PLACE_BOUND" originx="204.72440944882" originy="-171.25984251968" endx="-204.72440944882" endy="-171.25984251968" width="1.9685039370079" />
    <line layer="TOP_PLACE_BOUND" originx="-204.72440944882" originy="-171.25984251968" endx="-204.72440944882" endy="171.25984251968" width="1.9685039370079" />
    <line layer="TOP_ASSEMBLY" originx="-170.27559055118" originy="157.48031496063" endx="170.27559055118" endy="157.48031496063" width="3.9370078740157" />
    <line layer="TOP_ASSEMBLY" originx="170.27559055118" originy="157.48031496063" endx="170.27559055118" endy="-157.48031496063" width="3.9370078740157" />
    <line layer="TOP_ASSEMBLY" originx="170.27559055118" originy="-157.48031496063" endx="-170.27559055118" endy="-157.48031496063" width="3.9370078740157" />
    <line layer="TOP_ASSEMBLY" originx="-170.27559055118" originy="-157.48031496063" endx="-170.27559055118" endy="157.48031496063" width="3.9370078740157" />
    <line layer="TOP_SILKSCREEN" originx="170.27559055118" originy="157.48031496063" endx="-170.27559055118" endy="157.48031496063" width="7.8740157480314" />
    <line layer="TOP_SILKSCREEN" originx="-170.27559055118" originy="-157.48031496063" endx="170.27559055118" endy="-157.48031496063" width="7.8740157480314" />
  </footprint>
  <symbol name="MPX1D0840L470" originx="0" originy="0">
    <arc originx="250" originy="-2" startangle="177.7" sweepangle="-175.4" radius="50" width="0" />
    <arc originx="350" originy="-2" startangle="177.7" sweepangle="-175.4" radius="50" width="0" />
    <arc originx="450" originy="-2" startangle="177.7" sweepangle="-175.4" radius="50" width="0" />
    <arc originx="550" originy="-2" startangle="177.7" sweepangle="-175.4" radius="50" width="0" />
    <sympin number="1" originx="200" originy="0" rotation="180" length="100" width="7.8740157480315" flipped="False">
      <text name="pinname" originx="0" originy="-10" style="Default" rotation="0" justify="upperleft" flipped="False" hidden="True" data="1" />
      <text name="pindes" originx="0" originy="10" style="Default" rotation="0" justify="lowerleft" flipped="False" hidden="False" data="1" />
    </sympin>
    <sympin number="2" originx="600" originy="0" rotation="0" length="100" width="7.8740157480315" flipped="False">
      <text name="pinname" originx="800" originy="-10" style="Default" rotation="0" justify="upperright" flipped="False" hidden="True" data="2" />
      <text name="pindes" originx="800" originy="10" style="Default" rotation="0" justify="lowerright" flipped="False" hidden="False" data="2" />
    </sympin>
  </symbol>
  <component name="MPX1D0840L470" designatorprefix="L" height="157.48031496063" footprint="INDPM8680X400N">
    <comppin designator="1" sympin="1" pinswap="0" gateswap="0" gate="1" group="1" side="" type="Any" name="1" />
    <comppin designator="2" sympin="2" pinswap="0" gateswap="0" gate="1" group="1" side="" type="Any" name="2" />
    <attached_symbol gate="1" name="MPX1D0840L470" />
    <pinmap designator="1" footprintpin="1" />
    <pinmap designator="2" footprintpin="2" />
    <text name="Datasheet" originx="0" originy="0" style="Default" rotation="0" justify="" flipped="False" hidden="True" data="https://content.kemet.com/datasheets/KEM_L9012_MPX.pdf" />
    <text name="Description" originx="0" originy="0" style="Default" rotation="0" justify="" flipped="False" hidden="True" data="KEMET, MPX, Power, 47 uH, 20%, 155C, -55C, 0840(3431), 2.8 A, 226.7 mOhms, 5.7 MHz, 1000, 8.65mm, 8.9mm, 8mm, 8.2mm, 4mm, 4mm" />
    <text name="Manufacturer_Name" originx="0" originy="0" style="Default" rotation="0" justify="" flipped="False" hidden="True" data="KEMET" />
    <text name="Manufacturer_Part_Number" originx="650" originy="150" style="Default" rotation="0" justify="left" flipped="False" hidden="False" data="MPX1D0840L470" />
    <text name="Mouser Part Number" originx="0" originy="0" style="Default" rotation="0" justify="" flipped="False" hidden="True" data="80-MPX1D0840L470" />
    <text name="Mouser Price/Stock" originx="0" originy="0" style="Default" rotation="0" justify="" flipped="False" hidden="True" data="https://www.mouser.co.uk/ProductDetail/KEMET/MPX1D0840L470?qs=vLWxofP3U2wXotcsCgdEng%3D%3D" />
    <text name="Arrow Part Number" originx="0" originy="0" style="Default" rotation="0" justify="" flipped="False" hidden="True" data="" />
    <text name="Arrow Price/Stock" originx="0" originy="0" style="Default" rotation="0" justify="" flipped="False" hidden="True" data="" />
  </component>
</quadcept_library>
