<?xml version="1.0" encoding="utf-8"?>
<!--/14947759/1318237/2.50/11/3/MOSFET (N-Channel)/-->
<quadcept_library>
  <setting unit="mil" />
  <textstyle name="Default" height="47.244094488189" strokewidth="7.8740157480315" charwidth="47.244094488189" />
  <textstyle name="Dimension" height="19.6850393700787" strokewidth="0" charwidth="19.6850393700787" />
  <textstyle name="H127W0635TH00762" height="50" strokewidth="3" charwidth="25" />
  <textstyle name="H15W15TH02" height="59.0551181102362" strokewidth="7.8740157480315" charwidth="59.0551181102362" />
  <padstyle name="r99_40.5" surface="True" plated="False" isvia="False" nopaste="False" nomask="True" complex="False" holesize="0">
    <padshape layer="TOP" shape="rectangle" width="15.944881889764" height="38.976377952755" />
    <padshape layer="TOP_SOLDER_MASK" shape="rectangle" width="23.818897637795" height="46.850393700787" />
    <padshape layer="TOP_SOLDER_PASTE" shape="rectangle" width="15.944881889764" height="38.976377952755" />
  </padstyle>
  <padstyle name="r51_40.5" surface="True" plated="False" isvia="False" nopaste="False" nomask="True" complex="False" holesize="0">
    <padshape layer="TOP" shape="rectangle" width="15.944881889764" height="20.07874015748" />
    <padshape layer="TOP_SOLDER_MASK" shape="rectangle" width="23.818897637795" height="27.952755905511" />
    <padshape layer="TOP_SOLDER_PASTE" shape="rectangle" width="15.944881889764" height="20.07874015748" />
  </padstyle>
  <padstyle name="r223.5_172.5" surface="True" plated="False" isvia="False" nopaste="False" nomask="True" complex="False" holesize="0">
    <padshape layer="TOP" shape="rectangle" width="67.913385826771" height="87.992125984251" />
    <padshape layer="TOP_SOLDER_MASK" shape="rectangle" width="75.787401574802" height="95.866141732282" />
    <padshape layer="TOP_SOLDER_PASTE" shape="rectangle" width="67.913385826771" height="87.992125984251" />
  </padstyle>
  <padstyle name="r25_7.7" surface="True" plated="False" isvia="False" nopaste="False" nomask="True" complex="False" holesize="0">
    <padshape layer="TOP" shape="rectangle" width="3.0314960629921" height="9.8425196850392" />
    <padshape layer="TOP_SOLDER_MASK" shape="rectangle" width="10.905511811023" height="17.716535433071" />
    <padshape layer="TOP_SOLDER_PASTE" shape="rectangle" width="3.0314960629921" height="9.8425196850392" />
  </padstyle>
  <footprint name="SQS401ENT1_BE3" originx="0" originy="0" pickpointx="0" pickpointy="0">
    <pcbpin number="1" name="1" style="r99_40.5" originx="-56.496062992125" originy="38.976377952755" rotation="90" />
    <pcbpin number="2" name="2" style="r99_40.5" originx="-56.496062992125" originy="12.992125984252" rotation="90" />
    <pcbpin number="3" name="3" style="r99_40.5" originx="-56.496062992125" originy="-12.992125984252" rotation="90" />
    <pcbpin number="4" name="4" style="r99_40.5" originx="-56.496062992125" originy="-38.976377952755" rotation="90" />
    <pcbpin number="5" name="5" style="r51_40.5" originx="65.944881889763" originy="-38.976377952755" rotation="90" />
    <pcbpin number="6" name="6" style="r51_40.5" originx="65.944881889763" originy="-12.992125984252" rotation="90" />
    <pcbpin number="7" name="7" style="r51_40.5" originx="65.944881889763" originy="12.992125984252" rotation="90" />
    <pcbpin number="8" name="8" style="r51_40.5" originx="65.944881889763" originy="38.976377952755" rotation="90" />
    <pcbpin number="9" name="9" style="r223.5_172.5" originx="21.929133858267" originy="0" rotation="0" />
    <pcbpin number="10" name="10" style="r25_7.7" originx="50.984251968503" originy="-45.511811023621" rotation="90" />
    <pcbpin number="11" name="11" style="r25_7.7" originx="50.984251968503" originy="45.511811023621" rotation="90" />
    <line layer="TOP_ASSEMBLY" originx="-60.039370078739" originy="60.039370078739" endx="60.039370078739" endy="60.039370078739" width="3.9370078740157" />
    <line layer="TOP_ASSEMBLY" originx="60.039370078739" originy="60.039370078739" endx="60.039370078739" endy="-60.039370078739" width="3.9370078740157" />
    <line layer="TOP_ASSEMBLY" originx="60.039370078739" originy="-60.039370078739" endx="-60.039370078739" endy="-60.039370078739" width="3.9370078740157" />
    <line layer="TOP_ASSEMBLY" originx="-60.039370078739" originy="-60.039370078739" endx="-60.039370078739" endy="60.039370078739" width="3.9370078740157" />
    <line layer="TOP_PLACE_BOUND" originx="-115.35433070866" originy="99.409448818896" endx="115.35433070866" endy="99.409448818896" width="3.9370078740157" />
    <line layer="TOP_PLACE_BOUND" originx="115.35433070866" originy="99.409448818896" endx="115.35433070866" endy="-99.409448818896" width="3.9370078740157" />
    <line layer="TOP_PLACE_BOUND" originx="115.35433070866" originy="-99.409448818896" endx="-115.35433070866" endy="-99.409448818896" width="3.9370078740157" />
    <line layer="TOP_PLACE_BOUND" originx="-115.35433070866" originy="-99.409448818896" endx="-115.35433070866" endy="99.409448818896" width="3.9370078740157" />
    <line layer="TOP_SILKSCREEN" originx="-60.039370078739" originy="60.039370078739" endx="60.039370078739" endy="60.039370078739" width="7.8740157480314" />
    <line layer="TOP_SILKSCREEN" originx="-60.039370078739" originy="-60.039370078739" endx="60.039370078739" endy="-60.039370078739" width="7.8740157480314" />
    <line layer="TOP_SILKSCREEN" originx="-98.425196850392" originy="38.976377952755" endx="-98.425196850392" endy="38.976377952755" width="3.9370078740157" />
    <arc layer="TOP_SILKSCREEN" originx="-96.456692913385" originy="38.976377952755" startangle="180.0" sweepangle="180.0" radius="1.9685039370079" width="3.9370078740157" />
    <line layer="TOP_SILKSCREEN" originx="-94.488188976377" originy="38.976377952755" endx="-94.488188976377" endy="38.976377952755" width="3.9370078740157" />
    <arc layer="TOP_SILKSCREEN" originx="-96.456692913385" originy="38.976377952755" startangle=".0" sweepangle="180.0" radius="1.9685039370079" width="3.9370078740157" />
  </footprint>
  <symbol name="SQS401EN-T1_BE3" originx="0" originy="0">
    <line originx="200" originy="100" endx="800" endy="100" width="0" />
    <line originx="800" originy="-600" endx="800" endy="100" width="0" />
    <line originx="800" originy="-600" endx="200" endy="-600" width="0" />
    <line originx="200" originy="100" endx="200" endy="-600" width="0" />
    <sympin number="1" originx="200" originy="0" rotation="180" length="100" width="7.8740157480315" flipped="False">
      <text name="pinname" originx="230" originy="0" style="Default" rotation="0" justify="left" flipped="False" hidden="False" data="S_1" />
      <text name="pindes" originx="140" originy="20" style="Default" rotation="0" justify="lowerright" flipped="False" hidden="False" data="1" />
    </sympin>
    <sympin number="2" originx="200" originy="-100" rotation="180" length="100" width="7.8740157480315" flipped="False">
      <text name="pinname" originx="230" originy="-100" style="Default" rotation="0" justify="left" flipped="False" hidden="False" data="S_2" />
      <text name="pindes" originx="140" originy="-80" style="Default" rotation="0" justify="lowerright" flipped="False" hidden="False" data="2" />
    </sympin>
    <sympin number="3" originx="200" originy="-200" rotation="180" length="100" width="7.8740157480315" flipped="False">
      <text name="pinname" originx="230" originy="-200" style="Default" rotation="0" justify="left" flipped="False" hidden="False" data="S_3" />
      <text name="pindes" originx="140" originy="-180" style="Default" rotation="0" justify="lowerright" flipped="False" hidden="False" data="3" />
    </sympin>
    <sympin number="4" originx="200" originy="-300" rotation="180" length="100" width="7.8740157480315" flipped="False">
      <text name="pinname" originx="230" originy="-300" style="Default" rotation="0" justify="left" flipped="False" hidden="False" data="G" />
      <text name="pindes" originx="140" originy="-280" style="Default" rotation="0" justify="lowerright" flipped="False" hidden="False" data="4" />
    </sympin>
    <sympin number="5" originx="200" originy="-400" rotation="180" length="100" width="7.8740157480315" flipped="False">
      <text name="pinname" originx="230" originy="-400" style="Default" rotation="0" justify="left" flipped="False" hidden="False" data="D_1" />
      <text name="pindes" originx="140" originy="-380" style="Default" rotation="0" justify="lowerright" flipped="False" hidden="False" data="5" />
    </sympin>
    <sympin number="6" originx="200" originy="-500" rotation="180" length="100" width="7.8740157480315" flipped="False">
      <text name="pinname" originx="230" originy="-500" style="Default" rotation="0" justify="left" flipped="False" hidden="False" data="D_2" />
      <text name="pindes" originx="140" originy="-480" style="Default" rotation="0" justify="lowerright" flipped="False" hidden="False" data="6" />
    </sympin>
    <sympin number="7" originx="800" originy="0" rotation="0" length="100" width="7.8740157480315" flipped="False">
      <text name="pinname" originx="770" originy="0" style="Default" rotation="0" justify="right" flipped="False" hidden="False" data="D_3" />
      <text name="pindes" originx="860" originy="20" style="Default" rotation="0" justify="lowerleft" flipped="False" hidden="False" data="7" />
    </sympin>
    <sympin number="8" originx="800" originy="-100" rotation="0" length="100" width="7.8740157480315" flipped="False">
      <text name="pinname" originx="770" originy="-100" style="Default" rotation="0" justify="right" flipped="False" hidden="False" data="D_4" />
      <text name="pindes" originx="860" originy="-80" style="Default" rotation="0" justify="lowerleft" flipped="False" hidden="False" data="8" />
    </sympin>
    <sympin number="9" originx="800" originy="-200" rotation="0" length="100" width="7.8740157480315" flipped="False">
      <text name="pinname" originx="770" originy="-200" style="Default" rotation="0" justify="right" flipped="False" hidden="False" data="D_5" />
      <text name="pindes" originx="860" originy="-180" style="Default" rotation="0" justify="lowerleft" flipped="False" hidden="False" data="9" />
    </sympin>
    <sympin number="10" originx="800" originy="-300" rotation="0" length="100" width="7.8740157480315" flipped="False">
      <text name="pinname" originx="770" originy="-300" style="Default" rotation="0" justify="right" flipped="False" hidden="False" data="D_6" />
      <text name="pindes" originx="860" originy="-280" style="Default" rotation="0" justify="lowerleft" flipped="False" hidden="False" data="10" />
    </sympin>
    <sympin number="11" originx="800" originy="-400" rotation="0" length="100" width="7.8740157480315" flipped="False">
      <text name="pinname" originx="770" originy="-400" style="Default" rotation="0" justify="right" flipped="False" hidden="False" data="D_7" />
      <text name="pindes" originx="860" originy="-380" style="Default" rotation="0" justify="lowerleft" flipped="False" hidden="False" data="11" />
    </sympin>
  </symbol>
  <component name="SQS401EN-T1_BE3" designatorprefix="Q" height="44.094488188976" footprint="SQS401ENT1_BE3">
    <comppin designator="1" sympin="1" pinswap="0" gateswap="0" gate="1" group="1" side="" type="Any" name="S_1" />
    <comppin designator="2" sympin="2" pinswap="0" gateswap="0" gate="1" group="1" side="" type="Any" name="S_2" />
    <comppin designator="3" sympin="3" pinswap="0" gateswap="0" gate="1" group="1" side="" type="Any" name="S_3" />
    <comppin designator="4" sympin="4" pinswap="0" gateswap="0" gate="1" group="1" side="" type="Any" name="G" />
    <comppin designator="5" sympin="5" pinswap="0" gateswap="0" gate="1" group="1" side="" type="Any" name="D_1" />
    <comppin designator="6" sympin="6" pinswap="0" gateswap="0" gate="1" group="1" side="" type="Any" name="D_2" />
    <comppin designator="7" sympin="7" pinswap="0" gateswap="0" gate="1" group="1" side="" type="Any" name="D_3" />
    <comppin designator="8" sympin="8" pinswap="0" gateswap="0" gate="1" group="1" side="" type="Any" name="D_4" />
    <comppin designator="9" sympin="9" pinswap="0" gateswap="0" gate="1" group="1" side="" type="Any" name="D_5" />
    <comppin designator="10" sympin="10" pinswap="0" gateswap="0" gate="1" group="1" side="" type="Any" name="D_6" />
    <comppin designator="11" sympin="11" pinswap="0" gateswap="0" gate="1" group="1" side="" type="Any" name="D_7" />
    <attached_symbol gate="1" name="SQS401EN-T1_BE3" />
    <pinmap designator="1" footprintpin="1" />
    <pinmap designator="2" footprintpin="2" />
    <pinmap designator="3" footprintpin="3" />
    <pinmap designator="4" footprintpin="4" />
    <pinmap designator="5" footprintpin="5" />
    <pinmap designator="6" footprintpin="6" />
    <pinmap designator="7" footprintpin="7" />
    <pinmap designator="8" footprintpin="8" />
    <pinmap designator="9" footprintpin="9" />
    <pinmap designator="10" footprintpin="10" />
    <pinmap designator="11" footprintpin="11" />
    <text name="Datasheet" originx="0" originy="0" style="Default" rotation="0" justify="" flipped="False" hidden="True" data="https://www.vishay.com/doc?65529" />
    <text name="Description" originx="0" originy="0" style="Default" rotation="0" justify="" flipped="False" hidden="True" data="MOSFET P-CHANNEL 40V (D-S)" />
    <text name="Manufacturer_Name" originx="0" originy="0" style="Default" rotation="0" justify="" flipped="False" hidden="True" data="Vishay" />
    <text name="Manufacturer_Part_Number" originx="850" originy="200" style="Default" rotation="0" justify="left" flipped="False" hidden="False" data="SQS401EN-T1_BE3" />
    <text name="Mouser Part Number" originx="0" originy="0" style="Default" rotation="0" justify="" flipped="False" hidden="True" data="78-SQS401EN-T1_BE3" />
    <text name="Mouser Price/Stock" originx="0" originy="0" style="Default" rotation="0" justify="" flipped="False" hidden="True" data="https://www.mouser.co.uk/ProductDetail/Vishay-Siliconix/SQS401EN-T1_BE3?qs=TiOZkKH1s2Te3TfnWUAn6g%3D%3D" />
    <text name="Arrow Part Number" originx="0" originy="0" style="Default" rotation="0" justify="" flipped="False" hidden="True" data="SQS401EN-T1_BE3" />
    <text name="Arrow Price/Stock" originx="0" originy="0" style="Default" rotation="0" justify="" flipped="False" hidden="True" data="https://www.arrow.com/en/products/sqs401en-t1-be3/vishay?region=nac" />
  </component>
</quadcept_library>
