<?xml version="1.0" encoding="utf-8"?>
<!--/2972378/1318237/2.50/2/2/Inductor/-->
<quadcept_library>
  <setting unit="mil" />
  <textstyle name="Default" height="47.244094488189" strokewidth="7.8740157480315" charwidth="47.244094488189" />
  <textstyle name="Dimension" height="19.6850393700787" strokewidth="0" charwidth="19.6850393700787" />
  <textstyle name="H127W0635TH00762" height="50" strokewidth="3" charwidth="25" />
  <textstyle name="H15W15TH02" height="59.0551181102362" strokewidth="7.8740157480315" charwidth="59.0551181102362" />
  <padstyle name="r490_325" surface="True" plated="False" isvia="False" nopaste="False" nomask="True" complex="False" holesize="0">
    <padshape layer="TOP" shape="rectangle" width="127.95275590551" height="192.91338582677" />
    <padshape layer="TOP_SOLDER_MASK" shape="rectangle" width="135.82677165354" height="200.7874015748" />
    <padshape layer="TOP_SOLDER_PASTE" shape="rectangle" width="127.95275590551" height="192.91338582677" />
  </padstyle>
  <footprint name="INDPM132125X640N" originx="0" originy="0" pickpointx="0" pickpointy="0">
    <pcbpin number="1" name="1" style="r490_325" originx="-224.40944881889" originy="0" rotation="0" />
    <pcbpin number="2" name="2" style="r490_325" originx="224.40944881889" originy="0" rotation="0" />
    <line layer="TOP_PLACE_BOUND" originx="-298.22834645669" originy="259.84251968504" endx="298.22834645669" endy="259.84251968504" width="1.9685039370079" />
    <line layer="TOP_PLACE_BOUND" originx="298.22834645669" originy="259.84251968504" endx="298.22834645669" endy="-259.84251968504" width="1.9685039370079" />
    <line layer="TOP_PLACE_BOUND" originx="298.22834645669" originy="-259.84251968504" endx="-298.22834645669" endy="-259.84251968504" width="1.9685039370079" />
    <line layer="TOP_PLACE_BOUND" originx="-298.22834645669" originy="-259.84251968504" endx="-298.22834645669" endy="259.84251968504" width="1.9685039370079" />
    <line layer="TOP_ASSEMBLY" originx="-259.84251968504" originy="246.06299212598" endx="259.84251968504" endy="246.06299212598" width="3.9370078740157" />
    <line layer="TOP_ASSEMBLY" originx="259.84251968504" originy="246.06299212598" endx="259.84251968504" endy="-246.06299212598" width="3.9370078740157" />
    <line layer="TOP_ASSEMBLY" originx="259.84251968504" originy="-246.06299212598" endx="-259.84251968504" endy="-246.06299212598" width="3.9370078740157" />
    <line layer="TOP_ASSEMBLY" originx="-259.84251968504" originy="-246.06299212598" endx="-259.84251968504" endy="246.06299212598" width="3.9370078740157" />
    <line layer="TOP_SILKSCREEN" originx="259.84251968504" originy="246.06299212598" endx="-259.84251968504" endy="246.06299212598" width="7.8740157480314" />
    <line layer="TOP_SILKSCREEN" originx="-259.84251968504" originy="-246.06299212598" endx="259.84251968504" endy="-246.06299212598" width="7.8740157480314" />
  </footprint>
  <symbol name="MPX1D1264L4R7" originx="0" originy="0">
    <arc originx="250" originy="-2" startangle="177.7" sweepangle="-175.4" radius="50" width="0" />
    <arc originx="350" originy="-2" startangle="177.7" sweepangle="-175.4" radius="50" width="0" />
    <arc originx="450" originy="-2" startangle="177.7" sweepangle="-175.4" radius="50" width="0" />
    <arc originx="550" originy="-2" startangle="177.7" sweepangle="-175.4" radius="50" width="0" />
    <sympin number="1" originx="200" originy="0" rotation="180" length="100" width="7.8740157480315" flipped="False">
      <text name="pinname" originx="0" originy="-10" style="Default" rotation="0" justify="upperleft" flipped="False" hidden="True" data="1" />
      <text name="pindes" originx="0" originy="10" style="Default" rotation="0" justify="lowerleft" flipped="False" hidden="False" data="1" />
    </sympin>
    <sympin number="2" originx="600" originy="0" rotation="0" length="100" width="7.8740157480315" flipped="False">
      <text name="pinname" originx="800" originy="-10" style="Default" rotation="0" justify="upperright" flipped="False" hidden="True" data="2" />
      <text name="pindes" originx="800" originy="10" style="Default" rotation="0" justify="lowerright" flipped="False" hidden="False" data="2" />
    </sympin>
  </symbol>
  <component name="MPX1D1264L4R7" designatorprefix="L" height="251.968503937" footprint="INDPM132125X640N">
    <comppin designator="1" sympin="1" pinswap="0" gateswap="0" gate="1" group="1" side="" type="Any" name="1" />
    <comppin designator="2" sympin="2" pinswap="0" gateswap="0" gate="1" group="1" side="" type="Any" name="2" />
    <attached_symbol gate="1" name="MPX1D1264L4R7" />
    <pinmap designator="1" footprintpin="1" />
    <pinmap designator="2" footprintpin="2" />
    <text name="Datasheet" originx="0" originy="0" style="Default" rotation="0" justify="" flipped="False" hidden="True" data="https://content.kemet.com/datasheets/KEM_L9012_MPX.pdf" />
    <text name="Description" originx="0" originy="0" style="Default" rotation="0" justify="" flipped="False" hidden="True" data=" Metal composite powder 	 Shielded construction, SMD configuration 	 Inductance range from 0.10  100.00 H 	 Operating temperature up to +155C  Low acoustic noise 	 Low magnetic flux leakage" />
    <text name="Mouser Part Number" originx="0" originy="0" style="Default" rotation="0" justify="" flipped="False" hidden="True" data="80-MPX1D1264L4R7" />
    <text name="Mouser Price/Stock" originx="0" originy="0" style="Default" rotation="0" justify="" flipped="False" hidden="True" data="https://www.mouser.co.uk/ProductDetail/KEMET/MPX1D1264L4R7?qs=P1JMDcb91o6IZOTDZ%2FmqgA%3D%3D" />
    <text name="Manufacturer_Name" originx="0" originy="0" style="Default" rotation="0" justify="" flipped="False" hidden="True" data="KEMET" />
    <text name="Manufacturer_Part_Number" originx="650" originy="150" style="Default" rotation="0" justify="left" flipped="False" hidden="False" data="MPX1D1264L4R7" />
  </component>
</quadcept_library>
