<?xml version="1.0" encoding="utf-8"?>
<!--/13717857/1318237/2.50/5/2/Switch/-->
<quadcept_library>
  <setting unit="mil" />
  <textstyle name="Default" height="47.244094488189" strokewidth="7.8740157480315" charwidth="47.244094488189" />
  <textstyle name="Dimension" height="19.6850393700787" strokewidth="0" charwidth="19.6850393700787" />
  <textstyle name="H127W0635TH00762" height="50" strokewidth="3" charwidth="25" />
  <textstyle name="H15W15TH02" height="59.0551181102362" strokewidth="7.8740157480315" charwidth="59.0551181102362" />
  <padstyle name="r180_75" surface="True" plated="False" isvia="False" nopaste="False" nomask="True" complex="False" holesize="0">
    <padshape layer="TOP" shape="rectangle" width="29.527559055118" height="70.866141732283" />
    <padshape layer="TOP_SOLDER_MASK" shape="rectangle" width="37.401574803149" height="78.740157480314" />
    <padshape layer="TOP_SOLDER_PASTE" shape="rectangle" width="29.527559055118" height="70.866141732283" />
  </padstyle>
  <padstyle name="r180_60" surface="True" plated="False" isvia="False" nopaste="False" nomask="True" complex="False" holesize="0">
    <padshape layer="TOP" shape="rectangle" width="23.622047244094" height="70.866141732283" />
    <padshape layer="TOP_SOLDER_MASK" shape="rectangle" width="31.496062992126" height="78.740157480314" />
    <padshape layer="TOP_SOLDER_PASTE" shape="rectangle" width="23.622047244094" height="70.866141732283" />
  </padstyle>
  <padstyle name="c45_h90" surface="False" plated="True" isvia="False" nopaste="True" nomask="True" complex="False" holesize="35.433070866141">
    <padshape layer="TOP" shape="round" width="17.716535433071" height="17.716535433071" />
    <padshape layer="TOP_SOLDER_MASK" shape="round" width="25.590551181102" height="25.590551181102" />
    <padshape layer="INNER" shape="round" width="17.716535433071" height="17.716535433071" />
    <padshape layer="BOTTOM" shape="round" width="17.716535433071" height="17.716535433071" />
    <padshape layer="BOTTOM_SOLDER_MASK" shape="round" width="25.590551181102" height="25.590551181102" />
  </padstyle>
  <padstyle name="r130_90" surface="True" plated="False" isvia="False" nopaste="False" nomask="True" complex="False" holesize="0">
    <padshape layer="TOP" shape="rectangle" width="35.433070866141" height="51.181102362204" />
    <padshape layer="TOP_SOLDER_MASK" shape="rectangle" width="43.307086614173" height="59.055118110235" />
    <padshape layer="TOP_SOLDER_PASTE" shape="rectangle" width="35.433070866141" height="51.181102362204" />
  </padstyle>
  <footprint name="PTS845VM20PSMTR4LFS" originx="0" originy="0" pickpointx="0" pickpointy="0">
    <pcbpin number="1" name="1" style="r180_75" originx="-48.228346456692" originy="32.48031496063" rotation="0" />
    <pcbpin number="2" name="2" style="r180_60" originx="0" originy="32.48031496063" rotation="0" />
    <pcbpin number="3" name="3" style="r180_75" originx="48.228346456692" originy="32.48031496063" rotation="0" />
    <pcbpin number="4" name="MH1" style="c45_h90" originx="-83.661417322834" originy="-2.9527559055118" rotation="90" />
    <pcbpin number="5" name="MH2" style="c45_h90" originx="83.661417322834" originy="-2.9527559055118" rotation="90" />
    <pcbpin number="6" name="MP1" style="r130_90" originx="-72.83464566929" originy="-44.291338582677" rotation="90" />
    <pcbpin number="7" name="MP2" style="r130_90" originx="72.83464566929" originy="-44.291338582677" rotation="90" />
    <line layer="TOP_ASSEMBLY" originx="-88.582677165353" originy="-50.1968503937" endx="88.582677165353" endy="-50.1968503937" width="3.9370078740157" />
    <line layer="TOP_ASSEMBLY" originx="88.582677165353" originy="-50.1968503937" endx="88.582677165353" endy="50.1968503937" width="3.9370078740157" />
    <line layer="TOP_ASSEMBLY" originx="88.582677165353" originy="50.1968503937" endx="-88.582677165353" endy="50.1968503937" width="3.9370078740157" />
    <line layer="TOP_ASSEMBLY" originx="-88.582677165353" originy="50.1968503937" endx="-88.582677165353" endy="-50.1968503937" width="3.9370078740157" />
    <line layer="TOP_ASSEMBLY" originx="-39.370078740157" originy="-50.1968503937" endx="39.370078740157" endy="-50.1968503937" width="3.9370078740157" />
    <line layer="TOP_ASSEMBLY" originx="39.370078740157" originy="-50.1968503937" endx="39.370078740157" endy="-83.661417322834" width="3.9370078740157" />
    <line layer="TOP_ASSEMBLY" originx="39.370078740157" originy="-83.661417322834" endx="-39.370078740157" endy="-83.661417322834" width="3.9370078740157" />
    <line layer="TOP_ASSEMBLY" originx="-39.370078740157" originy="-83.661417322834" endx="-39.370078740157" endy="-50.1968503937" width="3.9370078740157" />
    <line layer="TOP_PLACE_BOUND" originx="-140.74803149606" originy="107.28346456693" endx="140.74803149606" endy="107.28346456693" width="3.9370078740157" />
    <line layer="TOP_PLACE_BOUND" originx="140.74803149606" originy="107.28346456693" endx="140.74803149606" endy="-123.03149606299" width="3.9370078740157" />
    <line layer="TOP_PLACE_BOUND" originx="140.74803149606" originy="-123.03149606299" endx="-140.74803149606" endy="-123.03149606299" width="3.9370078740157" />
    <line layer="TOP_PLACE_BOUND" originx="-140.74803149606" originy="-123.03149606299" endx="-140.74803149606" endy="107.28346456693" width="3.9370078740157" />
    <line layer="TOP_SILKSCREEN" originx="-29.527559055118" originy="-50.1968503937" endx="29.527559055118" endy="-50.1968503937" width="7.8740157480314" />
    <line layer="TOP_SILKSCREEN" originx="29.527559055118" originy="-50.1968503937" endx="29.527559055118" endy="-50.1968503937" width="7.8740157480314" />
    <line layer="TOP_SILKSCREEN" originx="29.527559055118" originy="-50.1968503937" endx="-29.527559055118" endy="-50.1968503937" width="7.8740157480314" />
    <line layer="TOP_SILKSCREEN" originx="-29.527559055118" originy="-50.1968503937" endx="-29.527559055118" endy="-50.1968503937" width="7.8740157480314" />
    <line layer="TOP_SILKSCREEN" originx="-39.370078740157" originy="-78.740157480314" endx="-39.370078740157" endy="-78.740157480314" width="7.8740157480314" />
    <line layer="TOP_SILKSCREEN" originx="-39.370078740157" originy="-78.740157480314" endx="-39.370078740157" endy="-83.661417322834" width="7.8740157480314" />
    <line layer="TOP_SILKSCREEN" originx="-39.370078740157" originy="-83.661417322834" endx="-39.370078740157" endy="-83.661417322834" width="7.8740157480314" />
    <line layer="TOP_SILKSCREEN" originx="-39.370078740157" originy="-83.661417322834" endx="-39.370078740157" endy="-78.740157480314" width="7.8740157480314" />
    <line layer="TOP_SILKSCREEN" originx="-39.370078740157" originy="-83.661417322834" endx="39.370078740157" endy="-83.661417322834" width="7.8740157480314" />
    <line layer="TOP_SILKSCREEN" originx="39.370078740157" originy="-83.661417322834" endx="39.370078740157" endy="-83.661417322834" width="7.8740157480314" />
    <line layer="TOP_SILKSCREEN" originx="39.370078740157" originy="-83.661417322834" endx="-39.370078740157" endy="-83.661417322834" width="7.8740157480314" />
    <line layer="TOP_SILKSCREEN" originx="-39.370078740157" originy="-83.661417322834" endx="-39.370078740157" endy="-83.661417322834" width="7.8740157480314" />
    <line layer="TOP_SILKSCREEN" originx="39.370078740157" originy="-83.661417322834" endx="39.370078740157" endy="-83.661417322834" width="7.8740157480314" />
    <line layer="TOP_SILKSCREEN" originx="39.370078740157" originy="-83.661417322834" endx="39.370078740157" endy="-78.740157480314" width="7.8740157480314" />
    <line layer="TOP_SILKSCREEN" originx="39.370078740157" originy="-78.740157480314" endx="39.370078740157" endy="-78.740157480314" width="7.8740157480314" />
    <line layer="TOP_SILKSCREEN" originx="39.370078740157" originy="-78.740157480314" endx="39.370078740157" endy="-83.661417322834" width="7.8740157480314" />
    <line layer="TOP_SILKSCREEN" originx="88.582677165353" originy="29.527559055118" endx="88.582677165353" endy="29.527559055118" width="7.8740157480314" />
    <line layer="TOP_SILKSCREEN" originx="88.582677165353" originy="29.527559055118" endx="88.582677165353" endy="49.212598425196" width="7.8740157480314" />
    <line layer="TOP_SILKSCREEN" originx="88.582677165353" originy="49.212598425196" endx="88.582677165353" endy="49.212598425196" width="7.8740157480314" />
    <line layer="TOP_SILKSCREEN" originx="88.582677165353" originy="49.212598425196" endx="88.582677165353" endy="29.527559055118" width="7.8740157480314" />
    <line layer="TOP_SILKSCREEN" originx="88.582677165353" originy="50.1968503937" endx="78.740157480314" endy="50.1968503937" width="7.8740157480314" />
    <line layer="TOP_SILKSCREEN" originx="78.740157480314" originy="50.1968503937" endx="78.740157480314" endy="50.1968503937" width="7.8740157480314" />
    <line layer="TOP_SILKSCREEN" originx="78.740157480314" originy="50.1968503937" endx="88.582677165353" endy="50.1968503937" width="7.8740157480314" />
    <line layer="TOP_SILKSCREEN" originx="88.582677165353" originy="50.1968503937" endx="88.582677165353" endy="50.1968503937" width="7.8740157480314" />
    <line layer="TOP_SILKSCREEN" originx="-78.740157480314" originy="50.1968503937" endx="-88.582677165353" endy="50.1968503937" width="7.8740157480314" />
    <line layer="TOP_SILKSCREEN" originx="-88.582677165353" originy="50.1968503937" endx="-88.582677165353" endy="50.1968503937" width="7.8740157480314" />
    <line layer="TOP_SILKSCREEN" originx="-88.582677165353" originy="50.1968503937" endx="-78.740157480314" endy="50.1968503937" width="7.8740157480314" />
    <line layer="TOP_SILKSCREEN" originx="-78.740157480314" originy="50.1968503937" endx="-78.740157480314" endy="50.1968503937" width="7.8740157480314" />
    <line layer="TOP_SILKSCREEN" originx="-88.582677165353" originy="50.1968503937" endx="-88.582677165353" endy="50.1968503937" width="7.8740157480314" />
    <line layer="TOP_SILKSCREEN" originx="-88.582677165353" originy="50.1968503937" endx="-88.582677165353" endy="29.527559055118" width="7.8740157480314" />
    <line layer="TOP_SILKSCREEN" originx="-88.582677165353" originy="29.527559055118" endx="-88.582677165353" endy="29.527559055118" width="7.8740157480314" />
    <line layer="TOP_SILKSCREEN" originx="-88.582677165353" originy="29.527559055118" endx="-88.582677165353" endy="50.1968503937" width="7.8740157480314" />
    <line layer="TOP_SILKSCREEN" originx="-48.228346456692" originy="95.472440944881" endx="-48.228346456692" endy="95.472440944881" width="7.8740157480314" />
    <arc layer="TOP_SILKSCREEN" originx="-48.228346456692" originy="93.503937007873" startangle="90.0" sweepangle="180.0" radius="1.9685039370078" width="7.8740157480314" />
    <line layer="TOP_SILKSCREEN" originx="-48.228346456692" originy="91.535433070865" endx="-48.228346456692" endy="91.535433070865" width="7.8740157480314" />
    <arc layer="TOP_SILKSCREEN" originx="-48.228346456692" originy="93.503937007873" startangle="-90.0" sweepangle="180.0" radius="1.9685039370078" width="7.8740157480314" />
    <line layer="TOP_SILKSCREEN" originx="-48.228346456692" originy="95.472440944881" endx="-48.228346456692" endy="95.472440944881" width="7.8740157480314" />
    <arc layer="TOP_SILKSCREEN" originx="-48.228346456692" originy="93.503937007873" startangle="90.0" sweepangle="180.0" radius="1.9685039370078" width="7.8740157480314" />
  </footprint>
  <symbol name="PTS845VM20PSMTR4_LFS" originx="0" originy="0">
    <line originx="200" originy="100" endx="900" endy="100" width="0" />
    <line originx="900" originy="-300" endx="900" endy="100" width="0" />
    <line originx="900" originy="-300" endx="200" endy="-300" width="0" />
    <line originx="200" originy="100" endx="200" endy="-300" width="0" />
    <sympin number="1" originx="900" originy="0" rotation="0" length="100" width="7.8740157480315" flipped="False">
      <text name="pinname" originx="870" originy="0" style="Default" rotation="0" justify="right" flipped="False" hidden="False" data="COM_1" />
      <text name="pindes" originx="960" originy="20" style="Default" rotation="0" justify="lowerleft" flipped="False" hidden="False" data="1" />
    </sympin>
    <sympin number="2" originx="900" originy="-100" rotation="0" length="100" width="7.8740157480315" flipped="False">
      <text name="pinname" originx="870" originy="-100" style="Default" rotation="0" justify="right" flipped="False" hidden="False" data="NO" />
      <text name="pindes" originx="960" originy="-80" style="Default" rotation="0" justify="lowerleft" flipped="False" hidden="False" data="2" />
    </sympin>
    <sympin number="3" originx="900" originy="-200" rotation="0" length="100" width="7.8740157480315" flipped="False">
      <text name="pinname" originx="870" originy="-200" style="Default" rotation="0" justify="right" flipped="False" hidden="False" data="COM_2" />
      <text name="pindes" originx="960" originy="-180" style="Default" rotation="0" justify="lowerleft" flipped="False" hidden="False" data="3" />
    </sympin>
    <sympin number="4" originx="200" originy="0" rotation="180" length="100" width="7.8740157480315" flipped="False">
      <text name="pinname" originx="230" originy="0" style="Default" rotation="0" justify="left" flipped="False" hidden="False" data="MP1" />
      <text name="pindes" originx="140" originy="20" style="Default" rotation="0" justify="lowerright" flipped="False" hidden="False" data="MP1" />
    </sympin>
    <sympin number="5" originx="200" originy="-100" rotation="180" length="100" width="7.8740157480315" flipped="False">
      <text name="pinname" originx="230" originy="-100" style="Default" rotation="0" justify="left" flipped="False" hidden="False" data="MP2" />
      <text name="pindes" originx="140" originy="-80" style="Default" rotation="0" justify="lowerright" flipped="False" hidden="False" data="MP2" />
    </sympin>
  </symbol>
  <component name="PTS845VM20PSMTR4_LFS" designatorprefix="S" height="129.92125984252" footprint="PTS845VM20PSMTR4LFS">
    <comppin designator="1" sympin="1" pinswap="0" gateswap="0" gate="1" group="1" side="" type="Any" name="COM_1" />
    <comppin designator="2" sympin="2" pinswap="0" gateswap="0" gate="1" group="1" side="" type="Any" name="NO" />
    <comppin designator="3" sympin="3" pinswap="0" gateswap="0" gate="1" group="1" side="" type="Any" name="COM_2" />
    <comppin designator="MP1" sympin="4" pinswap="0" gateswap="0" gate="1" group="1" side="" type="Any" name="MP1" />
    <comppin designator="MP2" sympin="5" pinswap="0" gateswap="0" gate="1" group="1" side="" type="Any" name="MP2" />
    <attached_symbol gate="1" name="PTS845VM20PSMTR4_LFS" />
    <pinmap designator="1" footprintpin="1" />
    <pinmap designator="2" footprintpin="2" />
    <pinmap designator="3" footprintpin="3" />
    <pinmap designator="MP1" footprintpin="4" />
    <pinmap designator="MP2" footprintpin="5" />
    <text name="Datasheet" originx="0" originy="0" style="Default" rotation="0" justify="" flipped="False" hidden="True" data="https://www.ckswitches.com/media/3009/pts845.pdf" />
    <text name="Description" originx="0" originy="0" style="Default" rotation="0" justify="" flipped="False" hidden="True" data="Tactile Switches 50mA 12VDC, 80gf, Grey Actuator" />
    <text name="Manufacturer_Name" originx="0" originy="0" style="Default" rotation="0" justify="" flipped="False" hidden="True" data="C &amp; K COMPONENTS" />
    <text name="Manufacturer_Part_Number" originx="950" originy="200" style="Default" rotation="0" justify="left" flipped="False" hidden="False" data="PTS845VM20PSMTR4 LFS" />
    <text name="Mouser Part Number" originx="0" originy="0" style="Default" rotation="0" justify="" flipped="False" hidden="True" data="611-PTS845VM20PSMTR4" />
    <text name="Mouser Price/Stock" originx="0" originy="0" style="Default" rotation="0" justify="" flipped="False" hidden="True" data="https://www.mouser.co.uk/ProductDetail/CK/PTS845VM20PSMTR4-LFS?qs=81r%252BiQLm7BQxQDX8di0zbw%3D%3D" />
    <text name="Arrow Part Number" originx="0" originy="0" style="Default" rotation="0" justify="" flipped="False" hidden="True" data="PTS845VM20PSMTR4 LFS" />
    <text name="Arrow Price/Stock" originx="0" originy="0" style="Default" rotation="0" justify="" flipped="False" hidden="True" data="https://www.arrow.com/en/products/pts845vm20psmtr4lfs/ck?region=nac" />
  </component>
</quadcept_library>
