<?xml version="1.0" encoding="utf-8"?>
<!--/465019/1318237/2.50/2/0/Inductor/-->
<quadcept_library>
  <setting unit="mil" />
  <textstyle name="Default" height="47.244094488189" strokewidth="7.8740157480315" charwidth="47.244094488189" />
  <textstyle name="Dimension" height="19.6850393700787" strokewidth="0" charwidth="19.6850393700787" />
  <textstyle name="H127W0635TH00762" height="50" strokewidth="3" charwidth="25" />
  <textstyle name="H15W15TH02" height="59.0551181102362" strokewidth="7.8740157480315" charwidth="59.0551181102362" />
  <padstyle name="r540_290" surface="True" plated="False" isvia="False" nopaste="False" nomask="True" complex="False" holesize="0">
    <padshape layer="TOP" shape="rectangle" width="114.17322834646" height="212.59842519685" />
    <padshape layer="TOP_SOLDER_MASK" shape="rectangle" width="122.04724409449" height="220.47244094488" />
    <padshape layer="TOP_SOLDER_PASTE" shape="rectangle" width="114.17322834646" height="212.59842519685" />
  </padstyle>
  <footprint name="WE-HCC_121021" originx="0" originy="0" pickpointx="0" pickpointy="0">
    <pcbpin number="1" name="2" style="r540_290" originx="194.88188976378" originy="0" rotation="0" />
    <pcbpin number="2" name="1" style="r540_290" originx="-194.88188976378" originy="0" rotation="0" />
    <line layer="TOP_SILKSCREEN" originx="-236.22047244094" originy="-226.3779527559" endx="236.22047244094" endy="-226.3779527559" width="4.9999999999999" />
    <line layer="TOP_SILKSCREEN" originx="-236.22047244094" originy="226.3779527559" endx="236.22047244094" endy="226.3779527559" width="4.9999999999999" />
    <line layer="TOP_ASSEMBLY" originx="-236.22047244094" originy="226.3779527559" endx="-236.22047244094" endy="-226.3779527559" width="4.9999999999999" />
    <line layer="TOP_ASSEMBLY" originx="236.22047244094" originy="226.3779527559" endx="236.22047244094" endy="-226.3779527559" width="4.9999999999999" />
    <line layer="TOP_PLACE_BOUND" originx="-267.71653543307" originy="251.968503937" endx="-267.71653543307" endy="-251.968503937" width="4.9999999999999" />
    <line layer="TOP_PLACE_BOUND" originx="-267.71653543307" originy="-251.968503937" endx="267.71653543307" endy="-251.968503937" width="4.9999999999999" />
    <line layer="TOP_PLACE_BOUND" originx="267.71653543307" originy="-251.968503937" endx="267.71653543307" endy="251.968503937" width="4.9999999999999" />
    <line layer="TOP_PLACE_BOUND" originx="267.71653543307" originy="251.968503937" endx="-267.71653543307" endy="251.968503937" width="4.9999999999999" />
  </footprint>
  <symbol name="7443320470" originx="0" originy="0">
    <arc originx="250" originy="-2" startangle="177.7" sweepangle="-175.4" radius="50" width="0" />
    <arc originx="350" originy="-2" startangle="177.7" sweepangle="-175.4" radius="50" width="0" />
    <arc originx="450" originy="-2" startangle="177.7" sweepangle="-175.4" radius="50" width="0" />
    <arc originx="550" originy="-2" startangle="177.7" sweepangle="-175.4" radius="50" width="0" />
    <sympin number="1" originx="200" originy="0" rotation="180" length="100" width="7.8740157480315" flipped="False">
      <text name="pinname" originx="0" originy="-10" style="Default" rotation="0" justify="upperleft" flipped="False" hidden="True" data="1" />
      <text name="pindes" originx="0" originy="10" style="Default" rotation="0" justify="lowerleft" flipped="False" hidden="False" data="1" />
    </sympin>
    <sympin number="2" originx="600" originy="0" rotation="0" length="100" width="7.8740157480315" flipped="False">
      <text name="pinname" originx="800" originy="-10" style="Default" rotation="0" justify="upperright" flipped="False" hidden="True" data="2" />
      <text name="pindes" originx="800" originy="10" style="Default" rotation="0" justify="lowerright" flipped="False" hidden="False" data="2" />
    </sympin>
  </symbol>
  <component name="7443320470" designatorprefix="L" height="0" footprint="WE-HCC_121021">
    <comppin designator="1" sympin="1" pinswap="0" gateswap="0" gate="1" group="1" side="" type="Any" name="1" />
    <comppin designator="2" sympin="2" pinswap="0" gateswap="0" gate="1" group="1" side="" type="Any" name="2" />
    <attached_symbol gate="1" name="7443320470" />
    <pinmap designator="1" footprintpin="1" />
    <pinmap designator="2" footprintpin="2" />
    <text name="Datasheet" originx="0" originy="0" style="Default" rotation="0" justify="" flipped="False" hidden="True" data="" />
    <text name="Description" originx="0" originy="0" style="Default" rotation="0" justify="" flipped="False" hidden="True" data="Wurth WE-HCC Series Shielded Wire-wound SMD Inductor with a Ferrite Core, 4.7 uH +/-20% 15.5A Idc" />
    <text name="Manufacturer_Name" originx="0" originy="0" style="Default" rotation="0" justify="" flipped="False" hidden="True" data="Wurth Elektronik" />
    <text name="Manufacturer_Part_Number" originx="650" originy="150" style="Default" rotation="0" justify="left" flipped="False" hidden="False" data="7443320470" />
    <text name="Mouser Part Number" originx="0" originy="0" style="Default" rotation="0" justify="" flipped="False" hidden="True" data="710-7443320470" />
    <text name="Mouser Price/Stock" originx="0" originy="0" style="Default" rotation="0" justify="" flipped="False" hidden="True" data="https://www.mouser.co.uk/ProductDetail/Wurth-Elektronik/7443320470?qs=MVRUG6Lt7nGP9VBVz%252BgY8A%3D%3D" />
    <text name="Arrow Part Number" originx="0" originy="0" style="Default" rotation="0" justify="" flipped="False" hidden="True" data="" />
    <text name="Arrow Price/Stock" originx="0" originy="0" style="Default" rotation="0" justify="" flipped="False" hidden="True" data="" />
  </component>
</quadcept_library>
