<?xml version="1.0" encoding="utf-8"?>
<!--/639996/1318237/2.50/32/4/Connector/-->
<quadcept_library>
  <setting unit="mil" />
  <textstyle name="Default" height="47.244094488189" strokewidth="7.8740157480315" charwidth="47.244094488189" />
  <textstyle name="Dimension" height="19.6850393700787" strokewidth="0" charwidth="19.6850393700787" />
  <textstyle name="H127W0635TH00762" height="50" strokewidth="3" charwidth="25" />
  <textstyle name="H15W15TH02" height="59.0551181102362" strokewidth="7.8740157480315" charwidth="59.0551181102362" />
  <padstyle name="s65" surface="True" plated="False" isvia="False" nopaste="False" nomask="True" complex="False" holesize="0">
    <padshape layer="TOP" shape="square" width="25.590551181102" height="25.590551181102" />
    <padshape layer="TOP_SOLDER_MASK" shape="square" width="33.464566929133" height="33.464566929133" />
    <padshape layer="TOP_SOLDER_PASTE" shape="square" width="25.590551181102" height="25.590551181102" />
  </padstyle>
  <padstyle name="r84_50" surface="True" plated="False" isvia="False" nopaste="False" nomask="True" complex="False" holesize="0">
    <padshape layer="TOP" shape="rectangle" width="19.685039370078" height="33.070866141732" />
    <padshape layer="TOP_SOLDER_MASK" shape="rectangle" width="27.55905511811" height="40.944881889763" />
    <padshape layer="TOP_SOLDER_PASTE" shape="rectangle" width="19.685039370078" height="33.070866141732" />
  </padstyle>
  <padstyle name="r110_65" surface="True" plated="False" isvia="False" nopaste="False" nomask="True" complex="False" holesize="0">
    <padshape layer="TOP" shape="rectangle" width="25.590551181102" height="43.307086614173" />
    <padshape layer="TOP_SOLDER_MASK" shape="rectangle" width="33.464566929133" height="51.181102362204" />
    <padshape layer="TOP_SOLDER_PASTE" shape="rectangle" width="25.590551181102" height="43.307086614173" />
  </padstyle>
  <footprint name="105028-1001" originx="0" originy="0" pickpointx="0" pickpointy="0">
    <pcbpin number="1" name="1" style="r84_50" originx="-169.68503937008" originy="124.01574803149" rotation="90" />
    <pcbpin number="2" name="2" style="r84_50" originx="-169.68503937008" originy="88.582677165353" rotation="90" />
    <pcbpin number="3" name="3" style="r84_50" originx="-169.68503937008" originy="53.149606299212" rotation="90" />
    <pcbpin number="4" name="4" style="r84_50" originx="-169.68503937008" originy="17.716535433071" rotation="90" />
    <pcbpin number="5" name="5" style="r84_50" originx="-169.68503937008" originy="-17.716535433071" rotation="90" />
    <pcbpin number="6" name="6" style="r84_50" originx="-169.68503937008" originy="-53.149606299212" rotation="90" />
    <pcbpin number="7" name="7" style="r84_50" originx="-169.68503937008" originy="-88.582677165353" rotation="90" />
    <pcbpin number="8" name="8" style="r84_50" originx="-169.68503937008" originy="-124.01574803149" rotation="90" />
    <pcbpin number="9" name="9" style="r84_50" originx="-124.01574803149" originy="-169.68503937008" rotation="0" />
    <pcbpin number="10" name="10" style="r84_50" originx="-88.582677165353" originy="-169.68503937008" rotation="0" />
    <pcbpin number="11" name="11" style="r84_50" originx="-53.149606299212" originy="-169.68503937008" rotation="0" />
    <pcbpin number="12" name="12" style="r84_50" originx="-17.716535433071" originy="-169.68503937008" rotation="0" />
    <pcbpin number="13" name="13" style="r84_50" originx="17.716535433071" originy="-169.68503937008" rotation="0" />
    <pcbpin number="14" name="14" style="r84_50" originx="53.149606299212" originy="-169.68503937008" rotation="0" />
    <pcbpin number="15" name="15" style="r84_50" originx="88.582677165353" originy="-169.68503937008" rotation="0" />
    <pcbpin number="16" name="16" style="r84_50" originx="124.01574803149" originy="-169.68503937008" rotation="0" />
    <pcbpin number="17" name="17" style="r84_50" originx="169.68503937008" originy="-124.01574803149" rotation="90" />
    <pcbpin number="18" name="18" style="r84_50" originx="169.68503937008" originy="-88.582677165353" rotation="90" />
    <pcbpin number="19" name="19" style="r84_50" originx="169.68503937008" originy="-53.149606299212" rotation="90" />
    <pcbpin number="20" name="20" style="r84_50" originx="169.68503937008" originy="-17.716535433071" rotation="90" />
    <pcbpin number="21" name="21" style="r84_50" originx="169.68503937008" originy="17.716535433071" rotation="90" />
    <pcbpin number="22" name="22" style="r84_50" originx="169.68503937008" originy="53.149606299212" rotation="90" />
    <pcbpin number="23" name="23" style="r84_50" originx="169.68503937008" originy="88.582677165353" rotation="90" />
    <pcbpin number="24" name="24" style="r84_50" originx="169.68503937008" originy="124.01574803149" rotation="90" />
    <pcbpin number="25" name="25" style="r84_50" originx="124.01574803149" originy="169.68503937008" rotation="0" />
    <pcbpin number="26" name="26" style="r84_50" originx="88.582677165353" originy="169.68503937008" rotation="0" />
    <pcbpin number="27" name="27" style="r84_50" originx="53.149606299212" originy="169.68503937008" rotation="0" />
    <pcbpin number="28" name="28" style="r84_50" originx="17.716535433071" originy="169.68503937008" rotation="0" />
    <pcbpin number="29" name="29" style="r84_50" originx="-17.716535433071" originy="169.68503937008" rotation="0" />
    <pcbpin number="30" name="30" style="r84_50" originx="-53.149606299212" originy="169.68503937008" rotation="0" />
    <pcbpin number="31" name="31" style="r84_50" originx="-88.582677165353" originy="169.68503937008" rotation="0" />
    <pcbpin number="32" name="32" style="r84_50" originx="-124.01574803149" originy="169.68503937008" rotation="0" />
    <pcbpin number="33" name="33" style="r110_65" originx="-208.85826771653" originy="150.5905511811" rotation="0" />
    <pcbpin number="34" name="34" style="s65" originx="-208.85826771653" originy="106.29921259842" rotation="90" />
    <pcbpin number="35" name="35" style="s65" originx="-208.85826771653" originy="70.866141732283" rotation="90" />
    <pcbpin number="36" name="36" style="s65" originx="-208.85826771653" originy="35.433070866141" rotation="90" />
    <pcbpin number="37" name="37" style="s65" originx="-208.85826771653" originy="0" rotation="90" />
    <pcbpin number="38" name="38" style="s65" originx="-208.85826771653" originy="-35.433070866141" rotation="90" />
    <pcbpin number="39" name="39" style="s65" originx="-208.85826771653" originy="-70.866141732283" rotation="90" />
    <pcbpin number="40" name="40" style="s65" originx="-208.85826771653" originy="-106.29921259842" rotation="90" />
    <pcbpin number="41" name="41" style="r110_65" originx="-208.85826771653" originy="-150.5905511811" rotation="0" />
    <pcbpin number="42" name="42" style="r110_65" originx="-150.5905511811" originy="-208.85826771653" rotation="90" />
    <pcbpin number="43" name="43" style="s65" originx="-106.29921259842" originy="-208.85826771653" rotation="90" />
    <pcbpin number="44" name="44" style="s65" originx="-70.866141732283" originy="-208.85826771653" rotation="90" />
    <pcbpin number="45" name="45" style="s65" originx="-35.433070866141" originy="-208.85826771653" rotation="90" />
    <pcbpin number="46" name="46" style="s65" originx="0" originy="-208.85826771653" rotation="90" />
    <pcbpin number="47" name="47" style="s65" originx="35.433070866141" originy="-208.85826771653" rotation="90" />
    <pcbpin number="48" name="48" style="s65" originx="70.866141732283" originy="-208.85826771653" rotation="90" />
    <pcbpin number="49" name="49" style="s65" originx="106.29921259842" originy="-208.85826771653" rotation="90" />
    <pcbpin number="50" name="50" style="r110_65" originx="150.5905511811" originy="-208.85826771653" rotation="90" />
    <pcbpin number="51" name="51" style="r110_65" originx="208.85826771653" originy="-150.5905511811" rotation="0" />
    <pcbpin number="52" name="52" style="s65" originx="208.85826771653" originy="-106.29921259842" rotation="90" />
    <pcbpin number="53" name="53" style="s65" originx="208.85826771653" originy="-70.866141732283" rotation="90" />
    <pcbpin number="54" name="54" style="s65" originx="208.85826771653" originy="-35.433070866141" rotation="90" />
    <pcbpin number="55" name="55" style="s65" originx="208.85826771653" originy="0" rotation="90" />
    <pcbpin number="56" name="56" style="s65" originx="208.85826771653" originy="35.433070866141" rotation="90" />
    <pcbpin number="57" name="57" style="s65" originx="208.85826771653" originy="70.866141732283" rotation="90" />
    <pcbpin number="58" name="58" style="s65" originx="208.85826771653" originy="106.29921259842" rotation="90" />
    <pcbpin number="59" name="59" style="r110_65" originx="208.85826771653" originy="150.5905511811" rotation="0" />
    <pcbpin number="60" name="60" style="r110_65" originx="150.5905511811" originy="208.85826771653" rotation="90" />
    <pcbpin number="61" name="61" style="s65" originx="106.29921259842" originy="208.85826771653" rotation="90" />
    <pcbpin number="62" name="62" style="s65" originx="70.866141732283" originy="208.85826771653" rotation="90" />
    <pcbpin number="63" name="63" style="s65" originx="35.433070866141" originy="208.85826771653" rotation="90" />
    <pcbpin number="64" name="64" style="s65" originx="0" originy="208.85826771653" rotation="90" />
    <pcbpin number="65" name="65" style="s65" originx="-35.433070866141" originy="208.85826771653" rotation="90" />
    <pcbpin number="66" name="66" style="s65" originx="-70.866141732283" originy="208.85826771653" rotation="90" />
    <pcbpin number="67" name="67" style="s65" originx="-106.29921259842" originy="208.85826771653" rotation="90" />
    <pcbpin number="68" name="68" style="r110_65" originx="-150.5905511811" originy="208.85826771653" rotation="90" />
    <line layer="TOP_ASSEMBLY" originx="-208.66141732283" originy="208.66141732283" endx="208.66141732283" endy="208.66141732283" width="7.8740157480314" />
    <line layer="TOP_ASSEMBLY" originx="208.66141732283" originy="208.66141732283" endx="208.66141732283" endy="-208.66141732283" width="7.8740157480314" />
    <line layer="TOP_ASSEMBLY" originx="208.66141732283" originy="-208.66141732283" endx="-208.66141732283" endy="-208.66141732283" width="7.8740157480314" />
    <line layer="TOP_ASSEMBLY" originx="-208.66141732283" originy="-208.66141732283" endx="-208.66141732283" endy="208.66141732283" width="7.8740157480314" />
    <line layer="TOP_SILKSCREEN" originx="-208.66141732283" originy="-208.66141732283" endx="-181.10236220472" endy="-208.66141732283" width="7.8740157480314" />
    <line layer="TOP_SILKSCREEN" originx="208.66141732283" originy="-208.66141732283" endx="181.10236220472" endy="-208.66141732283" width="7.8740157480314" />
    <line layer="TOP_SILKSCREEN" originx="208.66141732283" originy="208.66141732283" endx="181.10236220472" endy="208.66141732283" width="7.8740157480314" />
    <line layer="TOP_SILKSCREEN" originx="-208.66141732283" originy="208.66141732283" endx="-181.10236220472" endy="208.66141732283" width="7.8740157480314" />
    <line layer="TOP_SILKSCREEN" originx="-208.66141732283" originy="-208.66141732283" endx="-208.66141732283" endy="-181.10236220472" width="7.8740157480314" />
    <line layer="TOP_SILKSCREEN" originx="-208.66141732283" originy="208.66141732283" endx="-208.66141732283" endy="181.10236220472" width="7.8740157480314" />
    <line layer="TOP_SILKSCREEN" originx="208.66141732283" originy="208.66141732283" endx="208.66141732283" endy="181.10236220472" width="7.8740157480314" />
    <line layer="TOP_SILKSCREEN" originx="208.66141732283" originy="-208.66141732283" endx="208.66141732283" endy="-181.10236220472" width="7.8740157480314" />
  </footprint>
  <symbol name="1050281001" originx="0" originy="0">
    <line originx="200" originy="100" endx="700" endy="100" width="0" />
    <line originx="700" originy="-1600" endx="700" endy="100" width="0" />
    <line originx="700" originy="-1600" endx="200" endy="-1600" width="0" />
    <line originx="200" originy="100" endx="200" endy="-1600" width="0" />
    <sympin number="1" originx="200" originy="0" rotation="180" length="100" width="7.8740157480315" flipped="False">
      <text name="pinname" originx="230" originy="0" style="Default" rotation="0" justify="left" flipped="False" hidden="False" data="1" />
      <text name="pindes" originx="140" originy="20" style="Default" rotation="0" justify="lowerright" flipped="False" hidden="False" data="1" />
    </sympin>
    <sympin number="2" originx="200" originy="-100" rotation="180" length="100" width="7.8740157480315" flipped="False">
      <text name="pinname" originx="230" originy="-100" style="Default" rotation="0" justify="left" flipped="False" hidden="False" data="2" />
      <text name="pindes" originx="140" originy="-80" style="Default" rotation="0" justify="lowerright" flipped="False" hidden="False" data="2" />
    </sympin>
    <sympin number="3" originx="200" originy="-200" rotation="180" length="100" width="7.8740157480315" flipped="False">
      <text name="pinname" originx="230" originy="-200" style="Default" rotation="0" justify="left" flipped="False" hidden="False" data="3" />
      <text name="pindes" originx="140" originy="-180" style="Default" rotation="0" justify="lowerright" flipped="False" hidden="False" data="3" />
    </sympin>
    <sympin number="4" originx="200" originy="-300" rotation="180" length="100" width="7.8740157480315" flipped="False">
      <text name="pinname" originx="230" originy="-300" style="Default" rotation="0" justify="left" flipped="False" hidden="False" data="4" />
      <text name="pindes" originx="140" originy="-280" style="Default" rotation="0" justify="lowerright" flipped="False" hidden="False" data="4" />
    </sympin>
    <sympin number="5" originx="200" originy="-400" rotation="180" length="100" width="7.8740157480315" flipped="False">
      <text name="pinname" originx="230" originy="-400" style="Default" rotation="0" justify="left" flipped="False" hidden="False" data="5" />
      <text name="pindes" originx="140" originy="-380" style="Default" rotation="0" justify="lowerright" flipped="False" hidden="False" data="5" />
    </sympin>
    <sympin number="6" originx="200" originy="-500" rotation="180" length="100" width="7.8740157480315" flipped="False">
      <text name="pinname" originx="230" originy="-500" style="Default" rotation="0" justify="left" flipped="False" hidden="False" data="6" />
      <text name="pindes" originx="140" originy="-480" style="Default" rotation="0" justify="lowerright" flipped="False" hidden="False" data="6" />
    </sympin>
    <sympin number="7" originx="200" originy="-600" rotation="180" length="100" width="7.8740157480315" flipped="False">
      <text name="pinname" originx="230" originy="-600" style="Default" rotation="0" justify="left" flipped="False" hidden="False" data="7" />
      <text name="pindes" originx="140" originy="-580" style="Default" rotation="0" justify="lowerright" flipped="False" hidden="False" data="7" />
    </sympin>
    <sympin number="8" originx="200" originy="-700" rotation="180" length="100" width="7.8740157480315" flipped="False">
      <text name="pinname" originx="230" originy="-700" style="Default" rotation="0" justify="left" flipped="False" hidden="False" data="8" />
      <text name="pindes" originx="140" originy="-680" style="Default" rotation="0" justify="lowerright" flipped="False" hidden="False" data="8" />
    </sympin>
    <sympin number="9" originx="200" originy="-800" rotation="180" length="100" width="7.8740157480315" flipped="False">
      <text name="pinname" originx="230" originy="-800" style="Default" rotation="0" justify="left" flipped="False" hidden="False" data="9" />
      <text name="pindes" originx="140" originy="-780" style="Default" rotation="0" justify="lowerright" flipped="False" hidden="False" data="9" />
    </sympin>
    <sympin number="10" originx="200" originy="-900" rotation="180" length="100" width="7.8740157480315" flipped="False">
      <text name="pinname" originx="230" originy="-900" style="Default" rotation="0" justify="left" flipped="False" hidden="False" data="10" />
      <text name="pindes" originx="140" originy="-880" style="Default" rotation="0" justify="lowerright" flipped="False" hidden="False" data="10" />
    </sympin>
    <sympin number="11" originx="200" originy="-1000" rotation="180" length="100" width="7.8740157480315" flipped="False">
      <text name="pinname" originx="230" originy="-1000" style="Default" rotation="0" justify="left" flipped="False" hidden="False" data="11" />
      <text name="pindes" originx="140" originy="-980" style="Default" rotation="0" justify="lowerright" flipped="False" hidden="False" data="11" />
    </sympin>
    <sympin number="12" originx="200" originy="-1100" rotation="180" length="100" width="7.8740157480315" flipped="False">
      <text name="pinname" originx="230" originy="-1100" style="Default" rotation="0" justify="left" flipped="False" hidden="False" data="12" />
      <text name="pindes" originx="140" originy="-1080" style="Default" rotation="0" justify="lowerright" flipped="False" hidden="False" data="12" />
    </sympin>
    <sympin number="13" originx="200" originy="-1200" rotation="180" length="100" width="7.8740157480315" flipped="False">
      <text name="pinname" originx="230" originy="-1200" style="Default" rotation="0" justify="left" flipped="False" hidden="False" data="13" />
      <text name="pindes" originx="140" originy="-1180" style="Default" rotation="0" justify="lowerright" flipped="False" hidden="False" data="13" />
    </sympin>
    <sympin number="14" originx="200" originy="-1300" rotation="180" length="100" width="7.8740157480315" flipped="False">
      <text name="pinname" originx="230" originy="-1300" style="Default" rotation="0" justify="left" flipped="False" hidden="False" data="14" />
      <text name="pindes" originx="140" originy="-1280" style="Default" rotation="0" justify="lowerright" flipped="False" hidden="False" data="14" />
    </sympin>
    <sympin number="15" originx="200" originy="-1400" rotation="180" length="100" width="7.8740157480315" flipped="False">
      <text name="pinname" originx="230" originy="-1400" style="Default" rotation="0" justify="left" flipped="False" hidden="False" data="15" />
      <text name="pindes" originx="140" originy="-1380" style="Default" rotation="0" justify="lowerright" flipped="False" hidden="False" data="15" />
    </sympin>
    <sympin number="16" originx="200" originy="-1500" rotation="180" length="100" width="7.8740157480315" flipped="False">
      <text name="pinname" originx="230" originy="-1500" style="Default" rotation="0" justify="left" flipped="False" hidden="False" data="16" />
      <text name="pindes" originx="140" originy="-1480" style="Default" rotation="0" justify="lowerright" flipped="False" hidden="False" data="16" />
    </sympin>
    <sympin number="17" originx="700" originy="0" rotation="0" length="100" width="7.8740157480315" flipped="False">
      <text name="pinname" originx="670" originy="0" style="Default" rotation="0" justify="right" flipped="False" hidden="False" data="17" />
      <text name="pindes" originx="760" originy="20" style="Default" rotation="0" justify="lowerleft" flipped="False" hidden="False" data="17" />
    </sympin>
    <sympin number="18" originx="700" originy="-100" rotation="0" length="100" width="7.8740157480315" flipped="False">
      <text name="pinname" originx="670" originy="-100" style="Default" rotation="0" justify="right" flipped="False" hidden="False" data="18" />
      <text name="pindes" originx="760" originy="-80" style="Default" rotation="0" justify="lowerleft" flipped="False" hidden="False" data="18" />
    </sympin>
    <sympin number="19" originx="700" originy="-200" rotation="0" length="100" width="7.8740157480315" flipped="False">
      <text name="pinname" originx="670" originy="-200" style="Default" rotation="0" justify="right" flipped="False" hidden="False" data="19" />
      <text name="pindes" originx="760" originy="-180" style="Default" rotation="0" justify="lowerleft" flipped="False" hidden="False" data="19" />
    </sympin>
    <sympin number="20" originx="700" originy="-300" rotation="0" length="100" width="7.8740157480315" flipped="False">
      <text name="pinname" originx="670" originy="-300" style="Default" rotation="0" justify="right" flipped="False" hidden="False" data="20" />
      <text name="pindes" originx="760" originy="-280" style="Default" rotation="0" justify="lowerleft" flipped="False" hidden="False" data="20" />
    </sympin>
    <sympin number="21" originx="700" originy="-400" rotation="0" length="100" width="7.8740157480315" flipped="False">
      <text name="pinname" originx="670" originy="-400" style="Default" rotation="0" justify="right" flipped="False" hidden="False" data="21" />
      <text name="pindes" originx="760" originy="-380" style="Default" rotation="0" justify="lowerleft" flipped="False" hidden="False" data="21" />
    </sympin>
    <sympin number="22" originx="700" originy="-500" rotation="0" length="100" width="7.8740157480315" flipped="False">
      <text name="pinname" originx="670" originy="-500" style="Default" rotation="0" justify="right" flipped="False" hidden="False" data="22" />
      <text name="pindes" originx="760" originy="-480" style="Default" rotation="0" justify="lowerleft" flipped="False" hidden="False" data="22" />
    </sympin>
    <sympin number="23" originx="700" originy="-600" rotation="0" length="100" width="7.8740157480315" flipped="False">
      <text name="pinname" originx="670" originy="-600" style="Default" rotation="0" justify="right" flipped="False" hidden="False" data="23" />
      <text name="pindes" originx="760" originy="-580" style="Default" rotation="0" justify="lowerleft" flipped="False" hidden="False" data="23" />
    </sympin>
    <sympin number="24" originx="700" originy="-700" rotation="0" length="100" width="7.8740157480315" flipped="False">
      <text name="pinname" originx="670" originy="-700" style="Default" rotation="0" justify="right" flipped="False" hidden="False" data="24" />
      <text name="pindes" originx="760" originy="-680" style="Default" rotation="0" justify="lowerleft" flipped="False" hidden="False" data="24" />
    </sympin>
    <sympin number="25" originx="700" originy="-800" rotation="0" length="100" width="7.8740157480315" flipped="False">
      <text name="pinname" originx="670" originy="-800" style="Default" rotation="0" justify="right" flipped="False" hidden="False" data="25" />
      <text name="pindes" originx="760" originy="-780" style="Default" rotation="0" justify="lowerleft" flipped="False" hidden="False" data="25" />
    </sympin>
    <sympin number="26" originx="700" originy="-900" rotation="0" length="100" width="7.8740157480315" flipped="False">
      <text name="pinname" originx="670" originy="-900" style="Default" rotation="0" justify="right" flipped="False" hidden="False" data="26" />
      <text name="pindes" originx="760" originy="-880" style="Default" rotation="0" justify="lowerleft" flipped="False" hidden="False" data="26" />
    </sympin>
    <sympin number="27" originx="700" originy="-1000" rotation="0" length="100" width="7.8740157480315" flipped="False">
      <text name="pinname" originx="670" originy="-1000" style="Default" rotation="0" justify="right" flipped="False" hidden="False" data="27" />
      <text name="pindes" originx="760" originy="-980" style="Default" rotation="0" justify="lowerleft" flipped="False" hidden="False" data="27" />
    </sympin>
    <sympin number="28" originx="700" originy="-1100" rotation="0" length="100" width="7.8740157480315" flipped="False">
      <text name="pinname" originx="670" originy="-1100" style="Default" rotation="0" justify="right" flipped="False" hidden="False" data="28" />
      <text name="pindes" originx="760" originy="-1080" style="Default" rotation="0" justify="lowerleft" flipped="False" hidden="False" data="28" />
    </sympin>
    <sympin number="29" originx="700" originy="-1200" rotation="0" length="100" width="7.8740157480315" flipped="False">
      <text name="pinname" originx="670" originy="-1200" style="Default" rotation="0" justify="right" flipped="False" hidden="False" data="29" />
      <text name="pindes" originx="760" originy="-1180" style="Default" rotation="0" justify="lowerleft" flipped="False" hidden="False" data="29" />
    </sympin>
    <sympin number="30" originx="700" originy="-1300" rotation="0" length="100" width="7.8740157480315" flipped="False">
      <text name="pinname" originx="670" originy="-1300" style="Default" rotation="0" justify="right" flipped="False" hidden="False" data="30" />
      <text name="pindes" originx="760" originy="-1280" style="Default" rotation="0" justify="lowerleft" flipped="False" hidden="False" data="30" />
    </sympin>
    <sympin number="31" originx="700" originy="-1400" rotation="0" length="100" width="7.8740157480315" flipped="False">
      <text name="pinname" originx="670" originy="-1400" style="Default" rotation="0" justify="right" flipped="False" hidden="False" data="31" />
      <text name="pindes" originx="760" originy="-1380" style="Default" rotation="0" justify="lowerleft" flipped="False" hidden="False" data="31" />
    </sympin>
    <sympin number="32" originx="700" originy="-1500" rotation="0" length="100" width="7.8740157480315" flipped="False">
      <text name="pinname" originx="670" originy="-1500" style="Default" rotation="0" justify="right" flipped="False" hidden="False" data="32" />
      <text name="pindes" originx="760" originy="-1480" style="Default" rotation="0" justify="lowerleft" flipped="False" hidden="False" data="32" />
    </sympin>
  </symbol>
  <component name="1050281001" designatorprefix="J" height="0" footprint="105028-1001">
    <comppin designator="1" sympin="1" pinswap="0" gateswap="0" gate="1" group="1" side="" type="Any" name="1" />
    <comppin designator="2" sympin="2" pinswap="0" gateswap="0" gate="1" group="1" side="" type="Any" name="2" />
    <comppin designator="3" sympin="3" pinswap="0" gateswap="0" gate="1" group="1" side="" type="Any" name="3" />
    <comppin designator="4" sympin="4" pinswap="0" gateswap="0" gate="1" group="1" side="" type="Any" name="4" />
    <comppin designator="5" sympin="5" pinswap="0" gateswap="0" gate="1" group="1" side="" type="Any" name="5" />
    <comppin designator="6" sympin="6" pinswap="0" gateswap="0" gate="1" group="1" side="" type="Any" name="6" />
    <comppin designator="7" sympin="7" pinswap="0" gateswap="0" gate="1" group="1" side="" type="Any" name="7" />
    <comppin designator="8" sympin="8" pinswap="0" gateswap="0" gate="1" group="1" side="" type="Any" name="8" />
    <comppin designator="9" sympin="9" pinswap="0" gateswap="0" gate="1" group="1" side="" type="Any" name="9" />
    <comppin designator="10" sympin="10" pinswap="0" gateswap="0" gate="1" group="1" side="" type="Any" name="10" />
    <comppin designator="11" sympin="11" pinswap="0" gateswap="0" gate="1" group="1" side="" type="Any" name="11" />
    <comppin designator="12" sympin="12" pinswap="0" gateswap="0" gate="1" group="1" side="" type="Any" name="12" />
    <comppin designator="13" sympin="13" pinswap="0" gateswap="0" gate="1" group="1" side="" type="Any" name="13" />
    <comppin designator="14" sympin="14" pinswap="0" gateswap="0" gate="1" group="1" side="" type="Any" name="14" />
    <comppin designator="15" sympin="15" pinswap="0" gateswap="0" gate="1" group="1" side="" type="Any" name="15" />
    <comppin designator="16" sympin="16" pinswap="0" gateswap="0" gate="1" group="1" side="" type="Any" name="16" />
    <comppin designator="17" sympin="17" pinswap="0" gateswap="0" gate="1" group="1" side="" type="Any" name="17" />
    <comppin designator="18" sympin="18" pinswap="0" gateswap="0" gate="1" group="1" side="" type="Any" name="18" />
    <comppin designator="19" sympin="19" pinswap="0" gateswap="0" gate="1" group="1" side="" type="Any" name="19" />
    <comppin designator="20" sympin="20" pinswap="0" gateswap="0" gate="1" group="1" side="" type="Any" name="20" />
    <comppin designator="21" sympin="21" pinswap="0" gateswap="0" gate="1" group="1" side="" type="Any" name="21" />
    <comppin designator="22" sympin="22" pinswap="0" gateswap="0" gate="1" group="1" side="" type="Any" name="22" />
    <comppin designator="23" sympin="23" pinswap="0" gateswap="0" gate="1" group="1" side="" type="Any" name="23" />
    <comppin designator="24" sympin="24" pinswap="0" gateswap="0" gate="1" group="1" side="" type="Any" name="24" />
    <comppin designator="25" sympin="25" pinswap="0" gateswap="0" gate="1" group="1" side="" type="Any" name="25" />
    <comppin designator="26" sympin="26" pinswap="0" gateswap="0" gate="1" group="1" side="" type="Any" name="26" />
    <comppin designator="27" sympin="27" pinswap="0" gateswap="0" gate="1" group="1" side="" type="Any" name="27" />
    <comppin designator="28" sympin="28" pinswap="0" gateswap="0" gate="1" group="1" side="" type="Any" name="28" />
    <comppin designator="29" sympin="29" pinswap="0" gateswap="0" gate="1" group="1" side="" type="Any" name="29" />
    <comppin designator="30" sympin="30" pinswap="0" gateswap="0" gate="1" group="1" side="" type="Any" name="30" />
    <comppin designator="31" sympin="31" pinswap="0" gateswap="0" gate="1" group="1" side="" type="Any" name="31" />
    <comppin designator="32" sympin="32" pinswap="0" gateswap="0" gate="1" group="1" side="" type="Any" name="32" />
    <attached_symbol gate="1" name="1050281001" />
    <pinmap designator="1" footprintpin="1" />
    <pinmap designator="2" footprintpin="2" />
    <pinmap designator="3" footprintpin="3" />
    <pinmap designator="4" footprintpin="4" />
    <pinmap designator="5" footprintpin="5" />
    <pinmap designator="6" footprintpin="6" />
    <pinmap designator="7" footprintpin="7" />
    <pinmap designator="8" footprintpin="8" />
    <pinmap designator="9" footprintpin="9" />
    <pinmap designator="10" footprintpin="10" />
    <pinmap designator="11" footprintpin="11" />
    <pinmap designator="12" footprintpin="12" />
    <pinmap designator="13" footprintpin="13" />
    <pinmap designator="14" footprintpin="14" />
    <pinmap designator="15" footprintpin="15" />
    <pinmap designator="16" footprintpin="16" />
    <pinmap designator="17" footprintpin="17" />
    <pinmap designator="18" footprintpin="18" />
    <pinmap designator="19" footprintpin="19" />
    <pinmap designator="20" footprintpin="20" />
    <pinmap designator="21" footprintpin="21" />
    <pinmap designator="22" footprintpin="22" />
    <pinmap designator="23" footprintpin="23" />
    <pinmap designator="24" footprintpin="24" />
    <pinmap designator="25" footprintpin="25" />
    <pinmap designator="26" footprintpin="26" />
    <pinmap designator="27" footprintpin="27" />
    <pinmap designator="28" footprintpin="28" />
    <pinmap designator="29" footprintpin="29" />
    <pinmap designator="30" footprintpin="30" />
    <pinmap designator="31" footprintpin="31" />
    <pinmap designator="32" footprintpin="32" />
    <text name="Datasheet" originx="0" originy="0" style="Default" rotation="0" justify="" flipped="False" hidden="True" data="https://www.molex.com/pdm_docs/sd/1050281001_sd.pdf" />
    <text name="Description" originx="0" originy="0" style="Default" rotation="0" justify="" flipped="False" hidden="True" data="CONN CAM SOCKET 32POS GOLD" />
    <text name="Manufacturer_Name" originx="0" originy="0" style="Default" rotation="0" justify="" flipped="False" hidden="True" data="Molex" />
    <text name="Manufacturer_Part_Number" originx="750" originy="200" style="Default" rotation="0" justify="left" flipped="False" hidden="False" data="1050281001" />
    <text name="Mouser Part Number" originx="0" originy="0" style="Default" rotation="0" justify="" flipped="False" hidden="True" data="" />
    <text name="Mouser Price/Stock" originx="0" originy="0" style="Default" rotation="0" justify="" flipped="False" hidden="True" data="" />
    <text name="Arrow Part Number" originx="0" originy="0" style="Default" rotation="0" justify="" flipped="False" hidden="True" data="1050281001" />
    <text name="Arrow Price/Stock" originx="0" originy="0" style="Default" rotation="0" justify="" flipped="False" hidden="True" data="https://www.arrow.com/en/products/1050281001/molex?utm_currency=USD&amp;region=nac" />
  </component>
</quadcept_library>
