<?xml version="1.0" encoding="utf-8"?>
<!--/222476/1318237/2.50/3/3/Transistor/-->
<quadcept_library>
  <setting unit="mil" />
  <textstyle name="Default" height="47.244094488189" strokewidth="7.8740157480315" charwidth="47.244094488189" />
  <textstyle name="Dimension" height="19.6850393700787" strokewidth="0" charwidth="19.6850393700787" />
  <textstyle name="H127W0635TH00762" height="50" strokewidth="3" charwidth="25" />
  <textstyle name="H15W15TH02" height="59.0551181102362" strokewidth="7.8740157480315" charwidth="59.0551181102362" />
  <padstyle name="r140_60" surface="True" plated="False" isvia="False" nopaste="False" nomask="True" complex="False" holesize="0">
    <padshape layer="TOP" shape="rectangle" width="23.622047244094" height="55.11811023622" />
    <padshape layer="TOP_SOLDER_MASK" shape="rectangle" width="31.496062992126" height="62.992125984251" />
    <padshape layer="TOP_SOLDER_PASTE" shape="rectangle" width="23.622047244094" height="55.11811023622" />
  </padstyle>
  <footprint name="SOT95P255X140-3N" originx="0" originy="0" pickpointx="0" pickpointy="0">
    <pcbpin number="1" name="1" style="r140_60" originx="-45.275590551181" originy="37.401574803149" rotation="90" />
    <pcbpin number="2" name="2" style="r140_60" originx="-45.275590551181" originy="-37.401574803149" rotation="90" />
    <pcbpin number="3" name="3" style="r140_60" originx="45.275590551181" originy="0" rotation="90" />
    <line layer="TOP_PLACE_BOUND" originx="-82.67716535433" originy="69.685039370078" endx="82.67716535433" endy="69.685039370078" width="1.9685039370079" />
    <line layer="TOP_PLACE_BOUND" originx="82.67716535433" originy="69.685039370078" endx="82.67716535433" endy="-69.685039370078" width="1.9685039370079" />
    <line layer="TOP_PLACE_BOUND" originx="82.67716535433" originy="-69.685039370078" endx="-82.67716535433" endy="-69.685039370078" width="1.9685039370079" />
    <line layer="TOP_PLACE_BOUND" originx="-82.67716535433" originy="-69.685039370078" endx="-82.67716535433" endy="69.685039370078" width="1.9685039370079" />
    <line layer="TOP_ASSEMBLY" originx="-29.055118110236" originy="57.007874015747" endx="29.055118110236" endy="57.007874015747" width="3.9370078740157" />
    <line layer="TOP_ASSEMBLY" originx="29.055118110236" originy="57.007874015747" endx="29.055118110236" endy="-57.007874015747" width="3.9370078740157" />
    <line layer="TOP_ASSEMBLY" originx="29.055118110236" originy="-57.007874015747" endx="-29.055118110236" endy="-57.007874015747" width="3.9370078740157" />
    <line layer="TOP_ASSEMBLY" originx="-29.055118110236" originy="-57.007874015747" endx="-29.055118110236" endy="57.007874015747" width="3.9370078740157" />
    <line layer="TOP_ASSEMBLY" originx="-29.055118110236" originy="19.606299212598" endx="8.3464566929133" endy="57.007874015747" width="3.9370078740157" />
    <line layer="TOP_SILKSCREEN" originx="-3.9370078740157" originy="57.007874015747" endx="3.9370078740157" endy="57.007874015747" width="7.8740157480314" />
    <line layer="TOP_SILKSCREEN" originx="3.9370078740157" originy="57.007874015747" endx="3.9370078740157" endy="-57.007874015747" width="7.8740157480314" />
    <line layer="TOP_SILKSCREEN" originx="3.9370078740157" originy="-57.007874015747" endx="-3.9370078740157" endy="-57.007874015747" width="7.8740157480314" />
    <line layer="TOP_SILKSCREEN" originx="-3.9370078740157" originy="-57.007874015747" endx="-3.9370078740157" endy="57.007874015747" width="7.8740157480314" />
    <line layer="TOP_SILKSCREEN" originx="-72.83464566929" originy="59.055118110235" endx="-17.716535433071" endy="59.055118110235" width="7.8740157480314" />
  </footprint>
  <symbol name="STR2N2VH5" originx="0" originy="0">
    <line originx="200" originy="100" endx="600" endy="100" width="0" />
    <line originx="600" originy="-200" endx="600" endy="100" width="0" />
    <line originx="600" originy="-200" endx="200" endy="-200" width="0" />
    <line originx="200" originy="100" endx="200" endy="-200" width="0" />
    <sympin number="1" originx="200" originy="0" rotation="180" length="100" width="7.8740157480315" flipped="False">
      <text name="pinname" originx="230" originy="0" style="Default" rotation="0" justify="left" flipped="False" hidden="False" data="G" />
      <text name="pindes" originx="140" originy="20" style="Default" rotation="0" justify="lowerright" flipped="False" hidden="False" data="1" />
    </sympin>
    <sympin number="2" originx="200" originy="-100" rotation="180" length="100" width="7.8740157480315" flipped="False">
      <text name="pinname" originx="230" originy="-100" style="Default" rotation="0" justify="left" flipped="False" hidden="False" data="S" />
      <text name="pindes" originx="140" originy="-80" style="Default" rotation="0" justify="lowerright" flipped="False" hidden="False" data="2" />
    </sympin>
    <sympin number="3" originx="600" originy="0" rotation="0" length="100" width="7.8740157480315" flipped="False">
      <text name="pinname" originx="570" originy="0" style="Default" rotation="0" justify="right" flipped="False" hidden="False" data="D" />
      <text name="pindes" originx="660" originy="20" style="Default" rotation="0" justify="lowerleft" flipped="False" hidden="False" data="3" />
    </sympin>
  </symbol>
  <component name="STR2N2VH5" designatorprefix="Q" height="55.11811023622" footprint="SOT95P255X140-3N">
    <comppin designator="1" sympin="1" pinswap="0" gateswap="0" gate="1" group="1" side="" type="Any" name="G" />
    <comppin designator="2" sympin="2" pinswap="0" gateswap="0" gate="1" group="1" side="" type="Any" name="S" />
    <comppin designator="3" sympin="3" pinswap="0" gateswap="0" gate="1" group="1" side="" type="Any" name="D" />
    <attached_symbol gate="1" name="STR2N2VH5" />
    <pinmap designator="1" footprintpin="1" />
    <pinmap designator="2" footprintpin="2" />
    <pinmap designator="3" footprintpin="3" />
    <text name="Datasheet" originx="0" originy="0" style="Default" rotation="0" justify="" flipped="False" hidden="True" data="http://www.st.com/web/en/resource/technical/document/datasheet/DM00068028.pdf" />
    <text name="Description" originx="0" originy="0" style="Default" rotation="0" justify="" flipped="False" hidden="True" data="STMICROELECTRONICS - STR2N2VH5 - Power MOSFET, N Channel, 20 V, 2.3 A, 0.025 ohm, SOT-23, Surface Mount" />
    <text name="Manufacturer_Name" originx="0" originy="0" style="Default" rotation="0" justify="" flipped="False" hidden="True" data="STMicroelectronics" />
    <text name="Manufacturer_Part_Number" originx="650" originy="200" style="Default" rotation="0" justify="left" flipped="False" hidden="False" data="STR2N2VH5" />
    <text name="Mouser Part Number" originx="0" originy="0" style="Default" rotation="0" justify="" flipped="False" hidden="True" data="511-STR2N2VH5" />
    <text name="Mouser Price/Stock" originx="0" originy="0" style="Default" rotation="0" justify="" flipped="False" hidden="True" data="https://www.mouser.co.uk/ProductDetail/STMicroelectronics/STR2N2VH5?qs=DqCdCwOw4%2F7ywJ4pldZRmw%3D%3D" />
    <text name="Arrow Part Number" originx="0" originy="0" style="Default" rotation="0" justify="" flipped="False" hidden="True" data="STR2N2VH5" />
    <text name="Arrow Price/Stock" originx="0" originy="0" style="Default" rotation="0" justify="" flipped="False" hidden="True" data="https://www.arrow.com/en/products/str2n2vh5/stmicroelectronics?region=europe" />
  </component>
</quadcept_library>
