<?xml version="1.0" encoding="utf-8"?>
<!--/12887301/1318237/2.50/6/3/Switch/-->
<quadcept_library>
  <setting unit="mil" />
  <textstyle name="Default" height="47.244094488189" strokewidth="7.8740157480315" charwidth="47.244094488189" />
  <textstyle name="Dimension" height="19.6850393700787" strokewidth="0" charwidth="19.6850393700787" />
  <textstyle name="H127W0635TH00762" height="50" strokewidth="3" charwidth="25" />
  <textstyle name="H15W15TH02" height="59.0551181102362" strokewidth="7.8740157480315" charwidth="59.0551181102362" />
  <padstyle name="r65_60" surface="True" plated="False" isvia="False" nopaste="False" nomask="True" complex="False" holesize="0">
    <padshape layer="TOP" shape="rectangle" width="23.622047244094" height="25.590551181102" />
    <padshape layer="TOP_SOLDER_MASK" shape="rectangle" width="31.496062992126" height="33.464566929133" />
    <padshape layer="TOP_SOLDER_PASTE" shape="rectangle" width="23.622047244094" height="25.590551181102" />
  </padstyle>
  <padstyle name="r70_35" surface="True" plated="False" isvia="False" nopaste="False" nomask="True" complex="False" holesize="0">
    <padshape layer="TOP" shape="rectangle" width="13.779527559055" height="27.55905511811" />
    <padshape layer="TOP_SOLDER_MASK" shape="rectangle" width="21.653543307086" height="35.433070866141" />
    <padshape layer="TOP_SOLDER_PASTE" shape="rectangle" width="13.779527559055" height="27.55905511811" />
  </padstyle>
  <footprint name="435151014824" originx="0" originy="0" pickpointx="0" pickpointy="0">
    <pcbpin number="1" name="1" style="r65_60" originx="-62.007874015747" originy="33.464566929133" rotation="90" />
    <pcbpin number="2" name="2" style="r65_60" originx="62.007874015747" originy="33.464566929133" rotation="90" />
    <pcbpin number="3" name="3" style="r65_60" originx="-62.007874015747" originy="-33.464566929133" rotation="90" />
    <pcbpin number="4" name="4" style="r65_60" originx="62.007874015747" originy="-33.464566929133" rotation="90" />
    <pcbpin number="5" name="5" style="r70_35" originx="-67.913385826771" originy="0" rotation="0" />
    <pcbpin number="6" name="6" style="r70_35" originx="67.913385826771" originy="0" rotation="0" />
    <line layer="TOP_ASSEMBLY" originx="-59.055118110235" originy="51.181102362204" endx="59.055118110235" endy="51.181102362204" width="3.9370078740157" />
    <line layer="TOP_ASSEMBLY" originx="59.055118110235" originy="51.181102362204" endx="59.055118110235" endy="-51.181102362204" width="3.9370078740157" />
    <line layer="TOP_ASSEMBLY" originx="59.055118110235" originy="-51.181102362204" endx="-59.055118110235" endy="-51.181102362204" width="3.9370078740157" />
    <line layer="TOP_ASSEMBLY" originx="-59.055118110235" originy="-51.181102362204" endx="-59.055118110235" endy="51.181102362204" width="3.9370078740157" />
    <line layer="TOP_PLACE_BOUND" originx="-116.14173228346" originy="90.551181102361" endx="116.14173228346" endy="90.551181102361" width="3.9370078740157" />
    <line layer="TOP_PLACE_BOUND" originx="116.14173228346" originy="90.551181102361" endx="116.14173228346" endy="-90.551181102361" width="3.9370078740157" />
    <line layer="TOP_PLACE_BOUND" originx="116.14173228346" originy="-90.551181102361" endx="-116.14173228346" endy="-90.551181102361" width="3.9370078740157" />
    <line layer="TOP_PLACE_BOUND" originx="-116.14173228346" originy="-90.551181102361" endx="-116.14173228346" endy="90.551181102361" width="3.9370078740157" />
    <line layer="TOP_SILKSCREEN" originx="-39.370078740157" originy="-51.181102362204" endx="39.370078740157" endy="-51.181102362204" width="7.8740157480314" />
    <line layer="TOP_SILKSCREEN" originx="-39.370078740157" originy="51.181102362204" endx="39.370078740157" endy="51.181102362204" width="7.8740157480314" />
    <line layer="TOP_SILKSCREEN" originx="-94.488188976377" originy="31.496062992126" endx="-94.488188976377" endy="31.496062992126" width="3.9370078740157" />
    <arc layer="TOP_SILKSCREEN" originx="-94.488188976377" originy="33.464566929133" startangle="-90.0" sweepangle="180.0" radius="1.9685039370078" width="3.9370078740157" />
    <line layer="TOP_SILKSCREEN" originx="-94.488188976377" originy="35.433070866141" endx="-94.488188976377" endy="35.433070866141" width="3.9370078740157" />
    <arc layer="TOP_SILKSCREEN" originx="-94.488188976377" originy="33.464566929133" startangle="90.0" sweepangle="180.0" radius="1.9685039370078" width="3.9370078740157" />
  </footprint>
  <symbol name="435151014824" originx="0" originy="0">
    <line originx="200" originy="400" endx="1000" endy="400" width="0" />
    <line originx="1000" originy="-500" endx="1000" endy="400" width="0" />
    <line originx="1000" originy="-500" endx="200" endy="-500" width="0" />
    <line originx="200" originy="400" endx="200" endy="-500" width="0" />
    <sympin number="1" originx="500" originy="400" rotation="90" length="100" width="7.8740157480315" flipped="False">
      <text name="pinname" originx="500" originy="370" style="Default" rotation="0" justify="right" flipped="False" hidden="False" data="NO_1" />
      <text name="pindes" originx="480" originy="460" style="Default" rotation="0" justify="lowerleft" flipped="False" hidden="False" data="1" />
    </sympin>
    <sympin number="2" originx="600" originy="400" rotation="90" length="100" width="7.8740157480315" flipped="False">
      <text name="pinname" originx="600" originy="370" style="Default" rotation="0" justify="right" flipped="False" hidden="False" data="NO_2" />
      <text name="pindes" originx="580" originy="460" style="Default" rotation="0" justify="lowerleft" flipped="False" hidden="False" data="2" />
    </sympin>
    <sympin number="3" originx="500" originy="-500" rotation="270" length="100" width="7.8740157480315" flipped="False">
      <text name="pinname" originx="500" originy="-470" style="Default" rotation="0" justify="left" flipped="False" hidden="False" data="COM_1" />
      <text name="pindes" originx="480" originy="-560" style="Default" rotation="0" justify="lowerright" flipped="False" hidden="False" data="3" />
    </sympin>
    <sympin number="4" originx="600" originy="-500" rotation="270" length="100" width="7.8740157480315" flipped="False">
      <text name="pinname" originx="600" originy="-470" style="Default" rotation="0" justify="left" flipped="False" hidden="False" data="COM_2" />
      <text name="pindes" originx="580" originy="-560" style="Default" rotation="0" justify="lowerright" flipped="False" hidden="False" data="4" />
    </sympin>
    <sympin number="5" originx="200" originy="0" rotation="180" length="100" width="7.8740157480315" flipped="False">
      <text name="pinname" originx="230" originy="0" style="Default" rotation="0" justify="left" flipped="False" hidden="False" data="GND_1" />
      <text name="pindes" originx="140" originy="20" style="Default" rotation="0" justify="lowerright" flipped="False" hidden="False" data="5" />
    </sympin>
    <sympin number="6" originx="1000" originy="0" rotation="0" length="100" width="7.8740157480315" flipped="False">
      <text name="pinname" originx="970" originy="0" style="Default" rotation="0" justify="right" flipped="False" hidden="False" data="GND_2" />
      <text name="pindes" originx="1060" originy="20" style="Default" rotation="0" justify="lowerleft" flipped="False" hidden="False" data="6" />
    </sympin>
  </symbol>
  <component name="435151014824" designatorprefix="S" height="55.11811023622" footprint="435151014824">
    <comppin designator="1" sympin="1" pinswap="0" gateswap="0" gate="1" group="1" side="" type="Any" name="NO_1" />
    <comppin designator="2" sympin="2" pinswap="0" gateswap="0" gate="1" group="1" side="" type="Any" name="NO_2" />
    <comppin designator="3" sympin="3" pinswap="0" gateswap="0" gate="1" group="1" side="" type="Any" name="COM_1" />
    <comppin designator="4" sympin="4" pinswap="0" gateswap="0" gate="1" group="1" side="" type="Any" name="COM_2" />
    <comppin designator="5" sympin="5" pinswap="0" gateswap="0" gate="1" group="1" side="" type="Any" name="GND_1" />
    <comppin designator="6" sympin="6" pinswap="0" gateswap="0" gate="1" group="1" side="" type="Any" name="GND_2" />
    <attached_symbol gate="1" name="435151014824" />
    <pinmap designator="1" footprintpin="1" />
    <pinmap designator="2" footprintpin="2" />
    <pinmap designator="3" footprintpin="3" />
    <pinmap designator="4" footprintpin="4" />
    <pinmap designator="5" footprintpin="5" />
    <pinmap designator="6" footprintpin="6" />
    <text name="Datasheet" originx="0" originy="0" style="Default" rotation="0" justify="" flipped="False" hidden="True" data="https://componentsearchengine.com/Datasheets/2/435151014824.pdf" />
    <text name="Description" originx="0" originy="0" style="Default" rotation="0" justify="" flipped="False" hidden="True" data="Tactile Switches WS-TASV Tact Switch" />
    <text name="Mouser Part Number" originx="0" originy="0" style="Default" rotation="0" justify="" flipped="False" hidden="True" data="710-435151014824" />
    <text name="Mouser Price/Stock" originx="0" originy="0" style="Default" rotation="0" justify="" flipped="False" hidden="True" data="https://www.mouser.co.uk/ProductDetail/Wurth-Elektronik/435151014824?qs=OlC7AqGiEDkCCtReGm3ZVw%3D%3D" />
    <text name="Manufacturer_Name" originx="0" originy="0" style="Default" rotation="0" justify="" flipped="False" hidden="True" data="Wurth Elektronik" />
    <text name="Manufacturer_Part_Number" originx="1050" originy="500" style="Default" rotation="0" justify="left" flipped="False" hidden="False" data="435151014824" />
  </component>
</quadcept_library>
