<?xml version="1.0" encoding="utf-8"?>
<!--/1886285/1318237/2.50/5/4/Filter/-->
<quadcept_library>
  <setting unit="mil" />
  <textstyle name="Default" height="47.244094488189" strokewidth="7.8740157480315" charwidth="47.244094488189" />
  <textstyle name="Dimension" height="19.6850393700787" strokewidth="0" charwidth="19.6850393700787" />
  <textstyle name="H127W0635TH00762" height="50" strokewidth="3" charwidth="25" />
  <textstyle name="H15W15TH02" height="59.0551181102362" strokewidth="7.8740157480315" charwidth="59.0551181102362" />
  <padstyle name="r32.5_25" surface="True" plated="False" isvia="False" nopaste="False" nomask="True" complex="False" holesize="0">
    <padshape layer="TOP" shape="rectangle" width="9.8425196850392" height="12.795275590551" />
    <padshape layer="TOP_SOLDER_MASK" shape="rectangle" width="17.716535433071" height="20.669291338582" />
    <padshape layer="TOP_SOLDER_PASTE" shape="rectangle" width="9.8425196850392" height="12.795275590551" />
  </padstyle>
  <footprint name="SF141582M5UUD2" originx="0" originy="0" pickpointx="0" pickpointy="0">
    <pcbpin number="1" name="1" style="r32.5_25" originx="-19.685039370078" originy="0" rotation="0" />
    <pcbpin number="2" name="2" style="r32.5_25" originx="0" originy="-11.299212598425" rotation="0" />
    <pcbpin number="3" name="3" style="r32.5_25" originx="19.685039370078" originy="-11.299212598425" rotation="0" />
    <pcbpin number="4" name="4" style="r32.5_25" originx="19.685039370078" originy="11.299212598425" rotation="0" />
    <pcbpin number="5" name="5" style="r32.5_25" originx="0" originy="11.299212598425" rotation="0" />
    <line layer="TOP_ASSEMBLY" originx="-27.55905511811" originy="21.653543307086" endx="27.55905511811" endy="21.653543307086" width="3.9370078740157" />
    <line layer="TOP_ASSEMBLY" originx="27.55905511811" originy="21.653543307086" endx="27.55905511811" endy="-21.653543307086" width="3.9370078740157" />
    <line layer="TOP_ASSEMBLY" originx="27.55905511811" originy="-21.653543307086" endx="-27.55905511811" endy="-21.653543307086" width="3.9370078740157" />
    <line layer="TOP_ASSEMBLY" originx="-27.55905511811" originy="-21.653543307086" endx="-27.55905511811" endy="21.653543307086" width="3.9370078740157" />
    <line layer="TOP_PLACE_BOUND" originx="-66.929133858267" originy="61.023622047243" endx="66.929133858267" endy="61.023622047243" width="3.9370078740157" />
    <line layer="TOP_PLACE_BOUND" originx="66.929133858267" originy="61.023622047243" endx="66.929133858267" endy="-61.023622047243" width="3.9370078740157" />
    <line layer="TOP_PLACE_BOUND" originx="66.929133858267" originy="-61.023622047243" endx="-66.929133858267" endy="-61.023622047243" width="3.9370078740157" />
    <line layer="TOP_PLACE_BOUND" originx="-66.929133858267" originy="-61.023622047243" endx="-66.929133858267" endy="61.023622047243" width="3.9370078740157" />
    <line layer="TOP_SILKSCREEN" originx="-47.244094488188" originy="0" endx="-47.244094488188" endy="0" width="3.9370078740157" />
    <arc layer="TOP_SILKSCREEN" originx="-45.275590551181" originy="0" startangle="180.0" sweepangle="180.0" radius="1.9685039370079" width="3.9370078740157" />
    <line layer="TOP_SILKSCREEN" originx="-43.307086614173" originy="0" endx="-43.307086614173" endy="0" width="3.9370078740157" />
    <arc layer="TOP_SILKSCREEN" originx="-45.275590551181" originy="0" startangle=".0" sweepangle="180.0" radius="1.9685039370079" width="3.9370078740157" />
  </footprint>
  <symbol name="SF14-1582M5UUD2" originx="0" originy="0">
    <line originx="200" originy="100" endx="1100" endy="100" width="0" />
    <line originx="1100" originy="-300" endx="1100" endy="100" width="0" />
    <line originx="1100" originy="-300" endx="200" endy="-300" width="0" />
    <line originx="200" originy="100" endx="200" endy="-300" width="0" />
    <sympin number="1" originx="200" originy="0" rotation="180" length="100" width="7.8740157480315" flipped="False">
      <text name="pinname" originx="230" originy="0" style="Default" rotation="0" justify="left" flipped="False" hidden="False" data="INPUT" />
      <text name="pindes" originx="140" originy="20" style="Default" rotation="0" justify="lowerright" flipped="False" hidden="False" data="1" />
    </sympin>
    <sympin number="2" originx="200" originy="-100" rotation="180" length="100" width="7.8740157480315" flipped="False">
      <text name="pinname" originx="230" originy="-100" style="Default" rotation="0" justify="left" flipped="False" hidden="False" data="GND_1" />
      <text name="pindes" originx="140" originy="-80" style="Default" rotation="0" justify="lowerright" flipped="False" hidden="False" data="2" />
    </sympin>
    <sympin number="3" originx="200" originy="-200" rotation="180" length="100" width="7.8740157480315" flipped="False">
      <text name="pinname" originx="230" originy="-200" style="Default" rotation="0" justify="left" flipped="False" hidden="False" data="GND_2" />
      <text name="pindes" originx="140" originy="-180" style="Default" rotation="0" justify="lowerright" flipped="False" hidden="False" data="3" />
    </sympin>
    <sympin number="4" originx="1100" originy="0" rotation="0" length="100" width="7.8740157480315" flipped="False">
      <text name="pinname" originx="1070" originy="0" style="Default" rotation="0" justify="right" flipped="False" hidden="False" data="OUTPUT" />
      <text name="pindes" originx="1160" originy="20" style="Default" rotation="0" justify="lowerleft" flipped="False" hidden="False" data="4" />
    </sympin>
    <sympin number="5" originx="1100" originy="-100" rotation="0" length="100" width="7.8740157480315" flipped="False">
      <text name="pinname" originx="1070" originy="-100" style="Default" rotation="0" justify="right" flipped="False" hidden="False" data="GND_3" />
      <text name="pindes" originx="1160" originy="-80" style="Default" rotation="0" justify="lowerleft" flipped="False" hidden="False" data="5" />
    </sympin>
  </symbol>
  <component name="SF14-1582M5UUD2" designatorprefix="FL" height="27.55905511811" footprint="SF141582M5UUD2">
    <comppin designator="1" sympin="1" pinswap="0" gateswap="0" gate="1" group="1" side="" type="Any" name="INPUT" />
    <comppin designator="2" sympin="2" pinswap="0" gateswap="0" gate="1" group="1" side="" type="Any" name="GND_1" />
    <comppin designator="3" sympin="3" pinswap="0" gateswap="0" gate="1" group="1" side="" type="Any" name="GND_2" />
    <comppin designator="4" sympin="4" pinswap="0" gateswap="0" gate="1" group="1" side="" type="Any" name="OUTPUT" />
    <comppin designator="5" sympin="5" pinswap="0" gateswap="0" gate="1" group="1" side="" type="Any" name="GND_3" />
    <attached_symbol gate="1" name="SF14-1582M5UUD2" />
    <pinmap designator="1" footprintpin="1" />
    <pinmap designator="2" footprintpin="2" />
    <pinmap designator="3" footprintpin="3" />
    <pinmap designator="4" footprintpin="4" />
    <pinmap designator="5" footprintpin="5" />
    <text name="Datasheet" originx="0" originy="0" style="Default" rotation="0" justify="" flipped="False" hidden="True" data="https://componentsearchengine.com/Datasheets/1/SF14-1582M5UUD2.pdf" />
    <text name="Description" originx="0" originy="0" style="Default" rotation="0" justify="" flipped="False" hidden="True" data="Signal Conditioning SAW FILTER 1582MHz" />
    <text name="Mouser Part Number" originx="0" originy="0" style="Default" rotation="0" justify="" flipped="False" hidden="True" data="581-SF14-1582M5UUD2" />
    <text name="Mouser Price/Stock" originx="0" originy="0" style="Default" rotation="0" justify="" flipped="False" hidden="True" data="https://www.mouser.com/Search/Refine.aspx?Keyword=581-SF14-1582M5UUD2" />
    <text name="Manufacturer_Name" originx="0" originy="0" style="Default" rotation="0" justify="" flipped="False" hidden="True" data="Kyocera AVX" />
    <text name="Manufacturer_Part_Number" originx="1150" originy="200" style="Default" rotation="0" justify="left" flipped="False" hidden="False" data="SF14-1582M5UUD2" />
  </component>
</quadcept_library>
