<?xml version="1.0" encoding="utf-8"?>
<!--/1288501/1318237/2.50/3/2/Crystal or Oscillator/-->
<quadcept_library>
  <setting unit="mil" />
  <textstyle name="Default" height="47.244094488189" strokewidth="7.8740157480315" charwidth="47.244094488189" />
  <textstyle name="Dimension" height="19.6850393700787" strokewidth="0" charwidth="19.6850393700787" />
  <textstyle name="H127W0635TH00762" height="50" strokewidth="3" charwidth="25" />
  <textstyle name="H15W15TH02" height="59.0551181102362" strokewidth="7.8740157480315" charwidth="59.0551181102362" />
  <padstyle name="r190_40" surface="True" plated="False" isvia="False" nopaste="False" nomask="True" complex="False" holesize="0">
    <padshape layer="TOP" shape="rectangle" width="15.748031496063" height="74.803149606298" />
    <padshape layer="TOP_SOLDER_MASK" shape="rectangle" width="23.622047244094" height="82.67716535433" />
    <padshape layer="TOP_SOLDER_PASTE" shape="rectangle" width="15.748031496063" height="74.803149606298" />
  </padstyle>
  <footprint name="CSTNE12M0GH5L000R0" originx="0" originy="0" pickpointx="0" pickpointy="0">
    <pcbpin number="1" name="1" style="r190_40" originx="47.244094488188" originy="0" rotation="0" />
    <pcbpin number="2" name="2" style="r190_40" originx="0" originy="0" rotation="0" />
    <pcbpin number="3" name="3" style="r190_40" originx="-47.244094488188" originy="0" rotation="0" />
    <line layer="TOP_ASSEMBLY" originx="-62.992125984251" originy="25.590551181102" endx="62.992125984251" endy="25.590551181102" width="7.8740157480314" />
    <line layer="TOP_ASSEMBLY" originx="62.992125984251" originy="25.590551181102" endx="62.992125984251" endy="-25.590551181102" width="7.8740157480314" />
    <line layer="TOP_ASSEMBLY" originx="62.992125984251" originy="-25.590551181102" endx="-62.992125984251" endy="-25.590551181102" width="7.8740157480314" />
    <line layer="TOP_ASSEMBLY" originx="-62.992125984251" originy="-25.590551181102" endx="-62.992125984251" endy="25.590551181102" width="7.8740157480314" />
    <line layer="TOP_PLACE_BOUND" originx="-102.36220472441" originy="76.771653543306" endx="102.36220472441" endy="76.771653543306" width="3.9370078740157" />
    <line layer="TOP_PLACE_BOUND" originx="102.36220472441" originy="76.771653543306" endx="102.36220472441" endy="-76.771653543306" width="3.9370078740157" />
    <line layer="TOP_PLACE_BOUND" originx="102.36220472441" originy="-76.771653543306" endx="-102.36220472441" endy="-76.771653543306" width="3.9370078740157" />
    <line layer="TOP_PLACE_BOUND" originx="-102.36220472441" originy="-76.771653543306" endx="-102.36220472441" endy="76.771653543306" width="3.9370078740157" />
    <line layer="TOP_SILKSCREEN" originx="-62.992125984251" originy="25.590551181102" endx="-62.992125984251" endy="-25.590551181102" width="3.9370078740157" />
    <line layer="TOP_SILKSCREEN" originx="62.992125984251" originy="25.590551181102" endx="62.992125984251" endy="-25.590551181102" width="3.9370078740157" />
    <line layer="TOP_SILKSCREEN" originx="43.307086614173" originy="-55.11811023622" endx="43.307086614173" endy="-55.11811023622" width="7.8740157480314" />
    <arc layer="TOP_SILKSCREEN" originx="47.244094488188" originy="-55.11811023622" startangle="180.0" sweepangle="180.0" radius="3.9370078740157" width="7.8740157480314" />
    <line layer="TOP_SILKSCREEN" originx="51.181102362204" originy="-55.11811023622" endx="51.181102362204" endy="-55.11811023622" width="7.8740157480314" />
    <arc layer="TOP_SILKSCREEN" originx="47.244094488188" originy="-55.11811023622" startangle=".0" sweepangle="180.0" radius="3.9370078740157" width="7.8740157480314" />
  </footprint>
  <symbol name="CSTNE8M00GH5C000R0" originx="0" originy="0">
    <line originx="200" originy="100" endx="800" endy="100" width="0" />
    <line originx="800" originy="-300" endx="800" endy="100" width="0" />
    <line originx="800" originy="-300" endx="200" endy="-300" width="0" />
    <line originx="200" originy="100" endx="200" endy="-300" width="0" />
    <sympin number="1" originx="200" originy="-200" rotation="180" length="100" width="7.8740157480315" flipped="False">
      <text name="pinname" originx="230" originy="-200" style="Default" rotation="0" justify="left" flipped="False" hidden="False" data="INPUT" />
      <text name="pindes" originx="140" originy="-180" style="Default" rotation="0" justify="lowerright" flipped="False" hidden="False" data="1" />
    </sympin>
    <sympin number="2" originx="200" originy="-100" rotation="180" length="100" width="7.8740157480315" flipped="False">
      <text name="pinname" originx="230" originy="-100" style="Default" rotation="0" justify="left" flipped="False" hidden="False" data="GND" />
      <text name="pindes" originx="140" originy="-80" style="Default" rotation="0" justify="lowerright" flipped="False" hidden="False" data="2" />
    </sympin>
    <sympin number="3" originx="200" originy="0" rotation="180" length="100" width="7.8740157480315" flipped="False">
      <text name="pinname" originx="230" originy="0" style="Default" rotation="0" justify="left" flipped="False" hidden="False" data="OUTPUT" />
      <text name="pindes" originx="140" originy="20" style="Default" rotation="0" justify="lowerright" flipped="False" hidden="False" data="3" />
    </sympin>
  </symbol>
  <component name="CSTNE8M00GH5C000R0" designatorprefix="Y" height="31.496062992126" footprint="CSTNE12M0GH5L000R0">
    <comppin designator="1" sympin="1" pinswap="0" gateswap="0" gate="1" group="1" side="" type="Any" name="INPUT" />
    <comppin designator="2" sympin="2" pinswap="0" gateswap="0" gate="1" group="1" side="" type="Any" name="GND" />
    <comppin designator="3" sympin="3" pinswap="0" gateswap="0" gate="1" group="1" side="" type="Any" name="OUTPUT" />
    <attached_symbol gate="1" name="CSTNE8M00GH5C000R0" />
    <pinmap designator="1" footprintpin="1" />
    <pinmap designator="2" footprintpin="2" />
    <pinmap designator="3" footprintpin="3" />
    <text name="Datasheet" originx="0" originy="0" style="Default" rotation="0" justify="" flipped="False" hidden="True" data="https://www.murata.com/en-us/products/productdetail.aspx?cate=cgsubResonators&amp;partno=CSTNE8M00GH5C000R0" />
    <text name="Description" originx="0" originy="0" style="Default" rotation="0" justify="" flipped="False" hidden="True" data="Resonators 8.0000MHz 33pF SMD CHP Rsntr 0.07% AUTO" />
    <text name="Mouser Part Number" originx="0" originy="0" style="Default" rotation="0" justify="" flipped="False" hidden="True" data="81-CSTNE8M00GH5C000R" />
    <text name="Mouser Price/Stock" originx="0" originy="0" style="Default" rotation="0" justify="" flipped="False" hidden="True" data="https://www.mouser.co.uk/ProductDetail/Murata-Electronics/CSTNE8M00GH5C000R0?qs=y6ZabgHbY%252ByuG8XwUR67qA%3D%3D" />
    <text name="Manufacturer_Name" originx="0" originy="0" style="Default" rotation="0" justify="" flipped="False" hidden="True" data="Murata Electronics" />
    <text name="Manufacturer_Part_Number" originx="850" originy="200" style="Default" rotation="0" justify="left" flipped="False" hidden="False" data="CSTNE8M00GH5C000R0" />
  </component>
</quadcept_library>
