<?xml version="1.0" encoding="utf-8"?>
<!--/849595/1318237/2.50/2/4/Inductor/-->
<quadcept_library>
  <setting unit="mil" />
  <textstyle name="Default" height="47.244094488189" strokewidth="7.8740157480315" charwidth="47.244094488189" />
  <textstyle name="Dimension" height="19.6850393700787" strokewidth="0" charwidth="19.6850393700787" />
  <textstyle name="H127W0635TH00762" height="50" strokewidth="3" charwidth="25" />
  <textstyle name="H15W15TH02" height="59.0551181102362" strokewidth="7.8740157480315" charwidth="59.0551181102362" />
  <padstyle name="r370_97" surface="True" plated="False" isvia="False" nopaste="False" nomask="True" complex="False" holesize="0">
    <padshape layer="TOP" shape="rectangle" width="38.188976377952" height="145.66929133858" />
    <padshape layer="TOP_SOLDER_MASK" shape="rectangle" width="46.062992125984" height="153.54330708661" />
    <padshape layer="TOP_SOLDER_PASTE" shape="rectangle" width="38.188976377952" height="145.66929133858" />
  </padstyle>
  <footprint name="74438357100" originx="0" originy="0" pickpointx="0" pickpointy="0">
    <pcbpin number="1" name="1" style="r370_97" originx="-46.456692913385" originy="0" rotation="0" />
    <pcbpin number="2" name="2" style="r370_97" originx="46.456692913385" originy="0" rotation="0" />
    <line layer="TOP_ASSEMBLY" originx="-80.708661417322" originy="80.708661417322" endx="80.708661417322" endy="80.708661417322" width="7.8740157480314" />
    <line layer="TOP_ASSEMBLY" originx="80.708661417322" originy="80.708661417322" endx="80.708661417322" endy="-80.708661417322" width="7.8740157480314" />
    <line layer="TOP_ASSEMBLY" originx="80.708661417322" originy="-80.708661417322" endx="-80.708661417322" endy="-80.708661417322" width="7.8740157480314" />
    <line layer="TOP_ASSEMBLY" originx="-80.708661417322" originy="-80.708661417322" endx="-80.708661417322" endy="80.708661417322" width="7.8740157480314" />
    <line layer="TOP_SILKSCREEN" originx="-80.708661417322" originy="80.708661417322" endx="80.708661417322" endy="80.708661417322" width="3.9370078740157" />
    <line layer="TOP_SILKSCREEN" originx="80.708661417322" originy="80.708661417322" endx="80.708661417322" endy="-80.708661417322" width="3.9370078740157" />
    <line layer="TOP_SILKSCREEN" originx="80.708661417322" originy="-80.708661417322" endx="-80.708661417322" endy="-80.708661417322" width="3.9370078740157" />
    <line layer="TOP_SILKSCREEN" originx="-80.708661417322" originy="-80.708661417322" endx="-80.708661417322" endy="80.708661417322" width="3.9370078740157" />
    <line layer="TOP_PLACE_BOUND" originx="-141.73228346457" originy="120.07874015748" endx="120.07874015748" endy="120.07874015748" width="3.9370078740157" />
    <line layer="TOP_PLACE_BOUND" originx="120.07874015748" originy="120.07874015748" endx="120.07874015748" endy="-120.07874015748" width="3.9370078740157" />
    <line layer="TOP_PLACE_BOUND" originx="120.07874015748" originy="-120.07874015748" endx="-141.73228346457" endy="-120.07874015748" width="3.9370078740157" />
    <line layer="TOP_PLACE_BOUND" originx="-141.73228346457" originy="-120.07874015748" endx="-141.73228346457" endy="120.07874015748" width="3.9370078740157" />
    <line layer="TOP_SILKSCREEN" originx="-98.425196850392" originy="3.9370078740157" endx="-98.425196850392" endy="3.9370078740157" width="7.8740157480314" />
    <arc layer="TOP_SILKSCREEN" originx="-98.425196850392" originy="0" startangle="90.0" sweepangle="-180.0" radius="3.9370078740157" width="7.8740157480314" />
    <line layer="TOP_SILKSCREEN" originx="-98.425196850392" originy="-3.9370078740157" endx="-98.425196850392" endy="-3.9370078740157" width="7.8740157480314" />
    <arc layer="TOP_SILKSCREEN" originx="-98.425196850392" originy="0" startangle="-90.0" sweepangle="-180.0" radius="3.9370078740157" width="7.8740157480314" />
  </footprint>
  <symbol name="74438357100" originx="0" originy="0">
    <arc originx="250" originy="-2" startangle="177.7" sweepangle="-175.4" radius="50" width="0" />
    <arc originx="350" originy="-2" startangle="177.7" sweepangle="-175.4" radius="50" width="0" />
    <arc originx="450" originy="-2" startangle="177.7" sweepangle="-175.4" radius="50" width="0" />
    <arc originx="550" originy="-2" startangle="177.7" sweepangle="-175.4" radius="50" width="0" />
    <sympin number="1" originx="200" originy="0" rotation="180" length="100" width="7.8740157480315" flipped="False">
      <text name="pinname" originx="0" originy="-10" style="Default" rotation="0" justify="upperleft" flipped="False" hidden="True" data="1" />
      <text name="pindes" originx="0" originy="10" style="Default" rotation="0" justify="lowerleft" flipped="False" hidden="False" data="1" />
    </sympin>
    <sympin number="2" originx="600" originy="0" rotation="0" length="100" width="7.8740157480315" flipped="False">
      <text name="pinname" originx="800" originy="-10" style="Default" rotation="0" justify="upperright" flipped="False" hidden="True" data="2" />
      <text name="pindes" originx="800" originy="10" style="Default" rotation="0" justify="lowerright" flipped="False" hidden="False" data="2" />
    </sympin>
  </symbol>
  <component name="74438357100" designatorprefix="L" height="157.48031496063" footprint="74438357100">
    <comppin designator="1" sympin="1" pinswap="0" gateswap="0" gate="1" group="1" side="" type="Any" name="1" />
    <comppin designator="2" sympin="2" pinswap="0" gateswap="0" gate="1" group="1" side="" type="Any" name="2" />
    <attached_symbol gate="1" name="74438357100" />
    <pinmap designator="1" footprintpin="1" />
    <pinmap designator="2" footprintpin="2" />
    <text name="Datasheet" originx="0" originy="0" style="Default" rotation="0" justify="" flipped="False" hidden="True" data="https://katalog.we-online.com/pbs/datasheet/74438357100.pdf" />
    <text name="Description" originx="0" originy="0" style="Default" rotation="0" justify="" flipped="False" hidden="True" data="WURTH ELEKTRONIK - 74438357100 - INDUCTOR, SHIELDED, 10UH, 2.7A, 20%" />
    <text name="Mouser Part Number" originx="0" originy="0" style="Default" rotation="0" justify="" flipped="False" hidden="True" data="710-74438357100" />
    <text name="Mouser Price/Stock" originx="0" originy="0" style="Default" rotation="0" justify="" flipped="False" hidden="True" data="https://www.mouser.co.uk/ProductDetail/Wurth-Elektronik/74438357100?qs=AQlKX63v8RsOZwIYXNHv7w%3D%3D" />
    <text name="Manufacturer_Name" originx="0" originy="0" style="Default" rotation="0" justify="" flipped="False" hidden="True" data="Wurth Elektronik" />
    <text name="Manufacturer_Part_Number" originx="650" originy="150" style="Default" rotation="0" justify="left" flipped="False" hidden="False" data="74438357100" />
  </component>
</quadcept_library>
