<?xml version="1.0" encoding="utf-8"?>
<!--/560070/1318237/2.50/2/4/Inductor/-->
<quadcept_library>
  <setting unit="mil" />
  <textstyle name="Default" height="47.244094488189" strokewidth="7.8740157480315" charwidth="47.244094488189" />
  <textstyle name="Dimension" height="19.6850393700787" strokewidth="0" charwidth="19.6850393700787" />
  <textstyle name="H127W0635TH00762" height="50" strokewidth="3" charwidth="25" />
  <textstyle name="H15W15TH02" height="59.0551181102362" strokewidth="7.8740157480315" charwidth="59.0551181102362" />
  <padstyle name="r735_160" surface="True" plated="False" isvia="False" nopaste="False" nomask="True" complex="False" holesize="0">
    <padshape layer="TOP" shape="rectangle" width="62.992125984251" height="289.37007874015" />
    <padshape layer="TOP_SOLDER_MASK" shape="rectangle" width="70.866141732283" height="297.24409448819" />
    <padshape layer="TOP_SOLDER_PASTE" shape="rectangle" width="62.992125984251" height="289.37007874015" />
  </padstyle>
  <footprint name="74439358100" originx="0" originy="0" pickpointx="0" pickpointy="0">
    <pcbpin number="1" name="1" style="r735_160" originx="0" originy="98.425196850392" rotation="90" />
    <pcbpin number="2" name="2" style="r735_160" originx="0" originy="-98.425196850392" rotation="90" />
    <line layer="TOP_ASSEMBLY" originx="-173.22834645669" originy="163.38582677165" endx="173.22834645669" endy="163.38582677165" width="7.8740157480314" />
    <line layer="TOP_ASSEMBLY" originx="173.22834645669" originy="163.38582677165" endx="173.22834645669" endy="-163.38582677165" width="7.8740157480314" />
    <line layer="TOP_ASSEMBLY" originx="173.22834645669" originy="-163.38582677165" endx="-173.22834645669" endy="-163.38582677165" width="7.8740157480314" />
    <line layer="TOP_ASSEMBLY" originx="-173.22834645669" originy="-163.38582677165" endx="-173.22834645669" endy="163.38582677165" width="7.8740157480314" />
    <line layer="TOP_SILKSCREEN" originx="-173.22834645669" originy="163.38582677165" endx="173.22834645669" endy="163.38582677165" width="3.9370078740157" />
    <line layer="TOP_SILKSCREEN" originx="173.22834645669" originy="163.38582677165" endx="173.22834645669" endy="-163.38582677165" width="3.9370078740157" />
    <line layer="TOP_SILKSCREEN" originx="173.22834645669" originy="-163.38582677165" endx="-173.22834645669" endy="-163.38582677165" width="3.9370078740157" />
    <line layer="TOP_SILKSCREEN" originx="-173.22834645669" originy="-163.38582677165" endx="-173.22834645669" endy="163.38582677165" width="3.9370078740157" />
    <line layer="TOP_PLACE_BOUND" originx="-192.91338582677" originy="183.07086614173" endx="192.91338582677" endy="183.07086614173" width="3.9370078740157" />
    <line layer="TOP_PLACE_BOUND" originx="192.91338582677" originy="183.07086614173" endx="192.91338582677" endy="-183.07086614173" width="3.9370078740157" />
    <line layer="TOP_PLACE_BOUND" originx="192.91338582677" originy="-183.07086614173" endx="-192.91338582677" endy="-183.07086614173" width="3.9370078740157" />
    <line layer="TOP_PLACE_BOUND" originx="-192.91338582677" originy="-183.07086614173" endx="-192.91338582677" endy="183.07086614173" width="3.9370078740157" />
  </footprint>
  <symbol name="74439358100" originx="0" originy="0">
    <arc originx="250" originy="-2" startangle="177.7" sweepangle="-175.4" radius="50" width="0" />
    <arc originx="350" originy="-2" startangle="177.7" sweepangle="-175.4" radius="50" width="0" />
    <arc originx="450" originy="-2" startangle="177.7" sweepangle="-175.4" radius="50" width="0" />
    <arc originx="550" originy="-2" startangle="177.7" sweepangle="-175.4" radius="50" width="0" />
    <sympin number="1" originx="200" originy="0" rotation="180" length="100" width="7.8740157480315" flipped="False">
      <text name="pinname" originx="0" originy="-10" style="Default" rotation="0" justify="upperleft" flipped="False" hidden="True" data="1" />
      <text name="pindes" originx="0" originy="10" style="Default" rotation="0" justify="lowerleft" flipped="False" hidden="False" data="1" />
    </sympin>
    <sympin number="2" originx="600" originy="0" rotation="0" length="100" width="7.8740157480315" flipped="False">
      <text name="pinname" originx="800" originy="-10" style="Default" rotation="0" justify="upperright" flipped="False" hidden="True" data="2" />
      <text name="pindes" originx="800" originy="10" style="Default" rotation="0" justify="lowerright" flipped="False" hidden="False" data="2" />
    </sympin>
  </symbol>
  <component name="74439358100" designatorprefix="L" height="0" footprint="74439358100">
    <comppin designator="1" sympin="1" pinswap="0" gateswap="0" gate="1" group="1" side="" type="Any" name="1" />
    <comppin designator="2" sympin="2" pinswap="0" gateswap="0" gate="1" group="1" side="" type="Any" name="2" />
    <attached_symbol gate="1" name="74439358100" />
    <pinmap designator="1" footprintpin="1" />
    <pinmap designator="2" footprintpin="2" />
    <text name="Datasheet" originx="0" originy="0" style="Default" rotation="0" justify="" flipped="False" hidden="True" data="http://katalog.we-online.de/pbs/datasheet/74439358100.pdf" />
    <text name="Description" originx="0" originy="0" style="Default" rotation="0" justify="" flipped="False" hidden="True" data="Wurth WE-XHMI Series Type 8080 Shielded Wire-wound SMD Inductor with a Iron Core, 10 uH Flat Wire Winding 5.8A Idc" />
    <text name="Mouser Part Number" originx="0" originy="0" style="Default" rotation="0" justify="" flipped="False" hidden="True" data="710-74439358100" />
    <text name="Mouser Price/Stock" originx="0" originy="0" style="Default" rotation="0" justify="" flipped="False" hidden="True" data="https://www.mouser.co.uk/ProductDetail/Wurth-Elektronik/74439358100?qs=HXx4m3XcTe1XG%252BggeZKs9Q%3D%3D" />
    <text name="Manufacturer_Name" originx="0" originy="0" style="Default" rotation="0" justify="" flipped="False" hidden="True" data="Wurth Elektronik" />
    <text name="Manufacturer_Part_Number" originx="650" originy="150" style="Default" rotation="0" justify="left" flipped="False" hidden="False" data="74439358100" />
  </component>
</quadcept_library>
