<?xml version="1.0" encoding="utf-8"?>
<!--/1354816/1318237/2.50/2/3/TVS Diode (Bi-directional)/-->
<quadcept_library>
  <setting unit="mil" />
  <textstyle name="Default" height="47.244094488189" strokewidth="7.8740157480315" charwidth="47.244094488189" />
  <textstyle name="Dimension" height="19.6850393700787" strokewidth="0" charwidth="19.6850393700787" />
  <textstyle name="H127W0635TH00762" height="50" strokewidth="3" charwidth="25" />
  <textstyle name="H15W15TH02" height="59.0551181102362" strokewidth="7.8740157480315" charwidth="59.0551181102362" />
  <padstyle name="r27_25" surface="True" plated="False" isvia="False" nopaste="False" nomask="True" complex="False" holesize="0">
    <padshape layer="TOP" shape="rectangle" width="9.8425196850392" height="10.629921259842" />
    <padshape layer="TOP_SOLDER_MASK" shape="rectangle" width="17.716535433071" height="18.503937007874" />
    <padshape layer="TOP_SOLDER_PASTE" shape="rectangle" width="9.8425196850392" height="10.629921259842" />
  </padstyle>
  <footprint name="RCLAMP3521ZATFT" originx="0" originy="0" pickpointx="0" pickpointy="0">
    <pcbpin number="1" name="1" style="r27_25" originx="0" originy="-8.3858267716534" rotation="90" />
    <pcbpin number="2" name="2" style="r27_25" originx="0" originy="8.3464566929133" rotation="90" />
    <line layer="TOP_ASSEMBLY" originx="-5.9055118110235" originy="11.811023622047" endx="5.9055118110235" endy="11.811023622047" width="3.9370078740157" />
    <line layer="TOP_ASSEMBLY" originx="5.9055118110235" originy="11.811023622047" endx="5.9055118110235" endy="-11.811023622047" width="3.9370078740157" />
    <line layer="TOP_ASSEMBLY" originx="5.9055118110235" originy="-11.811023622047" endx="-5.9055118110235" endy="-11.811023622047" width="3.9370078740157" />
    <line layer="TOP_ASSEMBLY" originx="-5.9055118110235" originy="-11.811023622047" endx="-5.9055118110235" endy="11.811023622047" width="3.9370078740157" />
    <line layer="TOP_PLACE_BOUND" originx="-45.275590551181" originy="52.63779527559" endx="45.275590551181" endy="52.63779527559" width="3.9370078740157" />
    <line layer="TOP_PLACE_BOUND" originx="45.275590551181" originy="52.63779527559" endx="45.275590551181" endy="-52.67716535433" width="3.9370078740157" />
    <line layer="TOP_PLACE_BOUND" originx="45.275590551181" originy="-52.67716535433" endx="-45.275590551181" endy="-52.67716535433" width="3.9370078740157" />
    <line layer="TOP_PLACE_BOUND" originx="-45.275590551181" originy="-52.67716535433" endx="-45.275590551181" endy="52.63779527559" width="3.9370078740157" />
    <line layer="TOP_SILKSCREEN" originx="0" originy="-31.496062992126" endx="0" endy="-31.496062992126" width="3.9370078740157" />
    <arc layer="TOP_SILKSCREEN" originx="-5.4636959873285E-16" originy="-33.464566929133" startangle="90.0" sweepangle="180.0" radius="1.9685039370078" width="3.9370078740157" />
    <line layer="TOP_SILKSCREEN" originx="0" originy="-35.433070866141" endx="0" endy="-35.433070866141" width="3.9370078740157" />
    <arc layer="TOP_SILKSCREEN" originx="-5.4636959873285E-16" originy="-33.464566929133" startangle="-90.0" sweepangle="180.0" radius="1.9685039370078" width="3.9370078740157" />
  </footprint>
  <symbol name="RCLAMP3521ZATFT" originx="0" originy="0">
    <line originx="400" originy="0" endx="200" endy="-100" width="0" />
    <line originx="200" originy="100" endx="200" endy="-100" width="0" />
    <line originx="200" originy="100" endx="400" endy="0" width="0" />
    <line originx="400" originy="0" endx="600" endy="-100" width="0" />
    <line originx="600" originy="100" endx="600" endy="-100" width="0" />
    <line originx="600" originy="100" endx="400" endy="0" width="0" />
    <line originx="400" originy="-80" endx="400" endy="80" width="0" />
    <line originx="360" originy="100" endx="400" endy="80" width="0" />
    <line originx="400" originy="-80" endx="440" endy="-100" width="0" />
    <sympin number="1" originx="200" originy="0" rotation="180" length="100" width="7.8740157480315" flipped="False">
      <text name="pinname" originx="0" originy="-20" style="Default" rotation="0" justify="upperleft" flipped="False" hidden="True" data="1" />
      <text name="pindes" originx="0" originy="20" style="Default" rotation="0" justify="lowerleft" flipped="False" hidden="False" data="1" />
    </sympin>
    <sympin number="2" originx="600" originy="0" rotation="0" length="100" width="7.8740157480315" flipped="False">
      <text name="pinname" originx="800" originy="-20" style="Default" rotation="0" justify="upperright" flipped="False" hidden="True" data="2" />
      <text name="pindes" originx="800" originy="20" style="Default" rotation="0" justify="lowerright" flipped="False" hidden="False" data="2" />
    </sympin>
  </symbol>
  <component name="RCLAMP3521ZATFT" designatorprefix="D" height="10.433070866142" footprint="RCLAMP3521ZATFT">
    <comppin designator="1" sympin="1" pinswap="0" gateswap="0" gate="1" group="1" side="" type="Any" name="1" />
    <comppin designator="2" sympin="2" pinswap="0" gateswap="0" gate="1" group="1" side="" type="Any" name="2" />
    <attached_symbol gate="1" name="RCLAMP3521ZATFT" />
    <pinmap designator="1" footprintpin="1" />
    <pinmap designator="2" footprintpin="2" />
    <text name="Datasheet" originx="0" originy="0" style="Default" rotation="0" justify="" flipped="False" hidden="True" data="https://semtech.my.salesforce.com/sfc/p/E0000000JelG/a/2R000000HTFj/RtolUnnSswHAEeYsM7sjR2dAo9HQRz.z1PGO8KUTcfs" />
    <text name="Description" originx="0" originy="0" style="Default" rotation="0" justify="" flipped="False" hidden="True" data="TVS DIODE 3.5VWM 5V SLP0603P2X3F5V (Typ) Clamp 6A Ipp Tvs Diode Surface Mount SLP0603P2X3F" />
    <text name="Mouser Part Number" originx="0" originy="0" style="Default" rotation="0" justify="" flipped="False" hidden="True" data="947-RCLAMP3521ZATFT" />
    <text name="Mouser Price/Stock" originx="0" originy="0" style="Default" rotation="0" justify="" flipped="False" hidden="True" data="https://www.mouser.co.uk/ProductDetail/Semtech/RCLAMP3521ZATFT?qs=5aG0NVq1C4x6ouY7l2JqqA%3D%3D" />
    <text name="Manufacturer_Name" originx="0" originy="0" style="Default" rotation="0" justify="" flipped="False" hidden="True" data="SEMTECH" />
    <text name="Manufacturer_Part_Number" originx="500" originy="250" style="Default" rotation="0" justify="lowerleft" flipped="False" hidden="False" data="RCLAMP3521ZATFT" />
  </component>
</quadcept_library>
