<?xml version="1.0" encoding="utf-8"?>
<!--/2528439/1318237/2.50/20/4/Connector/-->
<quadcept_library>
  <setting unit="mil" />
  <textstyle name="Default" height="47.244094488189" strokewidth="7.8740157480315" charwidth="47.244094488189" />
  <textstyle name="Dimension" height="19.6850393700787" strokewidth="0" charwidth="19.6850393700787" />
  <textstyle name="H127W0635TH00762" height="50" strokewidth="3" charwidth="25" />
  <textstyle name="H15W15TH02" height="59.0551181102362" strokewidth="7.8740157480315" charwidth="59.0551181102362" />
  <padstyle name="r115_30" surface="True" plated="False" isvia="False" nopaste="False" nomask="True" complex="False" holesize="0">
    <padshape layer="TOP" shape="rectangle" width="11.811023622047" height="45.275590551181" />
    <padshape layer="TOP_SOLDER_MASK" shape="rectangle" width="19.685039370078" height="53.149606299212" />
    <padshape layer="TOP_SOLDER_PASTE" shape="rectangle" width="11.811023622047" height="45.275590551181" />
  </padstyle>
  <padstyle name="c32.5_h65" surface="False" plated="True" isvia="False" nopaste="True" nomask="True" complex="False" holesize="25.590551181102">
    <padshape layer="TOP" shape="round" width="12.795275590551" height="12.795275590551" />
    <padshape layer="TOP_SOLDER_MASK" shape="round" width="20.669291338582" height="20.669291338582" />
    <padshape layer="INNER" shape="round" width="12.795275590551" height="12.795275590551" />
    <padshape layer="BOTTOM" shape="round" width="12.795275590551" height="12.795275590551" />
    <padshape layer="BOTTOM_SOLDER_MASK" shape="round" width="20.669291338582" height="20.669291338582" />
  </padstyle>
  <padstyle name="r218_200" surface="True" plated="False" isvia="False" nopaste="False" nomask="True" complex="False" holesize="0">
    <padshape layer="TOP" shape="rectangle" width="78.740157480314" height="85.826771653542" />
    <padshape layer="TOP_SOLDER_MASK" shape="rectangle" width="86.614173228345" height="93.700787401574" />
    <padshape layer="TOP_SOLDER_PASTE" shape="rectangle" width="78.740157480314" height="85.826771653542" />
  </padstyle>
  <footprint name="USB4110GFA" originx="0" originy="0" pickpointx="0" pickpointy="0">
    <pcbpin number="1" name="A1" style="r115_30" originx="-131.88976377953" originy="144.8031496063" rotation="0" />
    <pcbpin number="2" name="A4" style="r115_30" originx="-100.3937007874" originy="144.8031496063" rotation="0" />
    <pcbpin number="3" name="A5" style="r115_30" originx="-49.212598425196" originy="144.8031496063" rotation="0" />
    <pcbpin number="4" name="A6" style="r115_30" originx="-9.8425196850392" originy="144.8031496063" rotation="0" />
    <pcbpin number="5" name="A7" style="r115_30" originx="9.8425196850392" originy="144.8031496063" rotation="0" />
    <pcbpin number="6" name="A8" style="r115_30" originx="49.212598425196" originy="144.8031496063" rotation="0" />
    <pcbpin number="7" name="A9" style="r115_30" originx="100.3937007874" originy="144.8031496063" rotation="0" />
    <pcbpin number="8" name="A12" style="r115_30" originx="131.88976377953" originy="144.8031496063" rotation="0" />
    <pcbpin number="9" name="B1" style="r115_30" originx="120.07874015748" originy="144.8031496063" rotation="0" />
    <pcbpin number="10" name="B4" style="r115_30" originx="88.582677165353" originy="144.8031496063" rotation="0" />
    <pcbpin number="11" name="B5" style="r115_30" originx="68.897637795275" originy="144.8031496063" rotation="0" />
    <pcbpin number="12" name="B6" style="r115_30" originx="29.527559055118" originy="144.8031496063" rotation="0" />
    <pcbpin number="13" name="B7" style="r115_30" originx="-29.527559055118" originy="144.8031496063" rotation="0" />
    <pcbpin number="14" name="B8" style="r115_30" originx="-68.897637795275" originy="144.8031496063" rotation="0" />
    <pcbpin number="15" name="B9" style="r115_30" originx="-88.582677165353" originy="144.8031496063" rotation="0" />
    <pcbpin number="16" name="B12" style="r115_30" originx="-120.07874015748" originy="144.8031496063" rotation="0" />
    <pcbpin number="17" name="MH1" style="c32.5_h65" originx="-113.77952755905" originy="102.48031496063" rotation="90" />
    <pcbpin number="18" name="MH2" style="c32.5_h65" originx="113.77952755905" originy="102.48031496063" rotation="90" />
    <pcbpin number="19" name="MP1" style="r218_200" originx="-201.1811023622" originy="-32.55905511811" rotation="90" />
    <pcbpin number="20" name="MP2" style="r218_200" originx="201.1811023622" originy="-32.55905511811" rotation="90" />
    <pcbpin number="21" name="MP3" style="r218_200" originx="-201.1811023622" originy="122.16535433071" rotation="90" />
    <pcbpin number="22" name="MP4" style="r218_200" originx="201.1811023622" originy="122.16535433071" rotation="90" />
    <line layer="TOP_ASSEMBLY" originx="-175.9842519685" originy="-144.76377952756" endx="175.9842519685" endy="-144.76377952756" width="7.8740157480314" />
    <line layer="TOP_ASSEMBLY" originx="175.9842519685" originy="-144.76377952756" endx="175.9842519685" endy="144.6062992126" width="7.8740157480314" />
    <line layer="TOP_ASSEMBLY" originx="175.9842519685" originy="144.6062992126" endx="-175.9842519685" endy="144.6062992126" width="7.8740157480314" />
    <line layer="TOP_ASSEMBLY" originx="-175.9842519685" originy="144.6062992126" endx="-175.9842519685" endy="-144.76377952756" width="7.8740157480314" />
    <line layer="TOP_SILKSCREEN" originx="-175.9842519685" originy="59.055118110235" endx="-177.16535433071" endy="59.055118110235" width="3.9370078740157" />
    <line layer="TOP_SILKSCREEN" originx="-177.16535433071" originy="59.055118110235" endx="-177.16535433071" endy="29.527559055118" width="3.9370078740157" />
    <line layer="TOP_SILKSCREEN" originx="-177.16535433071" originy="29.527559055118" endx="-175.9842519685" endy="29.527559055118" width="3.9370078740157" />
    <line layer="TOP_SILKSCREEN" originx="-175.9842519685" originy="29.527559055118" endx="-175.9842519685" endy="59.055118110235" width="3.9370078740157" />
    <line layer="TOP_SILKSCREEN" originx="-175.9842519685" originy="-98.425196850392" endx="-175.9842519685" endy="-98.425196850392" width="3.9370078740157" />
    <line layer="TOP_SILKSCREEN" originx="-175.9842519685" originy="-98.425196850392" endx="-175.9842519685" endy="-144.76377952756" width="3.9370078740157" />
    <line layer="TOP_SILKSCREEN" originx="-175.9842519685" originy="-144.76377952756" endx="-175.9842519685" endy="-144.76377952756" width="3.9370078740157" />
    <line layer="TOP_SILKSCREEN" originx="-175.9842519685" originy="-144.76377952756" endx="-175.9842519685" endy="-98.425196850392" width="3.9370078740157" />
    <line layer="TOP_SILKSCREEN" originx="-175.9842519685" originy="-144.76377952756" endx="175.9842519685" endy="-144.76377952756" width="3.9370078740157" />
    <line layer="TOP_SILKSCREEN" originx="175.9842519685" originy="-144.76377952756" endx="175.9842519685" endy="-144.76377952756" width="3.9370078740157" />
    <line layer="TOP_SILKSCREEN" originx="175.9842519685" originy="-144.76377952756" endx="-175.9842519685" endy="-144.76377952756" width="3.9370078740157" />
    <line layer="TOP_SILKSCREEN" originx="-175.9842519685" originy="-144.76377952756" endx="-175.9842519685" endy="-144.76377952756" width="3.9370078740157" />
    <line layer="TOP_SILKSCREEN" originx="175.9842519685" originy="-144.76377952756" endx="175.9842519685" endy="-144.76377952756" width="3.9370078740157" />
    <line layer="TOP_SILKSCREEN" originx="175.9842519685" originy="-144.76377952756" endx="175.9842519685" endy="-88.582677165353" width="3.9370078740157" />
    <line layer="TOP_SILKSCREEN" originx="175.9842519685" originy="-88.582677165353" endx="175.9842519685" endy="-88.582677165353" width="3.9370078740157" />
    <line layer="TOP_SILKSCREEN" originx="175.9842519685" originy="-88.582677165353" endx="175.9842519685" endy="-144.76377952756" width="3.9370078740157" />
    <line layer="TOP_SILKSCREEN" originx="175.9842519685" originy="29.527559055118" endx="175.9842519685" endy="29.527559055118" width="3.9370078740157" />
    <line layer="TOP_SILKSCREEN" originx="175.9842519685" originy="29.527559055118" endx="175.9842519685" endy="68.897637795275" width="3.9370078740157" />
    <line layer="TOP_SILKSCREEN" originx="175.9842519685" originy="68.897637795275" endx="175.9842519685" endy="68.897637795275" width="3.9370078740157" />
    <line layer="TOP_SILKSCREEN" originx="175.9842519685" originy="68.897637795275" endx="175.9842519685" endy="29.527559055118" width="3.9370078740157" />
    <line layer="TOP_PLACE_BOUND" originx="-283.46456692913" originy="226.3779527559" endx="283.46456692913" endy="226.3779527559" width="3.9370078740157" />
    <line layer="TOP_PLACE_BOUND" originx="283.46456692913" originy="226.3779527559" endx="283.46456692913" endy="-184.13385826771" width="3.9370078740157" />
    <line layer="TOP_PLACE_BOUND" originx="283.46456692913" originy="-184.13385826771" endx="-283.46456692913" endy="-184.13385826771" width="3.9370078740157" />
    <line layer="TOP_PLACE_BOUND" originx="-283.46456692913" originy="-184.13385826771" endx="-283.46456692913" endy="226.3779527559" width="3.9370078740157" />
    <line layer="TOP_SILKSCREEN" originx="-133.85826771653" originy="185.03937007874" endx="-133.85826771653" endy="185.03937007874" width="7.8740157480314" />
    <arc layer="TOP_SILKSCREEN" originx="-131.88976377953" originy="185.03937007874" startangle="180.0" sweepangle="180.0" radius="1.9685039370078" width="7.8740157480314" />
    <line layer="TOP_SILKSCREEN" originx="-129.92125984252" originy="185.03937007874" endx="-129.92125984252" endy="185.03937007874" width="7.8740157480314" />
    <arc layer="TOP_SILKSCREEN" originx="-131.88976377953" originy="185.03937007874" startangle=".0" sweepangle="180.0" radius="1.9685039370078" width="7.8740157480314" />
    <line layer="TOP_SILKSCREEN" originx="-133.85826771653" originy="185.03937007874" endx="-133.85826771653" endy="185.03937007874" width="7.8740157480314" />
    <arc layer="TOP_SILKSCREEN" originx="-131.88976377953" originy="185.03937007874" startangle="180.0" sweepangle="180.0" radius="1.9685039370078" width="7.8740157480314" />
  </footprint>
  <symbol name="USB4110-GF-A" originx="0" originy="0">
    <line originx="200" originy="100" endx="800" endy="100" width="0" />
    <line originx="800" originy="-1000" endx="800" endy="100" width="0" />
    <line originx="800" originy="-1000" endx="200" endy="-1000" width="0" />
    <line originx="200" originy="100" endx="200" endy="-1000" width="0" />
    <sympin number="1" originx="200" originy="0" rotation="180" length="100" width="7.8740157480315" flipped="False">
      <text name="pinname" originx="230" originy="0" style="Default" rotation="0" justify="left" flipped="False" hidden="False" data="A1" />
      <text name="pindes" originx="140" originy="20" style="Default" rotation="0" justify="lowerright" flipped="False" hidden="False" data="A1" />
    </sympin>
    <sympin number="2" originx="200" originy="-100" rotation="180" length="100" width="7.8740157480315" flipped="False">
      <text name="pinname" originx="230" originy="-100" style="Default" rotation="0" justify="left" flipped="False" hidden="False" data="A4" />
      <text name="pindes" originx="140" originy="-80" style="Default" rotation="0" justify="lowerright" flipped="False" hidden="False" data="A4" />
    </sympin>
    <sympin number="3" originx="200" originy="-200" rotation="180" length="100" width="7.8740157480315" flipped="False">
      <text name="pinname" originx="230" originy="-200" style="Default" rotation="0" justify="left" flipped="False" hidden="False" data="A5" />
      <text name="pindes" originx="140" originy="-180" style="Default" rotation="0" justify="lowerright" flipped="False" hidden="False" data="A5" />
    </sympin>
    <sympin number="4" originx="200" originy="-300" rotation="180" length="100" width="7.8740157480315" flipped="False">
      <text name="pinname" originx="230" originy="-300" style="Default" rotation="0" justify="left" flipped="False" hidden="False" data="A6" />
      <text name="pindes" originx="140" originy="-280" style="Default" rotation="0" justify="lowerright" flipped="False" hidden="False" data="A6" />
    </sympin>
    <sympin number="5" originx="200" originy="-400" rotation="180" length="100" width="7.8740157480315" flipped="False">
      <text name="pinname" originx="230" originy="-400" style="Default" rotation="0" justify="left" flipped="False" hidden="False" data="A7" />
      <text name="pindes" originx="140" originy="-380" style="Default" rotation="0" justify="lowerright" flipped="False" hidden="False" data="A7" />
    </sympin>
    <sympin number="6" originx="200" originy="-500" rotation="180" length="100" width="7.8740157480315" flipped="False">
      <text name="pinname" originx="230" originy="-500" style="Default" rotation="0" justify="left" flipped="False" hidden="False" data="A8" />
      <text name="pindes" originx="140" originy="-480" style="Default" rotation="0" justify="lowerright" flipped="False" hidden="False" data="A8" />
    </sympin>
    <sympin number="7" originx="200" originy="-600" rotation="180" length="100" width="7.8740157480315" flipped="False">
      <text name="pinname" originx="230" originy="-600" style="Default" rotation="0" justify="left" flipped="False" hidden="False" data="A9" />
      <text name="pindes" originx="140" originy="-580" style="Default" rotation="0" justify="lowerright" flipped="False" hidden="False" data="A9" />
    </sympin>
    <sympin number="8" originx="200" originy="-700" rotation="180" length="100" width="7.8740157480315" flipped="False">
      <text name="pinname" originx="230" originy="-700" style="Default" rotation="0" justify="left" flipped="False" hidden="False" data="A12" />
      <text name="pindes" originx="140" originy="-680" style="Default" rotation="0" justify="lowerright" flipped="False" hidden="False" data="A12" />
    </sympin>
    <sympin number="9" originx="200" originy="-800" rotation="180" length="100" width="7.8740157480315" flipped="False">
      <text name="pinname" originx="230" originy="-800" style="Default" rotation="0" justify="left" flipped="False" hidden="False" data="B1" />
      <text name="pindes" originx="140" originy="-780" style="Default" rotation="0" justify="lowerright" flipped="False" hidden="False" data="B1" />
    </sympin>
    <sympin number="10" originx="200" originy="-900" rotation="180" length="100" width="7.8740157480315" flipped="False">
      <text name="pinname" originx="230" originy="-900" style="Default" rotation="0" justify="left" flipped="False" hidden="False" data="B4" />
      <text name="pindes" originx="140" originy="-880" style="Default" rotation="0" justify="lowerright" flipped="False" hidden="False" data="B4" />
    </sympin>
    <sympin number="11" originx="800" originy="0" rotation="0" length="100" width="7.8740157480315" flipped="False">
      <text name="pinname" originx="770" originy="0" style="Default" rotation="0" justify="right" flipped="False" hidden="False" data="B5" />
      <text name="pindes" originx="860" originy="20" style="Default" rotation="0" justify="lowerleft" flipped="False" hidden="False" data="B5" />
    </sympin>
    <sympin number="12" originx="800" originy="-100" rotation="0" length="100" width="7.8740157480315" flipped="False">
      <text name="pinname" originx="770" originy="-100" style="Default" rotation="0" justify="right" flipped="False" hidden="False" data="B6" />
      <text name="pindes" originx="860" originy="-80" style="Default" rotation="0" justify="lowerleft" flipped="False" hidden="False" data="B6" />
    </sympin>
    <sympin number="13" originx="800" originy="-200" rotation="0" length="100" width="7.8740157480315" flipped="False">
      <text name="pinname" originx="770" originy="-200" style="Default" rotation="0" justify="right" flipped="False" hidden="False" data="B7" />
      <text name="pindes" originx="860" originy="-180" style="Default" rotation="0" justify="lowerleft" flipped="False" hidden="False" data="B7" />
    </sympin>
    <sympin number="14" originx="800" originy="-300" rotation="0" length="100" width="7.8740157480315" flipped="False">
      <text name="pinname" originx="770" originy="-300" style="Default" rotation="0" justify="right" flipped="False" hidden="False" data="B8" />
      <text name="pindes" originx="860" originy="-280" style="Default" rotation="0" justify="lowerleft" flipped="False" hidden="False" data="B8" />
    </sympin>
    <sympin number="15" originx="800" originy="-400" rotation="0" length="100" width="7.8740157480315" flipped="False">
      <text name="pinname" originx="770" originy="-400" style="Default" rotation="0" justify="right" flipped="False" hidden="False" data="B9" />
      <text name="pindes" originx="860" originy="-380" style="Default" rotation="0" justify="lowerleft" flipped="False" hidden="False" data="B9" />
    </sympin>
    <sympin number="16" originx="800" originy="-500" rotation="0" length="100" width="7.8740157480315" flipped="False">
      <text name="pinname" originx="770" originy="-500" style="Default" rotation="0" justify="right" flipped="False" hidden="False" data="B12" />
      <text name="pindes" originx="860" originy="-480" style="Default" rotation="0" justify="lowerleft" flipped="False" hidden="False" data="B12" />
    </sympin>
    <sympin number="17" originx="800" originy="-600" rotation="0" length="100" width="7.8740157480315" flipped="False">
      <text name="pinname" originx="770" originy="-600" style="Default" rotation="0" justify="right" flipped="False" hidden="False" data="MP1" />
      <text name="pindes" originx="860" originy="-580" style="Default" rotation="0" justify="lowerleft" flipped="False" hidden="False" data="MP1" />
    </sympin>
    <sympin number="18" originx="800" originy="-700" rotation="0" length="100" width="7.8740157480315" flipped="False">
      <text name="pinname" originx="770" originy="-700" style="Default" rotation="0" justify="right" flipped="False" hidden="False" data="MP2" />
      <text name="pindes" originx="860" originy="-680" style="Default" rotation="0" justify="lowerleft" flipped="False" hidden="False" data="MP2" />
    </sympin>
    <sympin number="19" originx="800" originy="-800" rotation="0" length="100" width="7.8740157480315" flipped="False">
      <text name="pinname" originx="770" originy="-800" style="Default" rotation="0" justify="right" flipped="False" hidden="False" data="MP3" />
      <text name="pindes" originx="860" originy="-780" style="Default" rotation="0" justify="lowerleft" flipped="False" hidden="False" data="MP3" />
    </sympin>
    <sympin number="20" originx="800" originy="-900" rotation="0" length="100" width="7.8740157480315" flipped="False">
      <text name="pinname" originx="770" originy="-900" style="Default" rotation="0" justify="right" flipped="False" hidden="False" data="MP4" />
      <text name="pindes" originx="860" originy="-880" style="Default" rotation="0" justify="lowerleft" flipped="False" hidden="False" data="MP4" />
    </sympin>
  </symbol>
  <component name="USB4110-GF-A" designatorprefix="J" height="128.34645669291" footprint="USB4110GFA">
    <comppin designator="A1" sympin="1" pinswap="0" gateswap="0" gate="1" group="1" side="" type="Any" name="A1" />
    <comppin designator="A4" sympin="2" pinswap="0" gateswap="0" gate="1" group="1" side="" type="Any" name="A4" />
    <comppin designator="A5" sympin="3" pinswap="0" gateswap="0" gate="1" group="1" side="" type="Any" name="A5" />
    <comppin designator="A6" sympin="4" pinswap="0" gateswap="0" gate="1" group="1" side="" type="Any" name="A6" />
    <comppin designator="A7" sympin="5" pinswap="0" gateswap="0" gate="1" group="1" side="" type="Any" name="A7" />
    <comppin designator="A8" sympin="6" pinswap="0" gateswap="0" gate="1" group="1" side="" type="Any" name="A8" />
    <comppin designator="A9" sympin="7" pinswap="0" gateswap="0" gate="1" group="1" side="" type="Any" name="A9" />
    <comppin designator="A12" sympin="8" pinswap="0" gateswap="0" gate="1" group="1" side="" type="Any" name="A12" />
    <comppin designator="B1" sympin="9" pinswap="0" gateswap="0" gate="1" group="1" side="" type="Any" name="B1" />
    <comppin designator="B4" sympin="10" pinswap="0" gateswap="0" gate="1" group="1" side="" type="Any" name="B4" />
    <comppin designator="B5" sympin="11" pinswap="0" gateswap="0" gate="1" group="1" side="" type="Any" name="B5" />
    <comppin designator="B6" sympin="12" pinswap="0" gateswap="0" gate="1" group="1" side="" type="Any" name="B6" />
    <comppin designator="B7" sympin="13" pinswap="0" gateswap="0" gate="1" group="1" side="" type="Any" name="B7" />
    <comppin designator="B8" sympin="14" pinswap="0" gateswap="0" gate="1" group="1" side="" type="Any" name="B8" />
    <comppin designator="B9" sympin="15" pinswap="0" gateswap="0" gate="1" group="1" side="" type="Any" name="B9" />
    <comppin designator="B12" sympin="16" pinswap="0" gateswap="0" gate="1" group="1" side="" type="Any" name="B12" />
    <comppin designator="MP1" sympin="17" pinswap="0" gateswap="0" gate="1" group="1" side="" type="Any" name="MP1" />
    <comppin designator="MP2" sympin="18" pinswap="0" gateswap="0" gate="1" group="1" side="" type="Any" name="MP2" />
    <comppin designator="MP3" sympin="19" pinswap="0" gateswap="0" gate="1" group="1" side="" type="Any" name="MP3" />
    <comppin designator="MP4" sympin="20" pinswap="0" gateswap="0" gate="1" group="1" side="" type="Any" name="MP4" />
    <attached_symbol gate="1" name="USB4110-GF-A" />
    <pinmap designator="A1" footprintpin="1" />
    <pinmap designator="A4" footprintpin="2" />
    <pinmap designator="A5" footprintpin="3" />
    <pinmap designator="A6" footprintpin="4" />
    <pinmap designator="A7" footprintpin="5" />
    <pinmap designator="A8" footprintpin="6" />
    <pinmap designator="A9" footprintpin="7" />
    <pinmap designator="A12" footprintpin="8" />
    <pinmap designator="B1" footprintpin="9" />
    <pinmap designator="B4" footprintpin="10" />
    <pinmap designator="B5" footprintpin="11" />
    <pinmap designator="B6" footprintpin="12" />
    <pinmap designator="B7" footprintpin="13" />
    <pinmap designator="B8" footprintpin="14" />
    <pinmap designator="B9" footprintpin="15" />
    <pinmap designator="B12" footprintpin="16" />
    <pinmap designator="MP1" footprintpin="17" />
    <pinmap designator="MP2" footprintpin="18" />
    <pinmap designator="MP3" footprintpin="19" />
    <pinmap designator="MP4" footprintpin="20" />
    <text name="Datasheet" originx="0" originy="0" style="Default" rotation="0" justify="" flipped="False" hidden="True" data="https://gct.co/files/drawings/usb4110.pdf" />
    <text name="Description" originx="0" originy="0" style="Default" rotation="0" justify="" flipped="False" hidden="True" data="CONN USB 2.0 TYPE-C R/A SMT" />
    <text name="Mouser Part Number" originx="0" originy="0" style="Default" rotation="0" justify="" flipped="False" hidden="True" data="640-USB4110-GF-A" />
    <text name="Mouser Price/Stock" originx="0" originy="0" style="Default" rotation="0" justify="" flipped="False" hidden="True" data="https://www.mouser.co.uk/ProductDetail/GCT/USB4110-GF-A?qs=KUoIvG%2F9IlYiZvIXQjyJeA%3D%3D" />
    <text name="Manufacturer_Name" originx="0" originy="0" style="Default" rotation="0" justify="" flipped="False" hidden="True" data="GCT (GLOBAL CONNECTOR TECHNOLOGY)" />
    <text name="Manufacturer_Part_Number" originx="850" originy="200" style="Default" rotation="0" justify="left" flipped="False" hidden="False" data="USB4110-GF-A" />
  </component>
</quadcept_library>
