<?xml version="1.0" encoding="utf-8"?>
<!--/1023025/1318237/2.50/4/4/Connector/-->
<quadcept_library>
  <setting unit="mil" />
  <textstyle name="Default" height="47.244094488189" strokewidth="7.8740157480315" charwidth="47.244094488189" />
  <textstyle name="Dimension" height="19.6850393700787" strokewidth="0" charwidth="19.6850393700787" />
  <textstyle name="H127W0635TH00762" height="50" strokewidth="3" charwidth="25" />
  <textstyle name="H15W15TH02" height="59.0551181102362" strokewidth="7.8740157480315" charwidth="59.0551181102362" />
  <padstyle name="c255_h170" surface="False" plated="True" isvia="False" nopaste="True" nomask="True" complex="False" holesize="66.929133858267">
    <padshape layer="TOP" shape="round" width="100.3937007874" height="100.3937007874" />
    <padshape layer="TOP_SOLDER_MASK" shape="round" width="108.26771653543" height="108.26771653543" />
    <padshape layer="INNER" shape="round" width="100.3937007874" height="100.3937007874" />
    <padshape layer="BOTTOM" shape="round" width="100.3937007874" height="100.3937007874" />
    <padshape layer="BOTTOM_SOLDER_MASK" shape="round" width="108.26771653543" height="108.26771653543" />
  </padstyle>
  <padstyle name="c150_h100" surface="False" plated="True" isvia="False" nopaste="True" nomask="True" complex="False" holesize="39.370078740157">
    <padshape layer="TOP" shape="round" width="59.055118110235" height="59.055118110235" />
    <padshape layer="TOP_SOLDER_MASK" shape="round" width="66.929133858267" height="66.929133858267" />
    <padshape layer="INNER" shape="round" width="59.055118110235" height="59.055118110235" />
    <padshape layer="BOTTOM" shape="round" width="59.055118110235" height="59.055118110235" />
    <padshape layer="BOTTOM_SOLDER_MASK" shape="round" width="66.929133858267" height="66.929133858267" />
  </padstyle>
  <footprint name="XT30PWM" originx="0" originy="0" pickpointx="0" pickpointy="0">
    <pcbpin number="1" name="1" style="c255_h170" originx="-98.425196850392" originy="-232.75590551181" rotation="90" />
    <pcbpin number="2" name="2" style="c255_h170" originx="98.425196850392" originy="-232.75590551181" rotation="90" />
    <pcbpin number="3" name="3" style="c150_h100" originx="216.53543307086" originy="160.94488188976" rotation="90" />
    <pcbpin number="4" name="4" style="c150_h100" originx="-216.53543307086" originy="160.94488188976" rotation="90" />
    <line layer="TOP_ASSEMBLY" originx="-194.88188976378" originy="282.95275590551" endx="194.88188976378" endy="282.95275590551" width="7.8740157480314" />
    <line layer="TOP_ASSEMBLY" originx="194.88188976378" originy="282.95275590551" endx="194.88188976378" endy="-266.22047244094" width="7.8740157480314" />
    <line layer="TOP_ASSEMBLY" originx="194.88188976378" originy="-266.22047244094" endx="-194.88188976378" endy="-266.22047244094" width="7.8740157480314" />
    <line layer="TOP_ASSEMBLY" originx="-194.88188976378" originy="-266.22047244094" endx="-194.88188976378" endy="282.95275590551" width="7.8740157480314" />
    <line layer="TOP_PLACE_BOUND" originx="-285.43307086614" originy="322.36220472441" endx="285.43307086614" endy="322.36220472441" width="3.9370078740157" />
    <line layer="TOP_PLACE_BOUND" originx="285.43307086614" originy="322.36220472441" endx="285.43307086614" endy="-322.36220472441" width="3.9370078740157" />
    <line layer="TOP_PLACE_BOUND" originx="285.43307086614" originy="-322.36220472441" endx="-285.43307086614" endy="-322.36220472441" width="3.9370078740157" />
    <line layer="TOP_PLACE_BOUND" originx="-285.43307086614" originy="-322.36220472441" endx="-285.43307086614" endy="322.36220472441" width="3.9370078740157" />
    <line layer="TOP_SILKSCREEN" originx="-194.88188976378" originy="206.1811023622" endx="-194.88188976378" endy="282.95275590551" width="3.9370078740157" />
    <line layer="TOP_SILKSCREEN" originx="-194.88188976378" originy="282.95275590551" endx="194.88188976378" endy="282.95275590551" width="3.9370078740157" />
    <line layer="TOP_SILKSCREEN" originx="194.88188976378" originy="282.95275590551" endx="194.88188976378" endy="206.1811023622" width="3.9370078740157" />
    <line layer="TOP_SILKSCREEN" originx="-194.88188976378" originy="107.75590551181" endx="-194.88188976378" endy="-266.22047244094" width="3.9370078740157" />
    <line layer="TOP_SILKSCREEN" originx="-194.88188976378" originy="-266.22047244094" endx="-157.48031496063" endy="-266.22047244094" width="3.9370078740157" />
    <line layer="TOP_SILKSCREEN" originx="157.48031496063" originy="-266.22047244094" endx="194.88188976378" endy="-266.22047244094" width="3.9370078740157" />
    <line layer="TOP_SILKSCREEN" originx="194.88188976378" originy="-266.22047244094" endx="194.88188976378" endy="107.75590551181" width="3.9370078740157" />
  </footprint>
  <symbol name="XT30PW-M" originx="0" originy="0">
    <line originx="200" originy="100" endx="600" endy="100" width="0" />
    <line originx="600" originy="-200" endx="600" endy="100" width="0" />
    <line originx="600" originy="-200" endx="200" endy="-200" width="0" />
    <line originx="200" originy="100" endx="200" endy="-200" width="0" />
    <sympin number="1" originx="200" originy="0" rotation="180" length="100" width="7.8740157480315" flipped="False">
      <text name="pinname" originx="230" originy="0" style="Default" rotation="0" justify="left" flipped="False" hidden="False" data="1" />
      <text name="pindes" originx="140" originy="20" style="Default" rotation="0" justify="lowerright" flipped="False" hidden="False" data="1" />
    </sympin>
    <sympin number="2" originx="200" originy="-100" rotation="180" length="100" width="7.8740157480315" flipped="False">
      <text name="pinname" originx="230" originy="-100" style="Default" rotation="0" justify="left" flipped="False" hidden="False" data="2" />
      <text name="pindes" originx="140" originy="-80" style="Default" rotation="0" justify="lowerright" flipped="False" hidden="False" data="2" />
    </sympin>
    <sympin number="3" originx="600" originy="-100" rotation="0" length="100" width="7.8740157480315" flipped="False">
      <text name="pinname" originx="570" originy="-100" style="Default" rotation="0" justify="right" flipped="False" hidden="False" data="3" />
      <text name="pindes" originx="660" originy="-80" style="Default" rotation="0" justify="lowerleft" flipped="False" hidden="False" data="3" />
    </sympin>
    <sympin number="4" originx="600" originy="0" rotation="0" length="100" width="7.8740157480315" flipped="False">
      <text name="pinname" originx="570" originy="0" style="Default" rotation="0" justify="right" flipped="False" hidden="False" data="4" />
      <text name="pindes" originx="660" originy="20" style="Default" rotation="0" justify="lowerleft" flipped="False" hidden="False" data="4" />
    </sympin>
  </symbol>
  <component name="XT30PW-M" designatorprefix="J" height="196.85039370078" footprint="XT30PWM">
    <comppin designator="1" sympin="1" pinswap="0" gateswap="0" gate="1" group="1" side="" type="Any" name="1" />
    <comppin designator="2" sympin="2" pinswap="0" gateswap="0" gate="1" group="1" side="" type="Any" name="2" />
    <comppin designator="3" sympin="3" pinswap="0" gateswap="0" gate="1" group="1" side="" type="Any" name="3" />
    <comppin designator="4" sympin="4" pinswap="0" gateswap="0" gate="1" group="1" side="" type="Any" name="4" />
    <attached_symbol gate="1" name="XT30PW-M" />
    <pinmap designator="1" footprintpin="1" />
    <pinmap designator="2" footprintpin="2" />
    <pinmap designator="3" footprintpin="3" />
    <pinmap designator="4" footprintpin="4" />
    <text name="Datasheet" originx="0" originy="0" style="Default" rotation="0" justify="" flipped="False" hidden="True" data="https://www.tme.eu/sl/Document/ce4077e36b79046da520ca73227e15de/XT30PW SPEC.pdf" />
    <text name="Description" originx="0" originy="0" style="Default" rotation="0" justify="" flipped="False" hidden="True" data="30A Low Temperature Rise Fire Retardant Plug" />
    <text name="Manufacturer_Name" originx="0" originy="0" style="Default" rotation="0" justify="" flipped="False" hidden="True" data="Amass" />
    <text name="Manufacturer_Part_Number" originx="650" originy="200" style="Default" rotation="0" justify="left" flipped="False" hidden="False" data="XT30PW-M" />
    <text name="Mouser Part Number" originx="0" originy="0" style="Default" rotation="0" justify="" flipped="False" hidden="True" data="" />
    <text name="Mouser Price/Stock" originx="0" originy="0" style="Default" rotation="0" justify="" flipped="False" hidden="True" data="" />
    <text name="Arrow Part Number" originx="0" originy="0" style="Default" rotation="0" justify="" flipped="False" hidden="True" data="" />
    <text name="Arrow Price/Stock" originx="0" originy="0" style="Default" rotation="0" justify="" flipped="False" hidden="True" data="" />
  </component>
</quadcept_library>
