<?xml version="1.0" encoding="utf-8"?>
<!--/15395121/1318237/2.50/4/3/Undefined or Miscellaneous/-->
<quadcept_library>
  <setting unit="mil" />
  <textstyle name="Default" height="47.244094488189" strokewidth="7.8740157480315" charwidth="47.244094488189" />
  <textstyle name="Dimension" height="19.6850393700787" strokewidth="0" charwidth="19.6850393700787" />
  <textstyle name="H127W0635TH00762" height="50" strokewidth="3" charwidth="25" />
  <textstyle name="H15W15TH02" height="59.0551181102362" strokewidth="7.8740157480315" charwidth="59.0551181102362" />
  <padstyle name="r950_150" surface="True" plated="False" isvia="False" nopaste="False" nomask="True" complex="False" holesize="0">
    <padshape layer="TOP" shape="rectangle" width="59.055118110235" height="374.01574803149" />
    <padshape layer="TOP_SOLDER_MASK" shape="rectangle" width="66.929133858267" height="381.88976377952" />
    <padshape layer="TOP_SOLDER_PASTE" shape="rectangle" width="59.055118110235" height="374.01574803149" />
  </padstyle>
  <padstyle name="r2320_150" surface="True" plated="False" isvia="False" nopaste="False" nomask="True" complex="False" holesize="0">
    <padshape layer="TOP" shape="rectangle" width="59.055118110235" height="913.38582677164" />
    <padshape layer="TOP_SOLDER_MASK" shape="rectangle" width="66.929133858267" height="921.25984251967" />
    <padshape layer="TOP_SOLDER_PASTE" shape="rectangle" width="59.055118110235" height="913.38582677164" />
  </padstyle>
  <footprint name="36702202" originx="0" originy="0" pickpointx="0" pickpointy="0">
    <pcbpin number="1" name="1" style="r950_150" originx="-427.1653543307" originy="0" rotation="0" />
    <pcbpin number="2" name="2" style="r2320_150" originx="0" originy="-216.53543307086" rotation="90" />
    <pcbpin number="3" name="3" style="r950_150" originx="427.1653543307" originy="0" rotation="0" />
    <pcbpin number="4" name="4" style="r2320_150" originx="0" originy="216.53543307086" rotation="90" />
    <line layer="TOP_ASSEMBLY" originx="-433.07086614173" originy="222.44094488189" endx="433.07086614173" endy="222.44094488189" width="3.9370078740157" />
    <line layer="TOP_ASSEMBLY" originx="433.07086614173" originy="222.44094488189" endx="433.07086614173" endy="-222.44094488189" width="3.9370078740157" />
    <line layer="TOP_ASSEMBLY" originx="433.07086614173" originy="-222.44094488189" endx="-433.07086614173" endy="-222.44094488189" width="3.9370078740157" />
    <line layer="TOP_ASSEMBLY" originx="-433.07086614173" originy="-222.44094488189" endx="-433.07086614173" endy="222.44094488189" width="3.9370078740157" />
    <line layer="TOP_PLACE_BOUND" originx="-496.06299212598" originy="285.43307086614" endx="496.06299212598" endy="285.43307086614" width="3.9370078740157" />
    <line layer="TOP_PLACE_BOUND" originx="496.06299212598" originy="285.43307086614" endx="496.06299212598" endy="-285.43307086614" width="3.9370078740157" />
    <line layer="TOP_PLACE_BOUND" originx="496.06299212598" originy="-285.43307086614" endx="-496.06299212598" endy="-285.43307086614" width="3.9370078740157" />
    <line layer="TOP_PLACE_BOUND" originx="-496.06299212598" originy="-285.43307086614" endx="-496.06299212598" endy="285.43307086614" width="3.9370078740157" />
    <line layer="TOP_SILKSCREEN" originx="-472.44094488188" originy="0" endx="-472.44094488188" endy="0" width="3.9370078740157" />
    <arc layer="TOP_SILKSCREEN" originx="-474.40944881889" originy="0" startangle=".0" sweepangle="180.0" radius="1.9685039370079" width="3.9370078740157" />
    <line layer="TOP_SILKSCREEN" originx="-476.3779527559" originy="0" endx="-476.3779527559" endy="0" width="3.9370078740157" />
    <arc layer="TOP_SILKSCREEN" originx="-474.40944881889" originy="0" startangle="180.0" sweepangle="180.0" radius="1.9685039370079" width="3.9370078740157" />
  </footprint>
  <symbol name="36702202" originx="0" originy="0">
    <line originx="200" originy="300" endx="600" endy="300" width="0" />
    <line originx="600" originy="-300" endx="600" endy="300" width="0" />
    <line originx="600" originy="-300" endx="200" endy="-300" width="0" />
    <line originx="200" originy="300" endx="200" endy="-300" width="0" />
    <sympin number="1" originx="200" originy="0" rotation="180" length="100" width="7.8740157480315" flipped="False">
      <text name="pinname" originx="230" originy="0" style="Default" rotation="0" justify="left" flipped="False" hidden="False" data="1" />
      <text name="pindes" originx="140" originy="20" style="Default" rotation="0" justify="lowerright" flipped="False" hidden="False" data="1" />
    </sympin>
    <sympin number="2" originx="400" originy="-300" rotation="270" length="100" width="7.8740157480315" flipped="False">
      <text name="pinname" originx="400" originy="-270" style="Default" rotation="0" justify="left" flipped="False" hidden="False" data="2" />
      <text name="pindes" originx="380" originy="-360" style="Default" rotation="0" justify="lowerright" flipped="False" hidden="False" data="2" />
    </sympin>
    <sympin number="3" originx="600" originy="0" rotation="0" length="100" width="7.8740157480315" flipped="False">
      <text name="pinname" originx="570" originy="0" style="Default" rotation="0" justify="right" flipped="False" hidden="False" data="3" />
      <text name="pindes" originx="660" originy="20" style="Default" rotation="0" justify="lowerleft" flipped="False" hidden="False" data="3" />
    </sympin>
    <sympin number="4" originx="400" originy="300" rotation="90" length="100" width="7.8740157480315" flipped="False">
      <text name="pinname" originx="400" originy="270" style="Default" rotation="0" justify="right" flipped="False" hidden="False" data="4" />
      <text name="pindes" originx="380" originy="360" style="Default" rotation="0" justify="lowerleft" flipped="False" hidden="False" data="4" />
    </sympin>
  </symbol>
  <component name="36702202" designatorprefix="U" height="118.11023622047" footprint="36702202">
    <comppin designator="1" sympin="1" pinswap="0" gateswap="0" gate="1" group="1" side="" type="Any" name="1" />
    <comppin designator="2" sympin="2" pinswap="0" gateswap="0" gate="1" group="1" side="" type="Any" name="2" />
    <comppin designator="3" sympin="3" pinswap="0" gateswap="0" gate="1" group="1" side="" type="Any" name="3" />
    <comppin designator="4" sympin="4" pinswap="0" gateswap="0" gate="1" group="1" side="" type="Any" name="4" />
    <attached_symbol gate="1" name="36702202" />
    <pinmap designator="1" footprintpin="1" />
    <pinmap designator="2" footprintpin="2" />
    <pinmap designator="3" footprintpin="3" />
    <pinmap designator="4" footprintpin="4" />
    <text name="Datasheet" originx="0" originy="0" style="Default" rotation="0" justify="" flipped="False" hidden="True" data="https://www.we-online.com/catalog/datasheet/36702202.pdf" />
    <text name="Description" originx="0" originy="0" style="Default" rotation="0" justify="" flipped="False" hidden="True" data="WE-SHC Two-piece Seamless Shielding Cabinet" />
    <text name="Manufacturer_Name" originx="0" originy="0" style="Default" rotation="0" justify="" flipped="False" hidden="True" data="Wurth Elektronik" />
    <text name="Manufacturer_Part_Number" originx="650" originy="400" style="Default" rotation="0" justify="left" flipped="False" hidden="False" data="36702202" />
    <text name="Mouser Part Number" originx="0" originy="0" style="Default" rotation="0" justify="" flipped="False" hidden="True" data="710-36702202" />
    <text name="Mouser Price/Stock" originx="0" originy="0" style="Default" rotation="0" justify="" flipped="False" hidden="True" data="https://www.mouser.co.uk/ProductDetail/Wurth-Elektronik/36702202?qs=pUKx8fyJudCNW1e1dOzaEw%3D%3D" />
    <text name="Arrow Part Number" originx="0" originy="0" style="Default" rotation="0" justify="" flipped="False" hidden="True" data="" />
    <text name="Arrow Price/Stock" originx="0" originy="0" style="Default" rotation="0" justify="" flipped="False" hidden="True" data="" />
  </component>
</quadcept_library>
