<?xml version="1.0" encoding="utf-8"?>
<!--/18008253/1318237/2.50/2/4/Inductor/-->
<quadcept_library>
  <setting unit="mil" />
  <textstyle name="Default" height="47.244094488189" strokewidth="7.8740157480315" charwidth="47.244094488189" />
  <textstyle name="Dimension" height="19.6850393700787" strokewidth="0" charwidth="19.6850393700787" />
  <textstyle name="H127W0635TH00762" height="50" strokewidth="3" charwidth="25" />
  <textstyle name="H15W15TH02" height="59.0551181102362" strokewidth="7.8740157480315" charwidth="59.0551181102362" />
  <padstyle name="r620_270" surface="True" plated="False" isvia="False" nopaste="False" nomask="True" complex="False" holesize="0">
    <padshape layer="TOP" shape="rectangle" width="106.29921259842" height="244.09448818897" />
    <padshape layer="TOP_SOLDER_MASK" shape="rectangle" width="114.17322834646" height="251.968503937" />
    <padshape layer="TOP_SOLDER_PASTE" shape="rectangle" width="106.29921259842" height="244.09448818897" />
  </padstyle>
  <footprint name="CHSA3920R0003F" originx="0" originy="0" pickpointx="0" pickpointy="0">
    <pcbpin number="1" name="1" style="r620_270" originx="-163.38582677165" originy="0" rotation="0" />
    <pcbpin number="2" name="2" style="r620_270" originx="163.38582677165" originy="0" rotation="0" />
    <line layer="TOP_ASSEMBLY" originx="-196.85039370078" originy="-102.36220472441" endx="196.85039370078" endy="-102.36220472441" width="3.9370078740157" />
    <line layer="TOP_ASSEMBLY" originx="196.85039370078" originy="-102.36220472441" endx="196.85039370078" endy="102.36220472441" width="3.9370078740157" />
    <line layer="TOP_ASSEMBLY" originx="196.85039370078" originy="102.36220472441" endx="-196.85039370078" endy="102.36220472441" width="3.9370078740157" />
    <line layer="TOP_ASSEMBLY" originx="-196.85039370078" originy="102.36220472441" endx="-196.85039370078" endy="-102.36220472441" width="3.9370078740157" />
    <line layer="TOP_PLACE_BOUND" originx="-255.90551181102" originy="161.41732283464" endx="255.90551181102" endy="161.41732283464" width="3.9370078740157" />
    <line layer="TOP_PLACE_BOUND" originx="255.90551181102" originy="161.41732283464" endx="255.90551181102" endy="-161.41732283464" width="3.9370078740157" />
    <line layer="TOP_PLACE_BOUND" originx="255.90551181102" originy="-161.41732283464" endx="-255.90551181102" endy="-161.41732283464" width="3.9370078740157" />
    <line layer="TOP_PLACE_BOUND" originx="-255.90551181102" originy="-161.41732283464" endx="-255.90551181102" endy="161.41732283464" width="3.9370078740157" />
    <line layer="TOP_SILKSCREEN" originx="-94.488188976377" originy="102.36220472441" endx="94.488188976377" endy="102.36220472441" width="7.8740157480314" />
    <line layer="TOP_SILKSCREEN" originx="-94.488188976377" originy="-102.36220472441" endx="94.488188976377" endy="-102.36220472441" width="7.8740157480314" />
    <line layer="TOP_SILKSCREEN" originx="-240.15748031496" originy="11.811023622047" endx="-240.15748031496" endy="11.811023622047" width="3.9370078740157" />
    <arc layer="TOP_SILKSCREEN" originx="-238.18897637795" originy="11.811023622047" startangle="180.0" sweepangle="180.0" radius="1.9685039370078" width="3.9370078740157" />
    <line layer="TOP_SILKSCREEN" originx="-236.22047244094" originy="11.811023622047" endx="-236.22047244094" endy="11.811023622047" width="3.9370078740157" />
    <arc layer="TOP_SILKSCREEN" originx="-238.18897637795" originy="11.811023622047" startangle=".0" sweepangle="180.0" radius="1.9685039370078" width="3.9370078740157" />
    <line layer="TOP_SILKSCREEN" originx="-240.15748031496" originy="11.811023622047" endx="-240.15748031496" endy="11.811023622047" width="3.9370078740157" />
    <arc layer="TOP_SILKSCREEN" originx="-238.18897637795" originy="11.811023622047" startangle="180.0" sweepangle="180.0" radius="1.9685039370078" width="3.9370078740157" />
  </footprint>
  <symbol name="CHSA3920R0003F" originx="0" originy="0">
    <arc originx="250" originy="-2" startangle="177.7" sweepangle="-175.4" radius="50" width="0" />
    <arc originx="350" originy="-2" startangle="177.7" sweepangle="-175.4" radius="50" width="0" />
    <arc originx="450" originy="-2" startangle="177.7" sweepangle="-175.4" radius="50" width="0" />
    <arc originx="550" originy="-2" startangle="177.7" sweepangle="-175.4" radius="50" width="0" />
    <sympin number="1" originx="200" originy="0" rotation="180" length="100" width="7.8740157480315" flipped="False">
      <text name="pinname" originx="0" originy="-10" style="Default" rotation="0" justify="upperleft" flipped="False" hidden="True" data="1" />
      <text name="pindes" originx="0" originy="10" style="Default" rotation="0" justify="lowerleft" flipped="False" hidden="False" data="1" />
    </sympin>
    <sympin number="2" originx="600" originy="0" rotation="0" length="100" width="7.8740157480315" flipped="False">
      <text name="pinname" originx="800" originy="-10" style="Default" rotation="0" justify="upperright" flipped="False" hidden="True" data="2" />
      <text name="pindes" originx="800" originy="10" style="Default" rotation="0" justify="lowerright" flipped="False" hidden="False" data="2" />
    </sympin>
  </symbol>
  <component name="CHSA3920R0003F" designatorprefix="L" height="88.976377952755" footprint="CHSA3920R0003F">
    <comppin designator="1" sympin="1" pinswap="0" gateswap="0" gate="1" group="1" side="" type="Any" name="1" />
    <comppin designator="2" sympin="2" pinswap="0" gateswap="0" gate="1" group="1" side="" type="Any" name="2" />
    <attached_symbol gate="1" name="CHSA3920R0003F" />
    <pinmap designator="1" footprintpin="1" />
    <pinmap designator="2" footprintpin="2" />
    <text name="Datasheet" originx="0" originy="0" style="Default" rotation="0" justify="" flipped="False" hidden="True" data="https://www.eaton.com/content/dam/eaton/products/electronic-components/resources/data-sheet/eaton-chsa-automotive-smd-current-sense-resistor-metal-shunt-data-sheet-elx1223-en.pdf" />
    <text name="Description" originx="0" originy="0" style="Default" rotation="0" justify="" flipped="False" hidden="True" data="Current Sense Resistors - SMD CHS, 3920 SIZE, 10 Watt, 0.3 mohm, AEC-Q" />
    <text name="Mouser Part Number" originx="0" originy="0" style="Default" rotation="0" justify="" flipped="False" hidden="True" data="504-CHSA3920R0003F" />
    <text name="Mouser Price/Stock" originx="0" originy="0" style="Default" rotation="0" justify="" flipped="False" hidden="True" data="https://www.mouser.co.uk/ProductDetail/Bussmann-Eaton/CHSA3920R0003F?qs=By6Nw2ByBD3h3Nqv5wmZ%252Bw%3D%3D" />
    <text name="Manufacturer_Name" originx="0" originy="0" style="Default" rotation="0" justify="" flipped="False" hidden="True" data="Eaton" />
    <text name="Manufacturer_Part_Number" originx="650" originy="150" style="Default" rotation="0" justify="left" flipped="False" hidden="False" data="CHSA3920R0003F" />
  </component>
</quadcept_library>
