<?xml version="1.0" encoding="utf-8"?>
<!--/611656/1318237/2.50/4/4/LED/-->
<quadcept_library>
  <setting unit="mil" />
  <textstyle name="Default" height="47.244094488189" strokewidth="7.8740157480315" charwidth="47.244094488189" />
  <textstyle name="Dimension" height="19.6850393700787" strokewidth="0" charwidth="19.6850393700787" />
  <textstyle name="H127W0635TH00762" height="50" strokewidth="3" charwidth="25" />
  <textstyle name="H15W15TH02" height="59.0551181102362" strokewidth="7.8740157480315" charwidth="59.0551181102362" />
  <padstyle name="r140_80" surface="True" plated="False" isvia="False" nopaste="False" nomask="True" complex="False" holesize="0">
    <padshape layer="TOP" shape="rectangle" width="31.496062992126" height="55.11811023622" />
    <padshape layer="TOP_SOLDER_MASK" shape="rectangle" width="39.370078740157" height="62.992125984251" />
    <padshape layer="TOP_SOLDER_PASTE" shape="rectangle" width="31.496062992126" height="55.11811023622" />
  </padstyle>
  <padstyle name="c165_h330" surface="False" plated="True" isvia="False" nopaste="True" nomask="True" complex="False" holesize="129.92125984252">
    <padshape layer="TOP" shape="round" width="64.960629921259" height="64.960629921259" />
    <padshape layer="TOP_SOLDER_MASK" shape="round" width="72.83464566929" height="72.83464566929" />
    <padshape layer="INNER" shape="round" width="64.960629921259" height="64.960629921259" />
    <padshape layer="BOTTOM" shape="round" width="64.960629921259" height="64.960629921259" />
    <padshape layer="BOTTOM_SOLDER_MASK" shape="round" width="72.83464566929" height="72.83464566929" />
  </padstyle>
  <footprint name="XZMDKCBDDG45S9" originx="0" originy="0" pickpointx="0" pickpointy="0">
    <pcbpin number="1" name="1" style="r140_80" originx="102.36220472441" originy="28.543307086614" rotation="90" />
    <pcbpin number="2" name="2" style="r140_80" originx="-102.36220472441" originy="28.543307086614" rotation="90" />
    <pcbpin number="3" name="3" style="r140_80" originx="-102.36220472441" originy="-28.543307086614" rotation="90" />
    <pcbpin number="4" name="4" style="r140_80" originx="102.36220472441" originy="-28.543307086614" rotation="90" />
    <pcbpin number="5" name="5" style="c165_h330" originx="0" originy="0" rotation="90" />
    <line layer="TOP_ASSEMBLY" originx="-62.992125984251" originy="55.11811023622" endx="62.992125984251" endy="55.11811023622" width="7.8740157480314" />
    <line layer="TOP_ASSEMBLY" originx="62.992125984251" originy="55.11811023622" endx="62.992125984251" endy="-55.11811023622" width="7.8740157480314" />
    <line layer="TOP_ASSEMBLY" originx="62.992125984251" originy="-55.11811023622" endx="-62.992125984251" endy="-55.11811023622" width="7.8740157480314" />
    <line layer="TOP_ASSEMBLY" originx="-62.992125984251" originy="-55.11811023622" endx="-62.992125984251" endy="55.11811023622" width="7.8740157480314" />
    <line layer="TOP_PLACE_BOUND" originx="-169.29133858268" originy="104.33070866142" endx="188.97637795275" endy="104.33070866142" width="3.9370078740157" />
    <line layer="TOP_PLACE_BOUND" originx="188.97637795275" originy="104.33070866142" endx="188.97637795275" endy="-104.33070866142" width="3.9370078740157" />
    <line layer="TOP_PLACE_BOUND" originx="188.97637795275" originy="-104.33070866142" endx="-169.29133858268" endy="-104.33070866142" width="3.9370078740157" />
    <line layer="TOP_PLACE_BOUND" originx="-169.29133858268" originy="-104.33070866142" endx="-169.29133858268" endy="104.33070866142" width="3.9370078740157" />
    <line layer="TOP_SILKSCREEN" originx="-43.307086614173" originy="55.11811023622" endx="-62.992125984251" endy="55.11811023622" width="3.9370078740157" />
    <line layer="TOP_SILKSCREEN" originx="-62.992125984251" originy="55.11811023622" endx="-62.992125984251" endy="28.543307086614" width="3.9370078740157" />
    <line layer="TOP_SILKSCREEN" originx="-62.992125984251" originy="-28.543307086614" endx="-62.992125984251" endy="-55.11811023622" width="3.9370078740157" />
    <line layer="TOP_SILKSCREEN" originx="-62.992125984251" originy="-55.11811023622" endx="-43.307086614173" endy="-55.11811023622" width="3.9370078740157" />
    <line layer="TOP_SILKSCREEN" originx="43.307086614173" originy="-55.11811023622" endx="62.992125984251" endy="-55.11811023622" width="3.9370078740157" />
    <line layer="TOP_SILKSCREEN" originx="62.992125984251" originy="-55.11811023622" endx="62.992125984251" endy="-28.543307086614" width="3.9370078740157" />
    <line layer="TOP_SILKSCREEN" originx="43.307086614173" originy="55.11811023622" endx="62.992125984251" endy="55.11811023622" width="3.9370078740157" />
    <line layer="TOP_SILKSCREEN" originx="62.992125984251" originy="55.11811023622" endx="62.992125984251" endy="28.543307086614" width="3.9370078740157" />
    <line layer="TOP_SILKSCREEN" originx="145.66929133858" originy="31.496062992126" endx="145.66929133858" endy="31.496062992126" width="7.8740157480314" />
    <arc layer="TOP_SILKSCREEN" originx="145.66929133858" originy="27.55905511811" startangle="90.0" sweepangle="-180.0" radius="3.9370078740157" width="7.8740157480314" />
    <line layer="TOP_SILKSCREEN" originx="145.66929133858" originy="23.622047244094" endx="145.66929133858" endy="23.622047244094" width="7.8740157480314" />
    <arc layer="TOP_SILKSCREEN" originx="145.66929133858" originy="27.55905511811" startangle="-90.0" sweepangle="-180.0" radius="3.9370078740157" width="7.8740157480314" />
  </footprint>
  <symbol name="XZMDKCBDDG45S-9" originx="0" originy="0">
    <line originx="200" originy="100" endx="1800" endy="100" width="0" />
    <line originx="1800" originy="-200" endx="1800" endy="100" width="0" />
    <line originx="1800" originy="-200" endx="200" endy="-200" width="0" />
    <line originx="200" originy="100" endx="200" endy="-200" width="0" />
    <sympin number="1" originx="1800" originy="0" rotation="0" length="100" width="7.8740157480315" flipped="False">
      <text name="pinname" originx="1770" originy="0" style="Default" rotation="0" justify="right" flipped="False" hidden="False" data="CATHODE_RED" />
      <text name="pindes" originx="1860" originy="20" style="Default" rotation="0" justify="lowerleft" flipped="False" hidden="False" data="1" />
    </sympin>
    <sympin number="2" originx="200" originy="0" rotation="180" length="100" width="7.8740157480315" flipped="False">
      <text name="pinname" originx="230" originy="0" style="Default" rotation="0" justify="left" flipped="False" hidden="False" data="COMMON_ANODE" />
      <text name="pindes" originx="140" originy="20" style="Default" rotation="0" justify="lowerright" flipped="False" hidden="False" data="2" />
    </sympin>
    <sympin number="3" originx="200" originy="-100" rotation="180" length="100" width="7.8740157480315" flipped="False">
      <text name="pinname" originx="230" originy="-100" style="Default" rotation="0" justify="left" flipped="False" hidden="False" data="CATHODE_BLUE" />
      <text name="pindes" originx="140" originy="-80" style="Default" rotation="0" justify="lowerright" flipped="False" hidden="False" data="3" />
    </sympin>
    <sympin number="4" originx="1800" originy="-100" rotation="0" length="100" width="7.8740157480315" flipped="False">
      <text name="pinname" originx="1770" originy="-100" style="Default" rotation="0" justify="right" flipped="False" hidden="False" data="CATHODE_GREEN" />
      <text name="pindes" originx="1860" originy="-80" style="Default" rotation="0" justify="lowerleft" flipped="False" hidden="False" data="4" />
    </sympin>
  </symbol>
  <component name="XZMDKCBDDG45S-9" designatorprefix="LED" height="82.67716535433" footprint="XZMDKCBDDG45S9">
    <comppin designator="1" sympin="1" pinswap="0" gateswap="0" gate="1" group="1" side="" type="Any" name="CATHODE_RED" />
    <comppin designator="2" sympin="2" pinswap="0" gateswap="0" gate="1" group="1" side="" type="Any" name="COMMON_ANODE" />
    <comppin designator="3" sympin="3" pinswap="0" gateswap="0" gate="1" group="1" side="" type="Any" name="CATHODE_BLUE" />
    <comppin designator="4" sympin="4" pinswap="0" gateswap="0" gate="1" group="1" side="" type="Any" name="CATHODE_GREEN" />
    <attached_symbol gate="1" name="XZMDKCBDDG45S-9" />
    <pinmap designator="1" footprintpin="1" />
    <pinmap designator="2" footprintpin="2" />
    <pinmap designator="3" footprintpin="3" />
    <pinmap designator="4" footprintpin="4" />
    <text name="Datasheet" originx="0" originy="0" style="Default" rotation="0" justify="" flipped="False" hidden="True" data="http://www.sunledusa.com/products/spec/XZMDKCBDDG45S-9.pdf" />
    <text name="Description" originx="0" originy="0" style="Default" rotation="0" justify="" flipped="False" hidden="True" data="LED RGB CLEAR 4SMD GW" />
    <text name="Manufacturer_Name" originx="0" originy="0" style="Default" rotation="0" justify="" flipped="False" hidden="True" data="SunLED" />
    <text name="Manufacturer_Part_Number" originx="1850" originy="200" style="Default" rotation="0" justify="left" flipped="False" hidden="False" data="XZMDKCBDDG45S-9" />
    <text name="Mouser Part Number" originx="0" originy="0" style="Default" rotation="0" justify="" flipped="False" hidden="True" data="" />
    <text name="Mouser Price/Stock" originx="0" originy="0" style="Default" rotation="0" justify="" flipped="False" hidden="True" data="" />
    <text name="Arrow Part Number" originx="0" originy="0" style="Default" rotation="0" justify="" flipped="False" hidden="True" data="XZMDKCBDDG45S-9" />
    <text name="Arrow Price/Stock" originx="0" originy="0" style="Default" rotation="0" justify="" flipped="False" hidden="True" data="null?region=nac" />
  </component>
</quadcept_library>
