<?xml version="1.0" encoding="utf-8"?>
<!--/739285/1318237/2.50/8/4/Transistor/-->
<quadcept_library>
  <setting unit="mil" />
  <textstyle name="Default" height="47.244094488189" strokewidth="7.8740157480315" charwidth="47.244094488189" />
  <textstyle name="Dimension" height="19.6850393700787" strokewidth="0" charwidth="19.6850393700787" />
  <textstyle name="H127W0635TH00762" height="50" strokewidth="3" charwidth="25" />
  <textstyle name="H15W15TH02" height="59.0551181102362" strokewidth="7.8740157480315" charwidth="59.0551181102362" />
  <padstyle name="r32.5_30" surface="True" plated="False" isvia="False" nopaste="False" nomask="True" complex="False" holesize="0">
    <padshape layer="TOP" shape="rectangle" width="11.811023622047" height="12.795275590551" />
    <padshape layer="TOP_SOLDER_MASK" shape="rectangle" width="19.685039370078" height="20.669291338582" />
    <padshape layer="TOP_SOLDER_PASTE" shape="rectangle" width="11.811023622047" height="12.795275590551" />
  </padstyle>
  <padstyle name="r95_61.3" surface="True" plated="False" isvia="False" nopaste="False" nomask="True" complex="False" holesize="0">
    <padshape layer="TOP" shape="rectangle" width="24.133858267716" height="37.401574803149" />
    <padshape layer="TOP_SOLDER_MASK" shape="rectangle" width="32.007874015748" height="45.275590551181" />
    <padshape layer="TOP_SOLDER_PASTE" shape="rectangle" width="24.133858267716" height="37.401574803149" />
  </padstyle>
  <footprint name="SIA537EDJT1GE3" originx="0" originy="0" pickpointx="0" pickpointy="0">
    <pcbpin number="1" name="1" style="r32.5_30" originx="-25.590551181102" originy="-35.905511811023" rotation="0" />
    <pcbpin number="2" name="2" style="r32.5_30" originx="0" originy="-35.905511811023" rotation="0" />
    <pcbpin number="3" name="3" style="r32.5_30" originx="25.590551181102" originy="-35.905511811023" rotation="0" />
    <pcbpin number="4" name="4" style="r32.5_30" originx="25.590551181102" originy="35.944881889763" rotation="0" />
    <pcbpin number="5" name="5" style="r32.5_30" originx="0" originy="35.944881889763" rotation="0" />
    <pcbpin number="6" name="6" style="r32.5_30" originx="-25.590551181102" originy="35.944881889763" rotation="0" />
    <pcbpin number="7" name="7" style="r95_61.3" originx="-18.346456692913" originy="0" rotation="0" />
    <pcbpin number="8" name="8" style="r95_61.3" originx="18.346456692913" originy="0" rotation="0" />
    <line layer="TOP_ASSEMBLY" originx="-40.354330708661" originy="40.354330708661" endx="40.354330708661" endy="40.354330708661" width="7.8740157480314" />
    <line layer="TOP_ASSEMBLY" originx="40.354330708661" originy="40.354330708661" endx="40.354330708661" endy="-40.354330708661" width="7.8740157480314" />
    <line layer="TOP_ASSEMBLY" originx="40.354330708661" originy="-40.354330708661" endx="-40.354330708661" endy="-40.354330708661" width="7.8740157480314" />
    <line layer="TOP_ASSEMBLY" originx="-40.354330708661" originy="-40.354330708661" endx="-40.354330708661" endy="40.354330708661" width="7.8740157480314" />
    <line layer="TOP_PLACE_BOUND" originx="-60.039370078739" originy="62.007874015747" endx="60.039370078739" endy="62.007874015747" width="3.9370078740157" />
    <line layer="TOP_PLACE_BOUND" originx="60.039370078739" originy="62.007874015747" endx="60.039370078739" endy="-72.83464566929" width="3.9370078740157" />
    <line layer="TOP_PLACE_BOUND" originx="60.039370078739" originy="-72.83464566929" endx="-60.039370078739" endy="-72.83464566929" width="3.9370078740157" />
    <line layer="TOP_PLACE_BOUND" originx="-60.039370078739" originy="-72.83464566929" endx="-60.039370078739" endy="62.007874015747" width="3.9370078740157" />
    <line layer="TOP_SILKSCREEN" originx="-40.354330708661" originy="40.354330708661" endx="-40.354330708661" endy="-40.354330708661" width="3.9370078740157" />
    <line layer="TOP_SILKSCREEN" originx="40.354330708661" originy="40.354330708661" endx="40.354330708661" endy="-40.354330708661" width="3.9370078740157" />
    <line layer="TOP_SILKSCREEN" originx="-27.55905511811" originy="-51.181102362204" endx="-27.55905511811" endy="-51.181102362204" width="3.9370078740157" />
    <arc layer="TOP_SILKSCREEN" originx="-25.590551181102" originy="-51.181102362204" startangle="180.0" sweepangle="-180.0" radius="1.9685039370079" width="3.9370078740157" />
    <line layer="TOP_SILKSCREEN" originx="-23.622047244094" originy="-51.181102362204" endx="-23.622047244094" endy="-51.181102362204" width="3.9370078740157" />
    <arc layer="TOP_SILKSCREEN" originx="-25.590551181102" originy="-51.181102362204" startangle=".0" sweepangle="-180.0" radius="1.9685039370079" width="3.9370078740157" />
  </footprint>
  <symbol name="SIA527DJ-T1-GE3" originx="0" originy="0">
    <line originx="200" originy="100" endx="900" endy="100" width="0" />
    <line originx="900" originy="-400" endx="900" endy="100" width="0" />
    <line originx="900" originy="-400" endx="200" endy="-400" width="0" />
    <line originx="200" originy="100" endx="200" endy="-400" width="0" />
    <sympin number="1" originx="200" originy="0" rotation="180" length="100" width="7.8740157480315" flipped="False">
      <text name="pinname" originx="230" originy="0" style="Default" rotation="0" justify="left" flipped="False" hidden="False" data="S1" />
      <text name="pindes" originx="140" originy="20" style="Default" rotation="0" justify="lowerright" flipped="False" hidden="False" data="1" />
    </sympin>
    <sympin number="2" originx="200" originy="-100" rotation="180" length="100" width="7.8740157480315" flipped="False">
      <text name="pinname" originx="230" originy="-100" style="Default" rotation="0" justify="left" flipped="False" hidden="False" data="G1" />
      <text name="pindes" originx="140" originy="-80" style="Default" rotation="0" justify="lowerright" flipped="False" hidden="False" data="2" />
    </sympin>
    <sympin number="3" originx="200" originy="-200" rotation="180" length="100" width="7.8740157480315" flipped="False">
      <text name="pinname" originx="230" originy="-200" style="Default" rotation="0" justify="left" flipped="False" hidden="False" data="D2_1" />
      <text name="pindes" originx="140" originy="-180" style="Default" rotation="0" justify="lowerright" flipped="False" hidden="False" data="3" />
    </sympin>
    <sympin number="4" originx="200" originy="-300" rotation="180" length="100" width="7.8740157480315" flipped="False">
      <text name="pinname" originx="230" originy="-300" style="Default" rotation="0" justify="left" flipped="False" hidden="False" data="S2" />
      <text name="pindes" originx="140" originy="-280" style="Default" rotation="0" justify="lowerright" flipped="False" hidden="False" data="4" />
    </sympin>
    <sympin number="5" originx="900" originy="0" rotation="0" length="100" width="7.8740157480315" flipped="False">
      <text name="pinname" originx="870" originy="0" style="Default" rotation="0" justify="right" flipped="False" hidden="False" data="G2" />
      <text name="pindes" originx="960" originy="20" style="Default" rotation="0" justify="lowerleft" flipped="False" hidden="False" data="5" />
    </sympin>
    <sympin number="6" originx="900" originy="-100" rotation="0" length="100" width="7.8740157480315" flipped="False">
      <text name="pinname" originx="870" originy="-100" style="Default" rotation="0" justify="right" flipped="False" hidden="False" data="D1_1" />
      <text name="pindes" originx="960" originy="-80" style="Default" rotation="0" justify="lowerleft" flipped="False" hidden="False" data="6" />
    </sympin>
    <sympin number="7" originx="900" originy="-200" rotation="0" length="100" width="7.8740157480315" flipped="False">
      <text name="pinname" originx="870" originy="-200" style="Default" rotation="0" justify="right" flipped="False" hidden="False" data="D1_2" />
      <text name="pindes" originx="960" originy="-180" style="Default" rotation="0" justify="lowerleft" flipped="False" hidden="False" data="7" />
    </sympin>
    <sympin number="8" originx="900" originy="-300" rotation="0" length="100" width="7.8740157480315" flipped="False">
      <text name="pinname" originx="870" originy="-300" style="Default" rotation="0" justify="right" flipped="False" hidden="False" data="D2_2" />
      <text name="pindes" originx="960" originy="-280" style="Default" rotation="0" justify="lowerleft" flipped="False" hidden="False" data="8" />
    </sympin>
  </symbol>
  <component name="SIA527DJ-T1-GE3" designatorprefix="Q" height="0" footprint="SIA537EDJT1GE3">
    <comppin designator="1" sympin="1" pinswap="0" gateswap="0" gate="1" group="1" side="" type="Any" name="S1" />
    <comppin designator="2" sympin="2" pinswap="0" gateswap="0" gate="1" group="1" side="" type="Any" name="G1" />
    <comppin designator="3" sympin="3" pinswap="0" gateswap="0" gate="1" group="1" side="" type="Any" name="D2_1" />
    <comppin designator="4" sympin="4" pinswap="0" gateswap="0" gate="1" group="1" side="" type="Any" name="S2" />
    <comppin designator="5" sympin="5" pinswap="0" gateswap="0" gate="1" group="1" side="" type="Any" name="G2" />
    <comppin designator="6" sympin="6" pinswap="0" gateswap="0" gate="1" group="1" side="" type="Any" name="D1_1" />
    <comppin designator="7" sympin="7" pinswap="0" gateswap="0" gate="1" group="1" side="" type="Any" name="D1_2" />
    <comppin designator="8" sympin="8" pinswap="0" gateswap="0" gate="1" group="1" side="" type="Any" name="D2_2" />
    <attached_symbol gate="1" name="SIA527DJ-T1-GE3" />
    <pinmap designator="1" footprintpin="1" />
    <pinmap designator="2" footprintpin="2" />
    <pinmap designator="3" footprintpin="3" />
    <pinmap designator="4" footprintpin="4" />
    <pinmap designator="5" footprintpin="5" />
    <pinmap designator="6" footprintpin="6" />
    <pinmap designator="7" footprintpin="7" />
    <pinmap designator="8" footprintpin="8" />
    <text name="Datasheet" originx="0" originy="0" style="Default" rotation="0" justify="" flipped="False" hidden="True" data="http://www.vishay.com/docs/64162/sia527dj.pdf" />
    <text name="Description" originx="0" originy="0" style="Default" rotation="0" justify="" flipped="False" hidden="True" data="MOSFET -12V Vds 8V Vgs SC-70 N&amp;P PAIR" />
    <text name="Manufacturer_Name" originx="0" originy="0" style="Default" rotation="0" justify="" flipped="False" hidden="True" data="Vishay" />
    <text name="Manufacturer_Part_Number" originx="950" originy="200" style="Default" rotation="0" justify="left" flipped="False" hidden="False" data="SIA527DJ-T1-GE3" />
    <text name="Mouser Part Number" originx="0" originy="0" style="Default" rotation="0" justify="" flipped="False" hidden="True" data="78-SIA527DJ-T1-GE3" />
    <text name="Mouser Price/Stock" originx="0" originy="0" style="Default" rotation="0" justify="" flipped="False" hidden="True" data="https://www.mouser.co.uk/ProductDetail/Vishay-Semiconductors/SIA527DJ-T1-GE3?qs=IcBct1gTIwz%2FpGFBQNHwbQ%3D%3D" />
    <text name="Arrow Part Number" originx="0" originy="0" style="Default" rotation="0" justify="" flipped="False" hidden="True" data="SIA527DJ-T1-GE3" />
    <text name="Arrow Price/Stock" originx="0" originy="0" style="Default" rotation="0" justify="" flipped="False" hidden="True" data="https://www.arrow.com/en/products/sia527dj-t1-ge3/vishay?region=nac" />
  </component>
</quadcept_library>
