<?xml version="1.0" encoding="utf-8"?>
<!--/15761763/1318237/2.50/4/3/Connector/-->
<quadcept_library>
  <setting unit="mil" />
  <textstyle name="Default" height="47.244094488189" strokewidth="7.8740157480315" charwidth="47.244094488189" />
  <textstyle name="Dimension" height="19.6850393700787" strokewidth="0" charwidth="19.6850393700787" />
  <textstyle name="H127W0635TH00762" height="50" strokewidth="3" charwidth="25" />
  <textstyle name="H15W15TH02" height="59.0551181102362" strokewidth="7.8740157480315" charwidth="59.0551181102362" />
  <padstyle name="r52_45" surface="True" plated="False" isvia="False" nopaste="False" nomask="True" complex="False" holesize="0">
    <padshape layer="TOP" shape="rectangle" width="17.716535433071" height="20.472440944882" />
    <padshape layer="TOP_SOLDER_MASK" shape="rectangle" width="25.590551181102" height="28.346456692913" />
    <padshape layer="TOP_SOLDER_PASTE" shape="rectangle" width="17.716535433071" height="20.472440944882" />
  </padstyle>
  <footprint name="830107834801" originx="0" originy="0" pickpointx="0" pickpointy="0">
    <pcbpin number="1" name="1" style="r52_45" originx="-16.338582677165" originy="-13.779527559055" rotation="90" />
    <pcbpin number="2" name="2" style="r52_45" originx="16.338582677165" originy="-13.779527559055" rotation="90" />
    <pcbpin number="3" name="3" style="r52_45" originx="16.338582677165" originy="13.779527559055" rotation="90" />
    <pcbpin number="4" name="4" style="r52_45" originx="-16.338582677165" originy="13.779527559055" rotation="90" />
    <line layer="TOP_ASSEMBLY" originx="-25" originy="-20.669291338582" endx="25" endy="-20.669291338582" width="3.9370078740157" />
    <line layer="TOP_ASSEMBLY" originx="25" originy="-20.669291338582" endx="25" endy="20.669291338582" width="3.9370078740157" />
    <line layer="TOP_ASSEMBLY" originx="25" originy="20.669291338582" endx="-25" endy="20.669291338582" width="3.9370078740157" />
    <line layer="TOP_ASSEMBLY" originx="-25" originy="20.669291338582" endx="-25" endy="-20.669291338582" width="3.9370078740157" />
    <line layer="TOP_PLACE_BOUND" originx="-65.944881889763" originy="62.007874015747" endx="65.944881889763" endy="62.007874015747" width="3.9370078740157" />
    <line layer="TOP_PLACE_BOUND" originx="65.944881889763" originy="62.007874015747" endx="65.944881889763" endy="-62.007874015747" width="3.9370078740157" />
    <line layer="TOP_PLACE_BOUND" originx="65.944881889763" originy="-62.007874015747" endx="-65.944881889763" endy="-62.007874015747" width="3.9370078740157" />
    <line layer="TOP_PLACE_BOUND" originx="-65.944881889763" originy="-62.007874015747" endx="-65.944881889763" endy="62.007874015747" width="3.9370078740157" />
    <line layer="TOP_SILKSCREEN" originx="-16.338582677165" originy="-43.307086614173" endx="-16.338582677165" endy="-43.307086614173" width="3.9370078740157" />
    <arc layer="TOP_SILKSCREEN" originx="-16.338582677165" originy="-41.338582677165" startangle="-90.0" sweepangle="180.0" radius="1.9685039370079" width="3.9370078740157" />
    <line layer="TOP_SILKSCREEN" originx="-16.338582677165" originy="-39.370078740157" endx="-16.338582677165" endy="-39.370078740157" width="3.9370078740157" />
    <arc layer="TOP_SILKSCREEN" originx="-16.338582677165" originy="-41.338582677165" startangle="90.0" sweepangle="180.0" radius="1.9685039370079" width="3.9370078740157" />
  </footprint>
  <symbol name="830107834801" originx="0" originy="0">
    <line originx="200" originy="100" endx="1700" endy="100" width="0" />
    <line originx="1700" originy="-200" endx="1700" endy="100" width="0" />
    <line originx="1700" originy="-200" endx="200" endy="-200" width="0" />
    <line originx="200" originy="100" endx="200" endy="-200" width="0" />
    <sympin number="1" originx="200" originy="-100" rotation="180" length="100" width="7.8740157480315" flipped="False">
      <text name="pinname" originx="230" originy="-100" style="Default" rotation="0" justify="left" flipped="False" hidden="False" data="CRYSTAL_1" />
      <text name="pindes" originx="140" originy="-80" style="Default" rotation="0" justify="lowerright" flipped="False" hidden="False" data="1" />
    </sympin>
    <sympin number="2" originx="1700" originy="-100" rotation="0" length="100" width="7.8740157480315" flipped="False">
      <text name="pinname" originx="1670" originy="-100" style="Default" rotation="0" justify="right" flipped="False" hidden="False" data="GND(LID)" />
      <text name="pindes" originx="1760" originy="-80" style="Default" rotation="0" justify="lowerleft" flipped="False" hidden="False" data="2" />
    </sympin>
    <sympin number="3" originx="1700" originy="0" rotation="0" length="100" width="7.8740157480315" flipped="False">
      <text name="pinname" originx="1670" originy="0" style="Default" rotation="0" justify="right" flipped="False" hidden="False" data="CRYSTAL_2" />
      <text name="pindes" originx="1760" originy="20" style="Default" rotation="0" justify="lowerleft" flipped="False" hidden="False" data="3" />
    </sympin>
    <sympin number="4" originx="200" originy="0" rotation="180" length="100" width="7.8740157480315" flipped="False">
      <text name="pinname" originx="230" originy="0" style="Default" rotation="0" justify="left" flipped="False" hidden="False" data="DO_NOT_CONNECT" />
      <text name="pindes" originx="140" originy="20" style="Default" rotation="0" justify="lowerright" flipped="False" hidden="False" data="4" />
    </sympin>
  </symbol>
  <component name="830107834801" designatorprefix="J" height="19.685039370078" footprint="830107834801">
    <comppin designator="1" sympin="1" pinswap="0" gateswap="0" gate="1" group="1" side="" type="Any" name="CRYSTAL_1" />
    <comppin designator="2" sympin="2" pinswap="0" gateswap="0" gate="1" group="1" side="" type="Any" name="GND(LID)" />
    <comppin designator="3" sympin="3" pinswap="0" gateswap="0" gate="1" group="1" side="" type="Any" name="CRYSTAL_2" />
    <comppin designator="4" sympin="4" pinswap="0" gateswap="0" gate="1" group="1" side="" type="Any" name="DO_NOT_CONNECT" />
    <attached_symbol gate="1" name="830107834801" />
    <pinmap designator="1" footprintpin="1" />
    <pinmap designator="2" footprintpin="2" />
    <pinmap designator="3" footprintpin="3" />
    <pinmap designator="4" footprintpin="4" />
    <text name="Datasheet" originx="0" originy="0" style="Default" rotation="0" justify="" flipped="False" hidden="True" data="" />
    <text name="Description" originx="0" originy="0" style="Default" rotation="0" justify="" flipped="False" hidden="True" data="Crystals WE-XTAL 32.768kHz 20ppm 1.2 x 1mm LC=6pF" />
    <text name="Mouser Part Number" originx="0" originy="0" style="Default" rotation="0" justify="" flipped="False" hidden="True" data="710-830107834801" />
    <text name="Mouser Price/Stock" originx="0" originy="0" style="Default" rotation="0" justify="" flipped="False" hidden="True" data="https://www.mouser.co.uk/ProductDetail/Wurth-Elektronik/830107834801?qs=4qgZ1GHix0VHa2TiN5Ek7w%3D%3D" />
    <text name="Manufacturer_Name" originx="0" originy="0" style="Default" rotation="0" justify="" flipped="False" hidden="True" data="Wurth Elektronik" />
    <text name="Manufacturer_Part_Number" originx="1750" originy="200" style="Default" rotation="0" justify="left" flipped="False" hidden="False" data="830107834801" />
  </component>
</quadcept_library>
