<?xml version="1.0" encoding="utf-8"?>
<!--/15518162/1318237/2.50/4/4/Connector/-->
<quadcept_library>
  <setting unit="mil" />
  <textstyle name="Default" height="47.244094488189" strokewidth="7.8740157480315" charwidth="47.244094488189" />
  <textstyle name="Dimension" height="19.6850393700787" strokewidth="0" charwidth="19.6850393700787" />
  <textstyle name="H127W0635TH00762" height="50" strokewidth="3" charwidth="25" />
  <textstyle name="H15W15TH02" height="59.0551181102362" strokewidth="7.8740157480315" charwidth="59.0551181102362" />
  <padstyle name="r1010_150" surface="True" plated="False" isvia="False" nopaste="False" nomask="True" complex="False" holesize="0">
    <padshape layer="TOP" shape="rectangle" width="59.055118110235" height="397.63779527559" />
    <padshape layer="TOP_SOLDER_MASK" shape="rectangle" width="66.929133858267" height="405.51181102362" />
    <padshape layer="TOP_SOLDER_PASTE" shape="rectangle" width="59.055118110235" height="397.63779527559" />
  </padstyle>
  <padstyle name="r1300_150" surface="True" plated="False" isvia="False" nopaste="False" nomask="True" complex="False" holesize="0">
    <padshape layer="TOP" shape="rectangle" width="59.055118110235" height="511.81102362204" />
    <padshape layer="TOP_SOLDER_MASK" shape="rectangle" width="66.929133858267" height="519.68503937007" />
    <padshape layer="TOP_SOLDER_PASTE" shape="rectangle" width="59.055118110235" height="511.81102362204" />
  </padstyle>
  <footprint name="3670148" originx="0" originy="0" pickpointx="0" pickpointy="0">
    <pcbpin number="1" name="1" style="r1010_150" originx="-285.43307086614" originy="0" rotation="0" />
    <pcbpin number="2" name="2" style="r1010_150" originx="285.43307086614" originy="0" rotation="0" />
    <pcbpin number="3" name="3" style="r1300_150" originx="0" originy="169.29133858268" rotation="90" />
    <pcbpin number="4" name="4" style="r1300_150" originx="0" originy="-169.29133858268" rotation="90" />
    <line layer="TOP_ASSEMBLY" originx="-291.33858267716" originy="175.1968503937" endx="291.33858267716" endy="175.1968503937" width="3.9370078740157" />
    <line layer="TOP_ASSEMBLY" originx="291.33858267716" originy="175.1968503937" endx="291.33858267716" endy="-175.1968503937" width="3.9370078740157" />
    <line layer="TOP_ASSEMBLY" originx="291.33858267716" originy="-175.1968503937" endx="-291.33858267716" endy="-175.1968503937" width="3.9370078740157" />
    <line layer="TOP_ASSEMBLY" originx="-291.33858267716" originy="-175.1968503937" endx="-291.33858267716" endy="175.1968503937" width="3.9370078740157" />
    <line layer="TOP_SILKSCREEN" originx="-322.83464566929" originy="208.66141732283" endx="322.83464566929" endy="208.66141732283" width="7.8740157480314" />
    <line layer="TOP_SILKSCREEN" originx="322.83464566929" originy="208.66141732283" endx="322.83464566929" endy="-208.66141732283" width="7.8740157480314" />
    <line layer="TOP_SILKSCREEN" originx="322.83464566929" originy="-208.66141732283" endx="-322.83464566929" endy="-208.66141732283" width="7.8740157480314" />
    <line layer="TOP_SILKSCREEN" originx="-322.83464566929" originy="-208.66141732283" endx="-322.83464566929" endy="208.66141732283" width="7.8740157480314" />
    <line layer="TOP_PLACE_BOUND" originx="-362.20472440944" originy="248.03149606299" endx="362.20472440944" endy="248.03149606299" width="3.9370078740157" />
    <line layer="TOP_PLACE_BOUND" originx="362.20472440944" originy="248.03149606299" endx="362.20472440944" endy="-248.03149606299" width="3.9370078740157" />
    <line layer="TOP_PLACE_BOUND" originx="362.20472440944" originy="-248.03149606299" endx="-362.20472440944" endy="-248.03149606299" width="3.9370078740157" />
    <line layer="TOP_PLACE_BOUND" originx="-362.20472440944" originy="-248.03149606299" endx="-362.20472440944" endy="248.03149606299" width="3.9370078740157" />
  </footprint>
  <symbol name="3670148" originx="0" originy="0">
    <line originx="200" originy="300" endx="600" endy="300" width="0" />
    <line originx="600" originy="-300" endx="600" endy="300" width="0" />
    <line originx="600" originy="-300" endx="200" endy="-300" width="0" />
    <line originx="200" originy="300" endx="200" endy="-300" width="0" />
    <sympin number="1" originx="200" originy="0" rotation="180" length="100" width="7.8740157480315" flipped="False">
      <text name="pinname" originx="230" originy="0" style="Default" rotation="0" justify="left" flipped="False" hidden="False" data="1" />
      <text name="pindes" originx="140" originy="20" style="Default" rotation="0" justify="lowerright" flipped="False" hidden="False" data="1" />
    </sympin>
    <sympin number="2" originx="600" originy="0" rotation="0" length="100" width="7.8740157480315" flipped="False">
      <text name="pinname" originx="570" originy="0" style="Default" rotation="0" justify="right" flipped="False" hidden="False" data="2" />
      <text name="pindes" originx="660" originy="20" style="Default" rotation="0" justify="lowerleft" flipped="False" hidden="False" data="2" />
    </sympin>
    <sympin number="3" originx="400" originy="300" rotation="90" length="100" width="7.8740157480315" flipped="False">
      <text name="pinname" originx="400" originy="270" style="Default" rotation="0" justify="right" flipped="False" hidden="False" data="3" />
      <text name="pindes" originx="380" originy="360" style="Default" rotation="0" justify="lowerleft" flipped="False" hidden="False" data="3" />
    </sympin>
    <sympin number="4" originx="400" originy="-300" rotation="270" length="100" width="7.8740157480315" flipped="False">
      <text name="pinname" originx="400" originy="-270" style="Default" rotation="0" justify="left" flipped="False" hidden="False" data="4" />
      <text name="pindes" originx="380" originy="-360" style="Default" rotation="0" justify="lowerright" flipped="False" hidden="False" data="4" />
    </sympin>
  </symbol>
  <component name="3670148" designatorprefix="J" height="78.740157480314" footprint="3670148">
    <comppin designator="1" sympin="1" pinswap="0" gateswap="0" gate="1" group="1" side="" type="Any" name="1" />
    <comppin designator="2" sympin="2" pinswap="0" gateswap="0" gate="1" group="1" side="" type="Any" name="2" />
    <comppin designator="3" sympin="3" pinswap="0" gateswap="0" gate="1" group="1" side="" type="Any" name="3" />
    <comppin designator="4" sympin="4" pinswap="0" gateswap="0" gate="1" group="1" side="" type="Any" name="4" />
    <attached_symbol gate="1" name="3670148" />
    <pinmap designator="1" footprintpin="1" />
    <pinmap designator="2" footprintpin="2" />
    <pinmap designator="3" footprintpin="3" />
    <pinmap designator="4" footprintpin="4" />
    <text name="Datasheet" originx="0" originy="0" style="Default" rotation="0" justify="" flipped="False" hidden="True" data="https://www.digikey.ph/en/products/detail/w&uuml;rth-elektronik/3670148/13626062" />
    <text name="Description" originx="0" originy="0" style="Default" rotation="0" justify="" flipped="False" hidden="True" data="EMI Gaskets, Sheets, Absorbers &amp; Shielding WE-SHC Seemless Cab Frame 14.8mm" />
    <text name="Mouser Part Number" originx="0" originy="0" style="Default" rotation="0" justify="" flipped="False" hidden="True" data="710-3670148" />
    <text name="Mouser Price/Stock" originx="0" originy="0" style="Default" rotation="0" justify="" flipped="False" hidden="True" data="https://www.mouser.co.uk/ProductDetail/Wurth-Elektronik/3670148?qs=pUKx8fyJudDVj0BCYGA7BA%3D%3D" />
    <text name="Manufacturer_Name" originx="0" originy="0" style="Default" rotation="0" justify="" flipped="False" hidden="True" data="Wurth Elektronik" />
    <text name="Manufacturer_Part_Number" originx="650" originy="400" style="Default" rotation="0" justify="left" flipped="False" hidden="False" data="3670148" />
  </component>
</quadcept_library>
