<?xml version="1.0" encoding="utf-8"?>
<!--/15868369/1318237/2.50/4/2/MOSFET (P-Channel)/-->
<quadcept_library>
  <setting unit="mil" />
  <textstyle name="Default" height="47.244094488189" strokewidth="7.8740157480315" charwidth="47.244094488189" />
  <textstyle name="Dimension" height="19.6850393700787" strokewidth="0" charwidth="19.6850393700787" />
  <textstyle name="H127W0635TH00762" height="50" strokewidth="3" charwidth="25" />
  <textstyle name="H15W15TH02" height="59.0551181102362" strokewidth="7.8740157480315" charwidth="59.0551181102362" />
  <padstyle name="r50_35" surface="True" plated="False" isvia="False" nopaste="False" nomask="True" complex="False" holesize="0">
    <padshape layer="TOP" shape="rectangle" width="13.779527559055" height="19.685039370078" />
    <padshape layer="TOP_SOLDER_MASK" shape="rectangle" width="21.653543307086" height="27.55905511811" />
    <padshape layer="TOP_SOLDER_PASTE" shape="rectangle" width="13.779527559055" height="19.685039370078" />
  </padstyle>
  <padstyle name="r34_30" surface="True" plated="False" isvia="False" nopaste="False" nomask="True" complex="False" holesize="0">
    <padshape layer="TOP" shape="rectangle" width="11.811023622047" height="13.385826771653" />
    <padshape layer="TOP_SOLDER_MASK" shape="rectangle" width="19.685039370078" height="21.259842519685" />
    <padshape layer="TOP_SOLDER_PASTE" shape="rectangle" width="11.811023622047" height="13.385826771653" />
  </padstyle>
  <padstyle name="r90_44" surface="True" plated="False" isvia="False" nopaste="False" nomask="True" complex="False" holesize="0">
    <padshape layer="TOP" shape="rectangle" width="17.322834645669" height="35.433070866141" />
    <padshape layer="TOP_SOLDER_MASK" shape="rectangle" width="25.1968503937" height="43.307086614173" />
    <padshape layer="TOP_SOLDER_PASTE" shape="rectangle" width="17.322834645669" height="35.433070866141" />
  </padstyle>
  <footprint name="BC81725QBZ" originx="0" originy="0" pickpointx="0" pickpointy="0">
    <pcbpin number="1" name="1" style="r50_35" originx="12.795275590551" originy="19.685039370078" rotation="0" />
    <pcbpin number="2" name="2" style="r50_35" originx="-12.795275590551" originy="19.685039370078" rotation="0" />
    <pcbpin number="3" name="3" style="r34_30" originx="0" originy="-22.834645669291" rotation="0" />
    <pcbpin number="4" name="4" style="r90_44" originx="0" originy="-7.4803149606298" rotation="90" />
    <line layer="TOP_ASSEMBLY" originx="21.653543307086" originy="19.685039370078" endx="-21.653543307086" endy="19.685039370078" width="3.9370078740157" />
    <line layer="TOP_ASSEMBLY" originx="-21.653543307086" originy="19.685039370078" endx="-21.653543307086" endy="-19.685039370078" width="3.9370078740157" />
    <line layer="TOP_ASSEMBLY" originx="-21.653543307086" originy="-19.685039370078" endx="21.653543307086" endy="-19.685039370078" width="3.9370078740157" />
    <line layer="TOP_ASSEMBLY" originx="21.653543307086" originy="-19.685039370078" endx="21.653543307086" endy="19.685039370078" width="3.9370078740157" />
    <line layer="TOP_PLACE_BOUND" originx="-61.023622047243" originy="68.897637795275" endx="61.023622047243" endy="68.897637795275" width="3.9370078740157" />
    <line layer="TOP_PLACE_BOUND" originx="61.023622047243" originy="68.897637795275" endx="61.023622047243" endy="-68.897637795275" width="3.9370078740157" />
    <line layer="TOP_PLACE_BOUND" originx="61.023622047243" originy="-68.897637795275" endx="-61.023622047243" endy="-68.897637795275" width="3.9370078740157" />
    <line layer="TOP_PLACE_BOUND" originx="-61.023622047243" originy="-68.897637795275" endx="-61.023622047243" endy="68.897637795275" width="3.9370078740157" />
    <line layer="TOP_SILKSCREEN" originx="12.795275590551" originy="47.244094488188" endx="12.795275590551" endy="47.244094488188" width="3.9370078740157" />
    <arc layer="TOP_SILKSCREEN" originx="12.795275590551" originy="49.212598425196" startangle="-90.0" sweepangle="180.0" radius="1.9685039370079" width="3.9370078740157" />
    <line layer="TOP_SILKSCREEN" originx="12.795275590551" originy="51.181102362204" endx="12.795275590551" endy="51.181102362204" width="3.9370078740157" />
    <arc layer="TOP_SILKSCREEN" originx="12.795275590551" originy="49.212598425196" startangle="90.0" sweepangle="180.0" radius="1.9685039370079" width="3.9370078740157" />
  </footprint>
  <symbol name="BSS84AKQBZ" originx="0" originy="0">
    <line originx="200" originy="100" endx="700" endy="100" width="0" />
    <line originx="700" originy="-200" endx="700" endy="100" width="0" />
    <line originx="700" originy="-200" endx="200" endy="-200" width="0" />
    <line originx="200" originy="100" endx="200" endy="-200" width="0" />
    <sympin number="1" originx="200" originy="0" rotation="180" length="100" width="7.8740157480315" flipped="False">
      <text name="pinname" originx="230" originy="0" style="Default" rotation="0" justify="left" flipped="False" hidden="False" data="G" />
      <text name="pindes" originx="140" originy="20" style="Default" rotation="0" justify="lowerright" flipped="False" hidden="False" data="1" />
    </sympin>
    <sympin number="2" originx="200" originy="-100" rotation="180" length="100" width="7.8740157480315" flipped="False">
      <text name="pinname" originx="230" originy="-100" style="Default" rotation="0" justify="left" flipped="False" hidden="False" data="S" />
      <text name="pindes" originx="140" originy="-80" style="Default" rotation="0" justify="lowerright" flipped="False" hidden="False" data="2" />
    </sympin>
    <sympin number="3" originx="700" originy="0" rotation="0" length="100" width="7.8740157480315" flipped="False">
      <text name="pinname" originx="670" originy="0" style="Default" rotation="0" justify="right" flipped="False" hidden="False" data="D_1" />
      <text name="pindes" originx="760" originy="20" style="Default" rotation="0" justify="lowerleft" flipped="False" hidden="False" data="3" />
    </sympin>
    <sympin number="4" originx="700" originy="-100" rotation="0" length="100" width="7.8740157480315" flipped="False">
      <text name="pinname" originx="670" originy="-100" style="Default" rotation="0" justify="right" flipped="False" hidden="False" data="D_2" />
      <text name="pindes" originx="760" originy="-80" style="Default" rotation="0" justify="lowerleft" flipped="False" hidden="False" data="4" />
    </sympin>
  </symbol>
  <component name="BSS84AKQBZ" designatorprefix="Q" height="19.685039370078" footprint="BC81725QBZ">
    <comppin designator="1" sympin="1" pinswap="0" gateswap="0" gate="1" group="1" side="" type="Any" name="G" />
    <comppin designator="2" sympin="2" pinswap="0" gateswap="0" gate="1" group="1" side="" type="Any" name="S" />
    <comppin designator="3" sympin="3" pinswap="0" gateswap="0" gate="1" group="1" side="" type="Any" name="D_1" />
    <comppin designator="4" sympin="4" pinswap="0" gateswap="0" gate="1" group="1" side="" type="Any" name="D_2" />
    <attached_symbol gate="1" name="BSS84AKQBZ" />
    <pinmap designator="1" footprintpin="1" />
    <pinmap designator="2" footprintpin="2" />
    <pinmap designator="3" footprintpin="3" />
    <pinmap designator="4" footprintpin="4" />
    <text name="Datasheet" originx="0" originy="0" style="Default" rotation="0" justify="" flipped="False" hidden="True" data="https://assets.nexperia.com/documents/data-sheet/BSS84AKQB.pdf" />
    <text name="Description" originx="0" originy="0" style="Default" rotation="0" justify="" flipped="False" hidden="True" data="MOSFET BSS84AKQB/SOT8015/DFN1110D-3" />
    <text name="Manufacturer_Name" originx="0" originy="0" style="Default" rotation="0" justify="" flipped="False" hidden="True" data="Nexperia" />
    <text name="Manufacturer_Part_Number" originx="750" originy="200" style="Default" rotation="0" justify="left" flipped="False" hidden="False" data="BSS84AKQBZ" />
    <text name="Mouser Part Number" originx="0" originy="0" style="Default" rotation="0" justify="" flipped="False" hidden="True" data="771-BSS84AKQBZ" />
    <text name="Mouser Price/Stock" originx="0" originy="0" style="Default" rotation="0" justify="" flipped="False" hidden="True" data="https://www.mouser.co.uk/ProductDetail/Nexperia/BSS84AKQBZ?qs=e8oIoAS2J1Q8YBBRO19IGg%3D%3D" />
    <text name="Arrow Part Number" originx="0" originy="0" style="Default" rotation="0" justify="" flipped="False" hidden="True" data="BSS84AKQBZ" />
    <text name="Arrow Price/Stock" originx="0" originy="0" style="Default" rotation="0" justify="" flipped="False" hidden="True" data="null?region=nac" />
  </component>
</quadcept_library>
