<?xml version="1.0" encoding="utf-8"?>
<!--/13552783/1318237/2.50/4/0/Undefined or Miscellaneous/-->
<quadcept_library>
  <setting unit="mil" />
  <textstyle name="Default" height="47.244094488189" strokewidth="7.8740157480315" charwidth="47.244094488189" />
  <textstyle name="Dimension" height="19.6850393700787" strokewidth="0" charwidth="19.6850393700787" />
  <textstyle name="H127W0635TH00762" height="50" strokewidth="3" charwidth="25" />
  <textstyle name="H15W15TH02" height="59.0551181102362" strokewidth="7.8740157480315" charwidth="59.0551181102362" />
  <padstyle name="r750_150" surface="True" plated="False" isvia="False" nopaste="False" nomask="True" complex="False" holesize="0">
    <padshape layer="TOP" shape="rectangle" width="59.055118110235" height="295.27559055118" />
    <padshape layer="TOP_SOLDER_MASK" shape="rectangle" width="66.929133858267" height="303.14960629921" />
    <padshape layer="TOP_SOLDER_PASTE" shape="rectangle" width="59.055118110235" height="295.27559055118" />
  </padstyle>
  <padstyle name="r690_150" surface="True" plated="False" isvia="False" nopaste="False" nomask="True" complex="False" holesize="0">
    <padshape layer="TOP" shape="rectangle" width="59.055118110235" height="271.65354330708" />
    <padshape layer="TOP_SOLDER_MASK" shape="rectangle" width="66.929133858267" height="279.52755905511" />
    <padshape layer="TOP_SOLDER_PASTE" shape="rectangle" width="59.055118110235" height="271.65354330708" />
  </padstyle>
  <footprint name="3670087" originx="0" originy="0" pickpointx="0" pickpointy="0">
    <pcbpin number="1" name="1" style="r750_150" originx="-165.35433070866" originy="0" rotation="0" />
    <pcbpin number="2" name="2" style="r690_150" originx="0" originy="-118.11023622047" rotation="90" />
    <pcbpin number="3" name="3" style="r750_150" originx="165.35433070866" originy="0" rotation="0" />
    <pcbpin number="4" name="4" style="r690_150" originx="0" originy="118.11023622047" rotation="90" />
    <line layer="TOP_ASSEMBLY" originx="-171.25984251968" originy="-124.01574803149" endx="171.25984251968" endy="-124.01574803149" width="7.8740157480314" />
    <line layer="TOP_ASSEMBLY" originx="171.25984251968" originy="-124.01574803149" endx="171.25984251968" endy="124.01574803149" width="7.8740157480314" />
    <line layer="TOP_ASSEMBLY" originx="171.25984251968" originy="124.01574803149" endx="-171.25984251968" endy="124.01574803149" width="7.8740157480314" />
    <line layer="TOP_ASSEMBLY" originx="-171.25984251968" originy="124.01574803149" endx="-171.25984251968" endy="-124.01574803149" width="7.8740157480314" />
    <line layer="TOP_PLACE_BOUND" originx="-263.77952755905" originy="187.00787401575" endx="234.25196850393" endy="187.00787401575" width="3.9370078740157" />
    <line layer="TOP_PLACE_BOUND" originx="234.25196850393" originy="187.00787401575" endx="234.25196850393" endy="-187.00787401575" width="3.9370078740157" />
    <line layer="TOP_PLACE_BOUND" originx="234.25196850393" originy="-187.00787401575" endx="-263.77952755905" endy="-187.00787401575" width="3.9370078740157" />
    <line layer="TOP_PLACE_BOUND" originx="-263.77952755905" originy="-187.00787401575" endx="-263.77952755905" endy="187.00787401575" width="3.9370078740157" />
    <line layer="TOP_SILKSCREEN" originx="-216.53543307086" originy="0" endx="-216.53543307086" endy="0" width="7.8740157480314" />
    <arc layer="TOP_SILKSCREEN" originx="-220.47244094488" originy="0" startangle=".0" sweepangle="180.0" radius="3.9370078740157" width="7.8740157480314" />
    <line layer="TOP_SILKSCREEN" originx="-224.40944881889" originy="0" endx="-224.40944881889" endy="0" width="7.8740157480314" />
    <arc layer="TOP_SILKSCREEN" originx="-220.47244094488" originy="0" startangle="-180.0" sweepangle="180.0" radius="3.9370078740157" width="7.8740157480314" />
    <line layer="TOP_SILKSCREEN" originx="-216.53543307086" originy="0" endx="-216.53543307086" endy="0" width="7.8740157480314" />
    <arc layer="TOP_SILKSCREEN" originx="-220.47244094488" originy="0" startangle=".0" sweepangle="180.0" radius="3.9370078740157" width="7.8740157480314" />
  </footprint>
  <symbol name="3670087" originx="0" originy="0">
    <line originx="200" originy="300" endx="600" endy="300" width="0" />
    <line originx="600" originy="-300" endx="600" endy="300" width="0" />
    <line originx="600" originy="-300" endx="200" endy="-300" width="0" />
    <line originx="200" originy="300" endx="200" endy="-300" width="0" />
    <sympin number="1" originx="200" originy="0" rotation="180" length="100" width="7.8740157480315" flipped="False">
      <text name="pinname" originx="230" originy="0" style="Default" rotation="0" justify="left" flipped="False" hidden="False" data="1" />
      <text name="pindes" originx="140" originy="20" style="Default" rotation="0" justify="lowerright" flipped="False" hidden="False" data="1" />
    </sympin>
    <sympin number="2" originx="400" originy="-300" rotation="270" length="100" width="7.8740157480315" flipped="False">
      <text name="pinname" originx="400" originy="-270" style="Default" rotation="0" justify="left" flipped="False" hidden="False" data="2" />
      <text name="pindes" originx="380" originy="-360" style="Default" rotation="0" justify="lowerright" flipped="False" hidden="False" data="2" />
    </sympin>
    <sympin number="3" originx="600" originy="0" rotation="0" length="100" width="7.8740157480315" flipped="False">
      <text name="pinname" originx="570" originy="0" style="Default" rotation="0" justify="right" flipped="False" hidden="False" data="3" />
      <text name="pindes" originx="660" originy="20" style="Default" rotation="0" justify="lowerleft" flipped="False" hidden="False" data="3" />
    </sympin>
    <sympin number="4" originx="400" originy="300" rotation="90" length="100" width="7.8740157480315" flipped="False">
      <text name="pinname" originx="400" originy="270" style="Default" rotation="0" justify="right" flipped="False" hidden="False" data="4" />
      <text name="pindes" originx="380" originy="360" style="Default" rotation="0" justify="lowerleft" flipped="False" hidden="False" data="4" />
    </sympin>
  </symbol>
  <component name="3670087" designatorprefix="U" height="125.9842519685" footprint="3670087">
    <comppin designator="1" sympin="1" pinswap="0" gateswap="0" gate="1" group="1" side="" type="Any" name="1" />
    <comppin designator="2" sympin="2" pinswap="0" gateswap="0" gate="1" group="1" side="" type="Any" name="2" />
    <comppin designator="3" sympin="3" pinswap="0" gateswap="0" gate="1" group="1" side="" type="Any" name="3" />
    <comppin designator="4" sympin="4" pinswap="0" gateswap="0" gate="1" group="1" side="" type="Any" name="4" />
    <attached_symbol gate="1" name="3670087" />
    <pinmap designator="1" footprintpin="1" />
    <pinmap designator="2" footprintpin="2" />
    <pinmap designator="3" footprintpin="3" />
    <pinmap designator="4" footprintpin="4" />
    <text name="Datasheet" originx="0" originy="0" style="Default" rotation="0" justify="" flipped="False" hidden="True" data="https://www.we-online.com/catalog/datasheet/3670087.pdf" />
    <text name="Description" originx="0" originy="0" style="Default" rotation="0" justify="" flipped="False" hidden="True" data="WE-SHC Two-piece Seamless Shielding Cabinet" />
    <text name="Mouser Part Number" originx="0" originy="0" style="Default" rotation="0" justify="" flipped="False" hidden="True" data="710-3670087" />
    <text name="Mouser Price/Stock" originx="0" originy="0" style="Default" rotation="0" justify="" flipped="False" hidden="True" data="https://www.mouser.co.uk/ProductDetail/Wurth-Elektronik/3670087?qs=pUKx8fyJudCt57cwjks2ag%3D%3D" />
    <text name="Manufacturer_Name" originx="0" originy="0" style="Default" rotation="0" justify="" flipped="False" hidden="True" data="Wurth Elektronik" />
    <text name="Manufacturer_Part_Number" originx="650" originy="400" style="Default" rotation="0" justify="left" flipped="False" hidden="False" data="3670087" />
  </component>
</quadcept_library>
