<?xml version="1.0" encoding="utf-8"?>
<!--/1127156/1318237/2.50/3/2/Schottky Diode/-->
<quadcept_library>
  <setting unit="mil" />
  <textstyle name="Default" height="47.244094488189" strokewidth="7.8740157480315" charwidth="47.244094488189" />
  <textstyle name="Dimension" height="19.6850393700787" strokewidth="0" charwidth="19.6850393700787" />
  <textstyle name="H127W0635TH00762" height="50" strokewidth="3" charwidth="25" />
  <textstyle name="H15W15TH02" height="59.0551181102362" strokewidth="7.8740157480315" charwidth="59.0551181102362" />
  <padstyle name="r85_65" surface="True" plated="False" isvia="False" nopaste="False" nomask="True" complex="False" holesize="0">
    <padshape layer="TOP" shape="rectangle" width="25.590551181102" height="33.464566929133" />
    <padshape layer="TOP_SOLDER_MASK" shape="rectangle" width="33.464566929133" height="41.338582677165" />
    <padshape layer="TOP_SOLDER_PASTE" shape="rectangle" width="25.590551181102" height="33.464566929133" />
  </padstyle>
  <padstyle name="r95_65" surface="True" plated="False" isvia="False" nopaste="False" nomask="True" complex="False" holesize="0">
    <padshape layer="TOP" shape="rectangle" width="25.590551181102" height="37.401574803149" />
    <padshape layer="TOP_SOLDER_MASK" shape="rectangle" width="33.464566929133" height="45.275590551181" />
    <padshape layer="TOP_SOLDER_PASTE" shape="rectangle" width="25.590551181102" height="37.401574803149" />
  </padstyle>
  <padstyle name="r200_195" surface="True" plated="False" isvia="False" nopaste="False" nomask="True" complex="False" holesize="0">
    <padshape layer="TOP" shape="rectangle" width="76.771653543306" height="78.740157480314" />
    <padshape layer="TOP_SOLDER_MASK" shape="rectangle" width="84.645669291338" height="86.614173228345" />
    <padshape layer="TOP_SOLDER_PASTE" shape="rectangle" width="76.771653543306" height="78.740157480314" />
  </padstyle>
  <footprint name="STPS1L20MF" originx="0" originy="0" pickpointx="0" pickpointy="0">
    <pcbpin number="1" name="1" style="r85_65" originx="-61.023622047243" originy="0" rotation="90" />
    <pcbpin number="2" name="2" style="r95_65" originx="72.047244094487" originy="0" rotation="0" />
    <pcbpin number="3" name="3" style="r200_195" originx="19.881889763779" originy="0" rotation="90" />
    <line layer="TOP_ASSEMBLY" originx="-58.070866141732" originy="37.401574803149" endx="58.070866141732" endy="37.401574803149" width="3.9370078740157" />
    <line layer="TOP_ASSEMBLY" originx="58.070866141732" originy="37.401574803149" endx="58.070866141732" endy="-37.401574803149" width="3.9370078740157" />
    <line layer="TOP_ASSEMBLY" originx="58.070866141732" originy="-37.401574803149" endx="-58.070866141732" endy="-37.401574803149" width="3.9370078740157" />
    <line layer="TOP_ASSEMBLY" originx="-58.070866141732" originy="-37.401574803149" endx="-58.070866141732" endy="37.401574803149" width="3.9370078740157" />
    <line layer="TOP_PLACE_BOUND" originx="-114.25196850394" originy="77.75590551181" endx="127.08661417323" endy="77.75590551181" width="3.9370078740157" />
    <line layer="TOP_PLACE_BOUND" originx="127.08661417323" originy="77.75590551181" endx="127.08661417323" endy="-77.75590551181" width="3.9370078740157" />
    <line layer="TOP_PLACE_BOUND" originx="127.08661417323" originy="-77.75590551181" endx="-114.25196850394" endy="-77.75590551181" width="3.9370078740157" />
    <line layer="TOP_PLACE_BOUND" originx="-114.25196850394" originy="-77.75590551181" endx="-114.25196850394" endy="77.75590551181" width="3.9370078740157" />
    <line layer="TOP_SILKSCREEN" originx="-31.496062992126" originy="37.401574803149" endx="-58.070866141732" endy="37.401574803149" width="7.8740157480314" />
    <line layer="TOP_SILKSCREEN" originx="-58.070866141732" originy="37.401574803149" endx="-58.188976377952" endy="23.622047244094" width="7.8740157480314" />
    <line layer="TOP_SILKSCREEN" originx="-31.496062992126" originy="-37.401574803149" endx="-58.070866141732" endy="-37.401574803149" width="7.8740157480314" />
    <line layer="TOP_SILKSCREEN" originx="-58.070866141732" originy="-37.401574803149" endx="-58.188976377952" endy="-23.622047244094" width="7.8740157480314" />
    <line layer="TOP_SILKSCREEN" originx="-94.488188976377" originy="0" endx="-94.488188976377" endy="0" width="3.9370078740157" />
    <arc layer="TOP_SILKSCREEN" originx="-92.519685039369" originy="0" startangle="-180.0" sweepangle="180.0" radius="1.9685039370079" width="3.9370078740157" />
    <line layer="TOP_SILKSCREEN" originx="-90.551181102361" originy="0" endx="-90.551181102361" endy="0" width="3.9370078740157" />
    <arc layer="TOP_SILKSCREEN" originx="-92.519685039369" originy="0" startangle=".0" sweepangle="180.0" radius="1.9685039370079" width="3.9370078740157" />
  </footprint>
  <symbol name="STPS1L20MF" originx="0" originy="0">
    <line originx="200" originy="100" endx="700" endy="100" width="0" />
    <line originx="700" originy="-300" endx="700" endy="100" width="0" />
    <line originx="700" originy="-300" endx="200" endy="-300" width="0" />
    <line originx="200" originy="100" endx="200" endy="-300" width="0" />
    <sympin number="1" originx="200" originy="0" rotation="180" length="100" width="7.8740157480315" flipped="False">
      <text name="pinname" originx="230" originy="0" style="Default" rotation="0" justify="left" flipped="False" hidden="False" data="A" />
      <text name="pindes" originx="140" originy="20" style="Default" rotation="0" justify="lowerright" flipped="False" hidden="False" data="1" />
    </sympin>
    <sympin number="2" originx="200" originy="-200" rotation="180" length="100" width="7.8740157480315" flipped="False">
      <text name="pinname" originx="230" originy="-200" style="Default" rotation="0" justify="left" flipped="False" hidden="False" data="K_1" />
      <text name="pindes" originx="140" originy="-180" style="Default" rotation="0" justify="lowerright" flipped="False" hidden="False" data="2" />
    </sympin>
    <sympin number="3" originx="200" originy="-100" rotation="180" length="100" width="7.8740157480315" flipped="False">
      <text name="pinname" originx="230" originy="-100" style="Default" rotation="0" justify="left" flipped="False" hidden="False" data="K_2" />
      <text name="pindes" originx="140" originy="-80" style="Default" rotation="0" justify="lowerright" flipped="False" hidden="False" data="3" />
    </sympin>
  </symbol>
  <component name="STPS1L20MF" designatorprefix="D" height="37.401574803149" footprint="STPS1L20MF">
    <comppin designator="1" sympin="1" pinswap="0" gateswap="0" gate="1" group="1" side="" type="Any" name="A" />
    <comppin designator="2" sympin="2" pinswap="0" gateswap="0" gate="1" group="1" side="" type="Any" name="K_1" />
    <comppin designator="3" sympin="3" pinswap="0" gateswap="0" gate="1" group="1" side="" type="Any" name="K_2" />
    <attached_symbol gate="1" name="STPS1L20MF" />
    <pinmap designator="1" footprintpin="1" />
    <pinmap designator="2" footprintpin="2" />
    <pinmap designator="3" footprintpin="3" />
    <text name="Datasheet" originx="0" originy="0" style="Default" rotation="0" justify="" flipped="False" hidden="True" data="https://www.st.com/resource/en/datasheet/stps1l20mf.pdf" />
    <text name="Description" originx="0" originy="0" style="Default" rotation="0" justify="" flipped="False" hidden="True" data="20 V, 1A STmite flat Low Drop Power Schottky Rectifier,IF(AV):1 A,VRRM:20 V,Tj (max):150 C,VF (max):0.37 V." />
    <text name="Manufacturer_Name" originx="0" originy="0" style="Default" rotation="0" justify="" flipped="False" hidden="True" data="STMicroelectronics" />
    <text name="Manufacturer_Part_Number" originx="750" originy="200" style="Default" rotation="0" justify="left" flipped="False" hidden="False" data="STPS1L20MF" />
    <text name="Mouser Part Number" originx="0" originy="0" style="Default" rotation="0" justify="" flipped="False" hidden="True" data="511-STPS1L20MF" />
    <text name="Mouser Price/Stock" originx="0" originy="0" style="Default" rotation="0" justify="" flipped="False" hidden="True" data="https://www.mouser.co.uk/ProductDetail/STMicroelectronics/STPS1L20MF?qs=VJaATVMq%252BXrAoHjq70MbLw%3D%3D" />
    <text name="Arrow Part Number" originx="0" originy="0" style="Default" rotation="0" justify="" flipped="False" hidden="True" data="STPS1L20MF" />
    <text name="Arrow Price/Stock" originx="0" originy="0" style="Default" rotation="0" justify="" flipped="False" hidden="True" data="https://www.arrow.com/en/products/stps1l20mf/stmicroelectronics?region=nac" />
  </component>
</quadcept_library>
