<?xml version="1.0" encoding="utf-8"?>
<!--/1480594/1318237/2.50/9/3/TVS Diode (Uni-directional)/-->
<quadcept_library>
  <setting unit="mil" />
  <textstyle name="Default" height="47.244094488189" strokewidth="7.8740157480315" charwidth="47.244094488189" />
  <textstyle name="Dimension" height="19.6850393700787" strokewidth="0" charwidth="19.6850393700787" />
  <textstyle name="H127W0635TH00762" height="50" strokewidth="3" charwidth="25" />
  <textstyle name="H15W15TH02" height="59.0551181102362" strokewidth="7.8740157480315" charwidth="59.0551181102362" />
  <padstyle name="r60_20" surface="True" plated="False" isvia="False" nopaste="False" nomask="True" complex="False" holesize="0">
    <padshape layer="TOP" shape="rectangle" width="7.8740157480314" height="23.622047244094" />
    <padshape layer="TOP_SOLDER_MASK" shape="rectangle" width="15.748031496063" height="31.496062992126" />
    <padshape layer="TOP_SOLDER_PASTE" shape="rectangle" width="7.8740157480314" height="23.622047244094" />
  </padstyle>
  <footprint name="824014883" originx="0" originy="0" pickpointx="0" pickpointy="0">
    <pcbpin number="1" name="1" style="r60_20" originx="-66.929133858267" originy="-18.700787401575" rotation="0" />
    <pcbpin number="2" name="2" style="r60_20" originx="-31.496062992126" originy="-18.700787401575" rotation="0" />
    <pcbpin number="3" name="3" style="r60_20" originx="0" originy="-18.700787401575" rotation="0" />
    <pcbpin number="4" name="4" style="r60_20" originx="31.496062992126" originy="-18.700787401575" rotation="0" />
    <pcbpin number="5" name="5" style="r60_20" originx="66.929133858267" originy="-18.700787401575" rotation="0" />
    <pcbpin number="6" name="6" style="r60_20" originx="51.181102362204" originy="18.700787401575" rotation="0" />
    <pcbpin number="7" name="7" style="r60_20" originx="15.748031496063" originy="18.700787401575" rotation="0" />
    <pcbpin number="8" name="8" style="r60_20" originx="-15.748031496063" originy="18.700787401575" rotation="0" />
    <pcbpin number="9" name="9" style="r60_20" originx="-51.181102362204" originy="18.700787401575" rotation="0" />
    <line layer="TOP_ASSEMBLY" originx="-74.803149606298" originy="19.685039370078" endx="74.803149606298" endy="19.685039370078" width="3.9370078740157" />
    <line layer="TOP_ASSEMBLY" originx="74.803149606298" originy="19.685039370078" endx="74.803149606298" endy="-19.685039370078" width="3.9370078740157" />
    <line layer="TOP_ASSEMBLY" originx="74.803149606298" originy="-19.685039370078" endx="-74.803149606298" endy="-19.685039370078" width="3.9370078740157" />
    <line layer="TOP_ASSEMBLY" originx="-74.803149606298" originy="-19.685039370078" endx="-74.803149606298" endy="19.685039370078" width="3.9370078740157" />
    <line layer="TOP_PLACE_BOUND" originx="-114.17322834646" originy="69.881889763779" endx="114.17322834646" endy="69.881889763779" width="3.9370078740157" />
    <line layer="TOP_PLACE_BOUND" originx="114.17322834646" originy="69.881889763779" endx="114.17322834646" endy="-69.881889763779" width="3.9370078740157" />
    <line layer="TOP_PLACE_BOUND" originx="114.17322834646" originy="-69.881889763779" endx="-114.17322834646" endy="-69.881889763779" width="3.9370078740157" />
    <line layer="TOP_PLACE_BOUND" originx="-114.17322834646" originy="-69.881889763779" endx="-114.17322834646" endy="69.881889763779" width="3.9370078740157" />
    <line layer="TOP_SILKSCREEN" originx="-66.929133858267" originy="-47.244094488188" endx="-66.929133858267" endy="-47.244094488188" width="7.8740157480314" />
    <arc layer="TOP_SILKSCREEN" originx="-66.929133858267" originy="-49.212598425196" startangle="90.0" sweepangle="180.0" radius="1.9685039370079" width="7.8740157480314" />
    <line layer="TOP_SILKSCREEN" originx="-66.929133858267" originy="-51.181102362204" endx="-66.929133858267" endy="-51.181102362204" width="7.8740157480314" />
    <arc layer="TOP_SILKSCREEN" originx="-66.929133858267" originy="-49.212598425196" startangle="-90.0" sweepangle="180.0" radius="1.9685039370079" width="7.8740157480314" />
    <line layer="TOP_SILKSCREEN" originx="-66.929133858267" originy="-47.244094488188" endx="-66.929133858267" endy="-51.181102362204" width="7.8740157480314" />
  </footprint>
  <symbol name="824014883" originx="0" originy="0">
    <line originx="200" originy="100" endx="900" endy="100" width="0" />
    <line originx="900" originy="-500" endx="900" endy="100" width="0" />
    <line originx="900" originy="-500" endx="200" endy="-500" width="0" />
    <line originx="200" originy="100" endx="200" endy="-500" width="0" />
    <sympin number="1" originx="200" originy="0" rotation="180" length="100" width="7.8740157480315" flipped="False">
      <text name="pinname" originx="230" originy="0" style="Default" rotation="0" justify="left" flipped="False" hidden="False" data="I/O1" />
      <text name="pindes" originx="140" originy="20" style="Default" rotation="0" justify="lowerright" flipped="False" hidden="False" data="1" />
    </sympin>
    <sympin number="2" originx="200" originy="-100" rotation="180" length="100" width="7.8740157480315" flipped="False">
      <text name="pinname" originx="230" originy="-100" style="Default" rotation="0" justify="left" flipped="False" hidden="False" data="I/O2" />
      <text name="pindes" originx="140" originy="-80" style="Default" rotation="0" justify="lowerright" flipped="False" hidden="False" data="2" />
    </sympin>
    <sympin number="3" originx="200" originy="-200" rotation="180" length="100" width="7.8740157480315" flipped="False">
      <text name="pinname" originx="230" originy="-200" style="Default" rotation="0" justify="left" flipped="False" hidden="False" data="GND" />
      <text name="pindes" originx="140" originy="-180" style="Default" rotation="0" justify="lowerright" flipped="False" hidden="False" data="3" />
    </sympin>
    <sympin number="4" originx="200" originy="-300" rotation="180" length="100" width="7.8740157480315" flipped="False">
      <text name="pinname" originx="230" originy="-300" style="Default" rotation="0" justify="left" flipped="False" hidden="False" data="I/O3" />
      <text name="pindes" originx="140" originy="-280" style="Default" rotation="0" justify="lowerright" flipped="False" hidden="False" data="4" />
    </sympin>
    <sympin number="5" originx="200" originy="-400" rotation="180" length="100" width="7.8740157480315" flipped="False">
      <text name="pinname" originx="230" originy="-400" style="Default" rotation="0" justify="left" flipped="False" hidden="False" data="I/O4" />
      <text name="pindes" originx="140" originy="-380" style="Default" rotation="0" justify="lowerright" flipped="False" hidden="False" data="5" />
    </sympin>
    <sympin number="6" originx="900" originy="-300" rotation="0" length="100" width="7.8740157480315" flipped="False">
      <text name="pinname" originx="870" originy="-300" style="Default" rotation="0" justify="right" flipped="False" hidden="False" data="I/O5" />
      <text name="pindes" originx="960" originy="-280" style="Default" rotation="0" justify="lowerleft" flipped="False" hidden="False" data="6" />
    </sympin>
    <sympin number="7" originx="900" originy="-200" rotation="0" length="100" width="7.8740157480315" flipped="False">
      <text name="pinname" originx="870" originy="-200" style="Default" rotation="0" justify="right" flipped="False" hidden="False" data="I/O6" />
      <text name="pindes" originx="960" originy="-180" style="Default" rotation="0" justify="lowerleft" flipped="False" hidden="False" data="7" />
    </sympin>
    <sympin number="8" originx="900" originy="-100" rotation="0" length="100" width="7.8740157480315" flipped="False">
      <text name="pinname" originx="870" originy="-100" style="Default" rotation="0" justify="right" flipped="False" hidden="False" data="I/O7" />
      <text name="pindes" originx="960" originy="-80" style="Default" rotation="0" justify="lowerleft" flipped="False" hidden="False" data="8" />
    </sympin>
    <sympin number="9" originx="900" originy="0" rotation="0" length="100" width="7.8740157480315" flipped="False">
      <text name="pinname" originx="870" originy="0" style="Default" rotation="0" justify="right" flipped="False" hidden="False" data="I/O8" />
      <text name="pindes" originx="960" originy="20" style="Default" rotation="0" justify="lowerleft" flipped="False" hidden="False" data="9" />
    </sympin>
  </symbol>
  <component name="824014883" designatorprefix="D" height="21.653543307086" footprint="824014883">
    <comppin designator="1" sympin="1" pinswap="0" gateswap="0" gate="1" group="1" side="" type="Any" name="I/O1" />
    <comppin designator="2" sympin="2" pinswap="0" gateswap="0" gate="1" group="1" side="" type="Any" name="I/O2" />
    <comppin designator="3" sympin="3" pinswap="0" gateswap="0" gate="1" group="1" side="" type="Any" name="GND" />
    <comppin designator="4" sympin="4" pinswap="0" gateswap="0" gate="1" group="1" side="" type="Any" name="I/O3" />
    <comppin designator="5" sympin="5" pinswap="0" gateswap="0" gate="1" group="1" side="" type="Any" name="I/O4" />
    <comppin designator="6" sympin="6" pinswap="0" gateswap="0" gate="1" group="1" side="" type="Any" name="I/O5" />
    <comppin designator="7" sympin="7" pinswap="0" gateswap="0" gate="1" group="1" side="" type="Any" name="I/O6" />
    <comppin designator="8" sympin="8" pinswap="0" gateswap="0" gate="1" group="1" side="" type="Any" name="I/O7" />
    <comppin designator="9" sympin="9" pinswap="0" gateswap="0" gate="1" group="1" side="" type="Any" name="I/O8" />
    <attached_symbol gate="1" name="824014883" />
    <pinmap designator="1" footprintpin="1" />
    <pinmap designator="2" footprintpin="2" />
    <pinmap designator="3" footprintpin="3" />
    <pinmap designator="4" footprintpin="4" />
    <pinmap designator="5" footprintpin="5" />
    <pinmap designator="6" footprintpin="6" />
    <pinmap designator="7" footprintpin="7" />
    <pinmap designator="8" footprintpin="8" />
    <pinmap designator="9" footprintpin="9" />
    <text name="Datasheet" originx="0" originy="0" style="Default" rotation="0" justify="" flipped="False" hidden="True" data="https://www.we-online.com/catalog/datasheet/824014883.pdf" />
    <text name="Description" originx="0" originy="0" style="Default" rotation="0" justify="" flipped="False" hidden="True" data="ESD Suppressors / TVS Diodes WE-TVS Diode Array 3.3V 0.5pF 8Channel" />
    <text name="Mouser Part Number" originx="0" originy="0" style="Default" rotation="0" justify="" flipped="False" hidden="True" data="710-824014883" />
    <text name="Mouser Price/Stock" originx="0" originy="0" style="Default" rotation="0" justify="" flipped="False" hidden="True" data="https://www.mouser.co.uk/ProductDetail/Wurth-Elektronik/824014883?qs=rrS6PyfT74cNUdMCm8eE6Q%3D%3D" />
    <text name="Manufacturer_Name" originx="0" originy="0" style="Default" rotation="0" justify="" flipped="False" hidden="True" data="Wurth Elektronik" />
    <text name="Manufacturer_Part_Number" originx="950" originy="200" style="Default" rotation="0" justify="left" flipped="False" hidden="False" data="824014883" />
  </component>
</quadcept_library>
