<?xml version="1.0" encoding="utf-8"?>
<!--/18153218/1318237/2.50/4/3/Power Supply/-->
<quadcept_library>
  <setting unit="mil" />
  <textstyle name="Default" height="47.244094488189" strokewidth="7.8740157480315" charwidth="47.244094488189" />
  <textstyle name="Dimension" height="19.6850393700787" strokewidth="0" charwidth="19.6850393700787" />
  <textstyle name="H127W0635TH00762" height="50" strokewidth="3" charwidth="25" />
  <textstyle name="H15W15TH02" height="59.0551181102362" strokewidth="7.8740157480315" charwidth="59.0551181102362" />
  <padstyle name="c300_h200" surface="False" plated="True" isvia="False" nopaste="True" nomask="True" complex="False" holesize="78.740157480314">
    <padshape layer="TOP" shape="round" width="118.11023622047" height="118.11023622047" />
    <padshape layer="TOP_SOLDER_MASK" shape="round" width="125.9842519685" height="125.9842519685" />
    <padshape layer="INNER" shape="round" width="118.11023622047" height="118.11023622047" />
    <padshape layer="BOTTOM" shape="round" width="118.11023622047" height="118.11023622047" />
    <padshape layer="BOTTOM_SOLDER_MASK" shape="round" width="125.9842519685" height="125.9842519685" />
  </padstyle>
  <padstyle name="s435_h290" surface="False" plated="True" isvia="False" nopaste="True" nomask="True" complex="False" holesize="114.17322834646">
    <padshape layer="TOP" shape="square" width="171.25984251968" height="171.25984251968" />
    <padshape layer="TOP_SOLDER_MASK" shape="square" width="179.13385826771" height="179.13385826771" />
    <padshape layer="INNER" shape="square" width="171.25984251968" height="171.25984251968" />
    <padshape layer="BOTTOM" shape="square" width="171.25984251968" height="171.25984251968" />
    <padshape layer="BOTTOM_SOLDER_MASK" shape="square" width="179.13385826771" height="179.13385826771" />
  </padstyle>
  <padstyle name="c435_h290" surface="False" plated="True" isvia="False" nopaste="True" nomask="True" complex="False" holesize="114.17322834646">
    <padshape layer="TOP" shape="round" width="171.25984251968" height="171.25984251968" />
    <padshape layer="TOP_SOLDER_MASK" shape="round" width="179.13385826771" height="179.13385826771" />
    <padshape layer="INNER" shape="round" width="171.25984251968" height="171.25984251968" />
    <padshape layer="BOTTOM" shape="round" width="171.25984251968" height="171.25984251968" />
    <padshape layer="BOTTOM_SOLDER_MASK" shape="round" width="179.13385826771" height="179.13385826771" />
  </padstyle>
  <footprint name="XT60PWM" originx="0" originy="0" pickpointx="0" pickpointy="0">
    <pcbpin number="1" name="1" style="s435_h290" originx="0" originy="0" rotation="90" />
    <pcbpin number="2" name="2" style="c435_h290" originx="283.46456692913" originy="0" rotation="90" />
    <pcbpin number="3" name="MH1" style="c300_h200" originx="-124.01574803149" originy="-236.22047244094" rotation="90" />
    <pcbpin number="4" name="MH2" style="c300_h200" originx="407.48031496062" originy="-236.22047244094" rotation="90" />
    <line layer="TOP_ASSEMBLY" originx="-163.38582677165" originy="-643.70078740157" endx="446.85039370078" endy="-643.70078740157" width="3.9370078740157" />
    <line layer="TOP_ASSEMBLY" originx="446.85039370078" originy="-643.70078740157" endx="446.85039370078" endy="72.83464566929" width="3.9370078740157" />
    <line layer="TOP_ASSEMBLY" originx="446.85039370078" originy="72.83464566929" endx="-163.38582677165" endy="72.83464566929" width="3.9370078740157" />
    <line layer="TOP_ASSEMBLY" originx="-163.38582677165" originy="72.83464566929" endx="-163.38582677165" endy="-643.70078740157" width="3.9370078740157" />
    <line layer="TOP_PLACE_BOUND" originx="-222.44094488189" originy="125" endx="505.90551181102" endy="125" width="3.9370078740157" />
    <line layer="TOP_PLACE_BOUND" originx="505.90551181102" originy="125" endx="505.90551181102" endy="-683.07086614172" width="3.9370078740157" />
    <line layer="TOP_PLACE_BOUND" originx="505.90551181102" originy="-683.07086614172" endx="-222.44094488189" endy="-683.07086614172" width="3.9370078740157" />
    <line layer="TOP_PLACE_BOUND" originx="-222.44094488189" originy="-683.07086614172" endx="-222.44094488189" endy="125" width="3.9370078740157" />
    <line layer="TOP_SILKSCREEN" originx="0" originy="102.36220472441" endx="0" endy="102.36220472441" width="3.9370078740157" />
    <arc layer="TOP_SILKSCREEN" originx="1.6391087961985E-15" originy="104.33070866142" startangle="-90.0" sweepangle="180.0" radius="1.9685039370079" width="3.9370078740157" />
    <line layer="TOP_SILKSCREEN" originx="0" originy="106.29921259842" endx="0" endy="106.29921259842" width="3.9370078740157" />
    <arc layer="TOP_SILKSCREEN" originx="1.6391087961985E-15" originy="104.33070866142" startangle="90.0" sweepangle="180.0" radius="1.9685039370079" width="3.9370078740157" />
    <line layer="TOP_SILKSCREEN" originx="-124.01574803149" originy="72.83464566929" endx="-163.38582677165" endy="72.83464566929" width="7.8740157480314" />
    <line layer="TOP_SILKSCREEN" originx="-163.38582677165" originy="72.83464566929" endx="-163.38582677165" endy="-157.48031496063" width="7.8740157480314" />
    <line layer="TOP_SILKSCREEN" originx="-163.38582677165" originy="-314.96062992126" endx="-163.38582677165" endy="-643.70078740157" width="7.8740157480314" />
    <line layer="TOP_SILKSCREEN" originx="-163.38582677165" originy="-643.70078740157" endx="446.85039370078" endy="-643.70078740157" width="7.8740157480314" />
    <line layer="TOP_SILKSCREEN" originx="446.85039370078" originy="-643.70078740157" endx="446.85039370078" endy="-314.96062992126" width="7.8740157480314" />
    <line layer="TOP_SILKSCREEN" originx="446.85039370078" originy="-157.48031496063" endx="446.85039370078" endy="72.83464566929" width="7.8740157480314" />
    <line layer="TOP_SILKSCREEN" originx="446.85039370078" originy="72.83464566929" endx="393.70078740157" endy="72.83464566929" width="7.8740157480314" />
  </footprint>
  <symbol name="XT60PW-M" originx="0" originy="0">
    <line originx="200" originy="100" endx="700" endy="100" width="0" />
    <line originx="700" originy="-200" endx="700" endy="100" width="0" />
    <line originx="700" originy="-200" endx="200" endy="-200" width="0" />
    <line originx="200" originy="100" endx="200" endy="-200" width="0" />
    <sympin number="1" originx="700" originy="0" rotation="0" length="100" width="7.8740157480315" flipped="False">
      <text name="pinname" originx="670" originy="0" style="Default" rotation="0" justify="right" flipped="False" hidden="False" data="+" />
      <text name="pindes" originx="760" originy="20" style="Default" rotation="0" justify="lowerleft" flipped="False" hidden="False" data="1" />
    </sympin>
    <sympin number="2" originx="700" originy="-100" rotation="0" length="100" width="7.8740157480315" flipped="False">
      <text name="pinname" originx="670" originy="-100" style="Default" rotation="0" justify="right" flipped="False" hidden="False" data="-" />
      <text name="pindes" originx="760" originy="-80" style="Default" rotation="0" justify="lowerleft" flipped="False" hidden="False" data="2" />
    </sympin>
    <sympin number="3" originx="200" originy="0" rotation="180" length="100" width="7.8740157480315" flipped="False">
      <text name="pinname" originx="230" originy="0" style="Default" rotation="0" justify="left" flipped="False" hidden="False" data="MH1" />
      <text name="pindes" originx="140" originy="20" style="Default" rotation="0" justify="lowerright" flipped="False" hidden="False" data="MH1" />
    </sympin>
    <sympin number="4" originx="200" originy="-100" rotation="180" length="100" width="7.8740157480315" flipped="False">
      <text name="pinname" originx="230" originy="-100" style="Default" rotation="0" justify="left" flipped="False" hidden="False" data="MH2" />
      <text name="pindes" originx="140" originy="-80" style="Default" rotation="0" justify="lowerright" flipped="False" hidden="False" data="MH2" />
    </sympin>
  </symbol>
  <component name="XT60PW-M" designatorprefix="PS" height="330.70866141732" footprint="XT60PWM">
    <comppin designator="1" sympin="1" pinswap="0" gateswap="0" gate="1" group="1" side="" type="Any" name="+" />
    <comppin designator="2" sympin="2" pinswap="0" gateswap="0" gate="1" group="1" side="" type="Any" name="-" />
    <comppin designator="MH1" sympin="3" pinswap="0" gateswap="0" gate="1" group="1" side="" type="Any" name="MH1" />
    <comppin designator="MH2" sympin="4" pinswap="0" gateswap="0" gate="1" group="1" side="" type="Any" name="MH2" />
    <attached_symbol gate="1" name="XT60PW-M" />
    <pinmap designator="1" footprintpin="1" />
    <pinmap designator="2" footprintpin="2" />
    <pinmap designator="MH1" footprintpin="3" />
    <pinmap designator="MH2" footprintpin="4" />
    <text name="Datasheet" originx="0" originy="0" style="Default" rotation="0" justify="" flipped="False" hidden="True" data="https://www.tme.eu/Document/b13629717d44ae038681dba08d18c0b6/XT60PW-M.pdf" />
    <text name="Description" originx="0" originy="0" style="Default" rotation="0" justify="" flipped="False" hidden="True" data="Socket; DC supply; XT60; male; PIN: 2; on PCBs; THT; yellow; 30A; 500V" />
    <text name="Manufacturer_Name" originx="0" originy="0" style="Default" rotation="0" justify="" flipped="False" hidden="True" data="Changzhou Amass Elec" />
    <text name="Manufacturer_Part_Number" originx="750" originy="200" style="Default" rotation="0" justify="left" flipped="False" hidden="False" data="XT60PW-M" />
    <text name="Mouser Part Number" originx="0" originy="0" style="Default" rotation="0" justify="" flipped="False" hidden="True" data="" />
    <text name="Mouser Price/Stock" originx="0" originy="0" style="Default" rotation="0" justify="" flipped="False" hidden="True" data="" />
    <text name="Arrow Part Number" originx="0" originy="0" style="Default" rotation="0" justify="" flipped="False" hidden="True" data="" />
    <text name="Arrow Price/Stock" originx="0" originy="0" style="Default" rotation="0" justify="" flipped="False" hidden="True" data="" />
  </component>
</quadcept_library>
