<?xml version="1.0" encoding="utf-8"?>
<!--/267579/1318237/2.50/6/3/Connector/-->
<quadcept_library>
  <setting unit="mil" />
  <textstyle name="Default" height="47.244094488189" strokewidth="7.8740157480315" charwidth="47.244094488189" />
  <textstyle name="Dimension" height="19.6850393700787" strokewidth="0" charwidth="19.6850393700787" />
  <textstyle name="H127W0635TH00762" height="50" strokewidth="3" charwidth="25" />
  <textstyle name="H15W15TH02" height="59.0551181102362" strokewidth="7.8740157480315" charwidth="59.0551181102362" />
  <padstyle name="r170_60" surface="True" plated="False" isvia="False" nopaste="False" nomask="True" complex="False" holesize="0">
    <padshape layer="TOP" shape="rectangle" width="23.622047244094" height="66.929133858267" />
    <padshape layer="TOP_SOLDER_MASK" shape="rectangle" width="31.496062992126" height="74.803149606298" />
    <padshape layer="TOP_SOLDER_PASTE" shape="rectangle" width="23.622047244094" height="66.929133858267" />
  </padstyle>
  <padstyle name="r270_100" surface="True" plated="False" isvia="False" nopaste="False" nomask="True" complex="False" holesize="0">
    <padshape layer="TOP" shape="rectangle" width="39.370078740157" height="106.29921259842" />
    <padshape layer="TOP_SOLDER_MASK" shape="rectangle" width="47.244094488188" height="114.17322834646" />
    <padshape layer="TOP_SOLDER_PASTE" shape="rectangle" width="39.370078740157" height="106.29921259842" />
  </padstyle>
  <footprint name="SM06B-GHS-TB" originx="0" originy="0" pickpointx="0" pickpointy="0">
    <pcbpin number="1" name="1" style="r170_60" originx="88.582677165353" originy="169.29133858268" rotation="0" />
    <pcbpin number="2" name="2" style="r170_60" originx="137.79527559055" originy="169.29133858268" rotation="0" />
    <pcbpin number="3" name="3" style="r170_60" originx="187.00787401575" originy="169.29133858268" rotation="0" />
    <pcbpin number="4" name="4" style="r170_60" originx="236.22047244094" originy="169.29133858268" rotation="0" />
    <pcbpin number="5" name="5" style="r170_60" originx="285.43307086614" originy="169.29133858268" rotation="0" />
    <pcbpin number="6" name="6" style="r170_60" originx="334.64566929133" originy="169.29133858268" rotation="0" />
    <pcbpin number="7" name="7" style="r270_100" originx="15.748031496063" originy="43.307086614173" rotation="0" />
    <pcbpin number="8" name="8" style="r270_100" originx="407.48031496062" originy="43.307086614173" rotation="0" />
    <line layer="TOP_ASSEMBLY" originx="0" originy="159.44881889764" endx="423.22834645669" endy="159.44881889764" width="9.9999999999999" />
    <line layer="TOP_ASSEMBLY" originx="423.22834645669" originy="159.44881889764" endx="423.22834645669" endy="0" width="9.9999999999999" />
    <line layer="TOP_ASSEMBLY" originx="423.22834645669" originy="0" endx="0" endy="0" width="9.9999999999999" />
    <line layer="TOP_ASSEMBLY" originx="0" originy="0" endx="0" endy="159.44881889764" width="9.9999999999999" />
    <line layer="TOP_SILKSCREEN" originx="49.737401574803" originy="0" endx="374.76377952755" endy="0" width="9.9999999999999" />
    <line layer="TOP_SILKSCREEN" originx="0" originy="159.44881889764" endx="0" endy="105.42007874016" width="9.9999999999999" />
    <line layer="TOP_SILKSCREEN" originx="423.22834645669" originy="159.44881889764" endx="423.22834645669" endy="106.53543307086" width="9.9999999999999" />
    <line layer="TOP_SILKSCREEN" originx="423.22834645669" originy="159.44881889764" endx="354.13385826771" endy="159.44881889764" width="9.9999999999999" />
    <line layer="TOP_SILKSCREEN" originx="0" originy="159.44881889764" endx="68.136614173228" endy="159.44881889764" width="9.9999999999999" />
    <arc layer="TOP_SILKSCREEN" originx="49.173228346456" originy="213.01850393701" startangle="180" sweepangle="180" radius="2.3661417322834" width="9.9999999999999" />
    <arc layer="TOP_SILKSCREEN" originx="49.173228346456" originy="213.01850393701" startangle="180" sweepangle="-180" radius="2.3661417322834" width="9.9999999999999" />
  </footprint>
  <symbol name="SM06B-GHS-TB_LF__SN_" originx="0" originy="0">
    <line originx="200" originy="100" endx="600" endy="100" width="0" />
    <line originx="600" originy="-300" endx="600" endy="100" width="0" />
    <line originx="600" originy="-300" endx="200" endy="-300" width="0" />
    <line originx="200" originy="100" endx="200" endy="-300" width="0" />
    <sympin number="1" originx="200" originy="0" rotation="180" length="100" width="7.8740157480315" flipped="False">
      <text name="pinname" originx="230" originy="0" style="Default" rotation="0" justify="left" flipped="False" hidden="False" data="1" />
      <text name="pindes" originx="140" originy="20" style="Default" rotation="0" justify="lowerright" flipped="False" hidden="False" data="1" />
    </sympin>
    <sympin number="2" originx="200" originy="-100" rotation="180" length="100" width="7.8740157480315" flipped="False">
      <text name="pinname" originx="230" originy="-100" style="Default" rotation="0" justify="left" flipped="False" hidden="False" data="2" />
      <text name="pindes" originx="140" originy="-80" style="Default" rotation="0" justify="lowerright" flipped="False" hidden="False" data="2" />
    </sympin>
    <sympin number="3" originx="200" originy="-200" rotation="180" length="100" width="7.8740157480315" flipped="False">
      <text name="pinname" originx="230" originy="-200" style="Default" rotation="0" justify="left" flipped="False" hidden="False" data="3" />
      <text name="pindes" originx="140" originy="-180" style="Default" rotation="0" justify="lowerright" flipped="False" hidden="False" data="3" />
    </sympin>
    <sympin number="4" originx="600" originy="0" rotation="0" length="100" width="7.8740157480315" flipped="False">
      <text name="pinname" originx="570" originy="0" style="Default" rotation="0" justify="right" flipped="False" hidden="False" data="4" />
      <text name="pindes" originx="660" originy="20" style="Default" rotation="0" justify="lowerleft" flipped="False" hidden="False" data="4" />
    </sympin>
    <sympin number="5" originx="600" originy="-100" rotation="0" length="100" width="7.8740157480315" flipped="False">
      <text name="pinname" originx="570" originy="-100" style="Default" rotation="0" justify="right" flipped="False" hidden="False" data="5" />
      <text name="pindes" originx="660" originy="-80" style="Default" rotation="0" justify="lowerleft" flipped="False" hidden="False" data="5" />
    </sympin>
    <sympin number="6" originx="600" originy="-200" rotation="0" length="100" width="7.8740157480315" flipped="False">
      <text name="pinname" originx="570" originy="-200" style="Default" rotation="0" justify="right" flipped="False" hidden="False" data="6" />
      <text name="pindes" originx="660" originy="-180" style="Default" rotation="0" justify="lowerleft" flipped="False" hidden="False" data="6" />
    </sympin>
  </symbol>
  <component name="SM06B-GHS-TB_LF__SN_" designatorprefix="J" height="0" footprint="SM06B-GHS-TB">
    <comppin designator="1" sympin="1" pinswap="0" gateswap="0" gate="1" group="1" side="" type="Any" name="1" />
    <comppin designator="2" sympin="2" pinswap="0" gateswap="0" gate="1" group="1" side="" type="Any" name="2" />
    <comppin designator="3" sympin="3" pinswap="0" gateswap="0" gate="1" group="1" side="" type="Any" name="3" />
    <comppin designator="4" sympin="4" pinswap="0" gateswap="0" gate="1" group="1" side="" type="Any" name="4" />
    <comppin designator="5" sympin="5" pinswap="0" gateswap="0" gate="1" group="1" side="" type="Any" name="5" />
    <comppin designator="6" sympin="6" pinswap="0" gateswap="0" gate="1" group="1" side="" type="Any" name="6" />
    <attached_symbol gate="1" name="SM06B-GHS-TB_LF__SN_" />
    <pinmap designator="1" footprintpin="1" />
    <pinmap designator="2" footprintpin="2" />
    <pinmap designator="3" footprintpin="3" />
    <pinmap designator="4" footprintpin="4" />
    <pinmap designator="5" footprintpin="5" />
    <pinmap designator="6" footprintpin="6" />
    <text name="Datasheet" originx="0" originy="0" style="Default" rotation="0" justify="" flipped="False" hidden="True" data="https://datasheet.datasheetarchive.com/originals/distributors/Datasheets_SAMA/e4ef010dc292ea31091454f6c0afb63a.pdf" />
    <text name="Description" originx="0" originy="0" style="Default" rotation="0" justify="" flipped="False" hidden="True" data="GH 1.25mm header side entry 6 way JST GH Series, 1.25mm Pitch 6 Way Right Angle PCB Header, Solder Termination, 1A" />
    <text name="Manufacturer_Name" originx="0" originy="0" style="Default" rotation="0" justify="" flipped="False" hidden="True" data="JST (JAPAN SOLDERLESS TERMINALS)" />
    <text name="Manufacturer_Part_Number" originx="650" originy="200" style="Default" rotation="0" justify="left" flipped="False" hidden="False" data="SM06B-GHS-TB(LF)(SN)" />
    <text name="Mouser Part Number" originx="0" originy="0" style="Default" rotation="0" justify="" flipped="False" hidden="True" data="N/A" />
    <text name="Mouser Price/Stock" originx="0" originy="0" style="Default" rotation="0" justify="" flipped="False" hidden="True" data="https://www.mouser.co.uk/ProductDetail/JST-Commercial/SM06B-GHS-TBLFSN?qs=QpmGXVUTftFzTQe43vH9Ig%3D%3D" />
    <text name="Arrow Part Number" originx="0" originy="0" style="Default" rotation="0" justify="" flipped="False" hidden="True" data="SM06B-GHS-TB(LF)(SN)" />
    <text name="Arrow Price/Stock" originx="0" originy="0" style="Default" rotation="0" justify="" flipped="False" hidden="True" data="https://www.arrow.com/en/products/sm06b-ghs-tb-lf-sn/jst-manufacturing" />
  </component>
</quadcept_library>
