<?xml version="1.0" encoding="utf-8"?>
<!--/13820532/1318237/2.50/4/4/Undefined or Miscellaneous/-->
<quadcept_library>
  <setting unit="mil" />
  <textstyle name="Default" height="47.244094488189" strokewidth="7.8740157480315" charwidth="47.244094488189" />
  <textstyle name="Dimension" height="19.6850393700787" strokewidth="0" charwidth="19.6850393700787" />
  <textstyle name="H127W0635TH00762" height="50" strokewidth="3" charwidth="25" />
  <textstyle name="H15W15TH02" height="59.0551181102362" strokewidth="7.8740157480315" charwidth="59.0551181102362" />
  <padstyle name="r910_150" surface="True" plated="False" isvia="False" nopaste="False" nomask="True" complex="False" holesize="0">
    <padshape layer="TOP" shape="rectangle" width="59.055118110235" height="358.26771653543" />
    <padshape layer="TOP_SOLDER_MASK" shape="rectangle" width="66.929133858267" height="366.14173228346" />
    <padshape layer="TOP_SOLDER_PASTE" shape="rectangle" width="59.055118110235" height="358.26771653543" />
  </padstyle>
  <padstyle name="r870_150" surface="True" plated="False" isvia="False" nopaste="False" nomask="True" complex="False" holesize="0">
    <padshape layer="TOP" shape="rectangle" width="59.055118110235" height="342.51968503937" />
    <padshape layer="TOP_SOLDER_MASK" shape="rectangle" width="66.929133858267" height="350.3937007874" />
    <padshape layer="TOP_SOLDER_PASTE" shape="rectangle" width="59.055118110235" height="342.51968503937" />
  </padstyle>
  <footprint name="3670108" originx="0" originy="0" pickpointx="0" pickpointy="0">
    <pcbpin number="1" name="1" style="r910_150" originx="0" originy="-141.73228346457" rotation="90" />
    <pcbpin number="2" name="2" style="r910_150" originx="0" originy="141.73228346457" rotation="90" />
    <pcbpin number="3" name="3" style="r870_150" originx="-208.66141732283" originy="0" rotation="0" />
    <pcbpin number="4" name="4" style="r870_150" originx="208.66141732283" originy="0" rotation="0" />
    <line layer="TOP_ASSEMBLY" originx="-212.59842519685" originy="145.66929133858" endx="212.59842519685" endy="145.66929133858" width="3.9370078740157" />
    <line layer="TOP_ASSEMBLY" originx="212.59842519685" originy="145.66929133858" endx="212.59842519685" endy="-145.66929133858" width="3.9370078740157" />
    <line layer="TOP_ASSEMBLY" originx="212.59842519685" originy="-145.66929133858" endx="-212.59842519685" endy="-145.66929133858" width="3.9370078740157" />
    <line layer="TOP_ASSEMBLY" originx="-212.59842519685" originy="-145.66929133858" endx="-212.59842519685" endy="145.66929133858" width="3.9370078740157" />
    <line layer="TOP_SILKSCREEN" originx="-251.968503937" originy="185.03937007874" endx="251.968503937" endy="185.03937007874" width="7.8740157480314" />
    <line layer="TOP_SILKSCREEN" originx="251.968503937" originy="185.03937007874" endx="251.968503937" endy="-185.03937007874" width="7.8740157480314" />
    <line layer="TOP_SILKSCREEN" originx="251.968503937" originy="-185.03937007874" endx="-251.968503937" endy="-185.03937007874" width="7.8740157480314" />
    <line layer="TOP_SILKSCREEN" originx="-251.968503937" originy="-185.03937007874" endx="-251.968503937" endy="185.03937007874" width="7.8740157480314" />
    <line layer="TOP_PLACE_BOUND" originx="-291.33858267716" originy="224.40944881889" endx="291.33858267716" endy="224.40944881889" width="3.9370078740157" />
    <line layer="TOP_PLACE_BOUND" originx="291.33858267716" originy="224.40944881889" endx="291.33858267716" endy="-224.40944881889" width="3.9370078740157" />
    <line layer="TOP_PLACE_BOUND" originx="291.33858267716" originy="-224.40944881889" endx="-291.33858267716" endy="-224.40944881889" width="3.9370078740157" />
    <line layer="TOP_PLACE_BOUND" originx="-291.33858267716" originy="-224.40944881889" endx="-291.33858267716" endy="224.40944881889" width="3.9370078740157" />
  </footprint>
  <symbol name="3670108" originx="0" originy="0">
    <line originx="200" originy="300" endx="600" endy="300" width="0" />
    <line originx="600" originy="-300" endx="600" endy="300" width="0" />
    <line originx="600" originy="-300" endx="200" endy="-300" width="0" />
    <line originx="200" originy="300" endx="200" endy="-300" width="0" />
    <sympin number="1" originx="400" originy="-300" rotation="270" length="100" width="7.8740157480315" flipped="False">
      <text name="pinname" originx="400" originy="-270" style="Default" rotation="0" justify="left" flipped="False" hidden="False" data="1" />
      <text name="pindes" originx="380" originy="-360" style="Default" rotation="0" justify="lowerright" flipped="False" hidden="False" data="1" />
    </sympin>
    <sympin number="2" originx="400" originy="300" rotation="90" length="100" width="7.8740157480315" flipped="False">
      <text name="pinname" originx="400" originy="270" style="Default" rotation="0" justify="right" flipped="False" hidden="False" data="2" />
      <text name="pindes" originx="380" originy="360" style="Default" rotation="0" justify="lowerleft" flipped="False" hidden="False" data="2" />
    </sympin>
    <sympin number="3" originx="200" originy="0" rotation="180" length="100" width="7.8740157480315" flipped="False">
      <text name="pinname" originx="230" originy="0" style="Default" rotation="0" justify="left" flipped="False" hidden="False" data="3" />
      <text name="pindes" originx="140" originy="20" style="Default" rotation="0" justify="lowerright" flipped="False" hidden="False" data="3" />
    </sympin>
    <sympin number="4" originx="600" originy="0" rotation="0" length="100" width="7.8740157480315" flipped="False">
      <text name="pinname" originx="570" originy="0" style="Default" rotation="0" justify="right" flipped="False" hidden="False" data="4" />
      <text name="pindes" originx="660" originy="20" style="Default" rotation="0" justify="lowerleft" flipped="False" hidden="False" data="4" />
    </sympin>
  </symbol>
  <component name="3670108" designatorprefix="U" height="86.614173228345" footprint="3670108">
    <comppin designator="1" sympin="1" pinswap="0" gateswap="0" gate="1" group="1" side="" type="Any" name="1" />
    <comppin designator="2" sympin="2" pinswap="0" gateswap="0" gate="1" group="1" side="" type="Any" name="2" />
    <comppin designator="3" sympin="3" pinswap="0" gateswap="0" gate="1" group="1" side="" type="Any" name="3" />
    <comppin designator="4" sympin="4" pinswap="0" gateswap="0" gate="1" group="1" side="" type="Any" name="4" />
    <attached_symbol gate="1" name="3670108" />
    <pinmap designator="1" footprintpin="1" />
    <pinmap designator="2" footprintpin="2" />
    <pinmap designator="3" footprintpin="3" />
    <pinmap designator="4" footprintpin="4" />
    <text name="Datasheet" originx="0" originy="0" style="Default" rotation="0" justify="" flipped="False" hidden="True" data="https://www.we-online.com/components/products/datasheet/3670108.pdf" />
    <text name="Description" originx="0" originy="0" style="Default" rotation="0" justify="" flipped="False" hidden="True" data="EMI Gaskets, Sheets, Absorbers &amp; Shielding WE-SHC Seemless Cab Frame 10.8mm" />
    <text name="Mouser Part Number" originx="0" originy="0" style="Default" rotation="0" justify="" flipped="False" hidden="True" data="710-3670108" />
    <text name="Mouser Price/Stock" originx="0" originy="0" style="Default" rotation="0" justify="" flipped="False" hidden="True" data="https://www.mouser.co.uk/ProductDetail/Wurth-Elektronik/3670108?qs=pUKx8fyJudCDjD7PSqiniQ%3D%3D" />
    <text name="Manufacturer_Name" originx="0" originy="0" style="Default" rotation="0" justify="" flipped="False" hidden="True" data="Wurth Elektronik" />
    <text name="Manufacturer_Part_Number" originx="650" originy="400" style="Default" rotation="0" justify="left" flipped="False" hidden="False" data="3670108" />
  </component>
</quadcept_library>
