<?xml version="1.0" encoding="utf-8"?>
<!--/303360/1318237/2.50/4/4/Connector/-->
<quadcept_library>
  <setting unit="mil" />
  <textstyle name="Default" height="47.244094488189" strokewidth="7.8740157480315" charwidth="47.244094488189" />
  <textstyle name="Dimension" height="19.6850393700787" strokewidth="0" charwidth="19.6850393700787" />
  <textstyle name="H127W0635TH00762" height="50" strokewidth="3" charwidth="25" />
  <textstyle name="H15W15TH02" height="59.0551181102362" strokewidth="7.8740157480315" charwidth="59.0551181102362" />
  <padstyle name="r170_60" surface="True" plated="False" isvia="False" nopaste="False" nomask="True" complex="False" holesize="0">
    <padshape layer="TOP" shape="rectangle" width="23.622047244094" height="66.929133858267" />
    <padshape layer="TOP_SOLDER_MASK" shape="rectangle" width="31.496062992126" height="74.803149606298" />
    <padshape layer="TOP_SOLDER_PASTE" shape="rectangle" width="23.622047244094" height="66.929133858267" />
  </padstyle>
  <padstyle name="r270_100" surface="True" plated="False" isvia="False" nopaste="False" nomask="True" complex="False" holesize="0">
    <padshape layer="TOP" shape="rectangle" width="39.370078740157" height="106.29921259842" />
    <padshape layer="TOP_SOLDER_MASK" shape="rectangle" width="47.244094488188" height="114.17322834646" />
    <padshape layer="TOP_SOLDER_PASTE" shape="rectangle" width="39.370078740157" height="106.29921259842" />
  </padstyle>
  <footprint name="SM02BGHSTBLFSN" originx="0" originy="0" pickpointx="0" pickpointy="0">
    <pcbpin number="1" name="1" style="r170_60" originx="-24.606299212598" originy="72.63779527559" rotation="0" />
    <pcbpin number="2" name="2" style="r170_60" originx="24.606299212598" originy="72.63779527559" rotation="0" />
    <pcbpin number="3" name="3" style="r270_100" originx="97.440944881889" originy="-53.346456692913" rotation="0" />
    <pcbpin number="4" name="4" style="r270_100" originx="-97.440944881889" originy="-53.346456692913" rotation="0" />
    <line layer="TOP_ASSEMBLY" originx="113.18897637795" originy="59.251968503936" endx="-113.18897637795" endy="59.251968503936" width="7.8740157480314" />
    <line layer="TOP_ASSEMBLY" originx="-113.18897637795" originy="59.251968503936" endx="-113.18897637795" endy="-100.1968503937" width="7.8740157480314" />
    <line layer="TOP_ASSEMBLY" originx="-113.18897637795" originy="-100.1968503937" endx="113.18897637795" endy="-100.1968503937" width="7.8740157480314" />
    <line layer="TOP_ASSEMBLY" originx="113.18897637795" originy="-100.1968503937" endx="113.18897637795" endy="59.251968503936" width="7.8740157480314" />
    <line layer="TOP_PLACE_BOUND" originx="156.49606299212" originy="145.86614173228" endx="-156.49606299212" endy="145.86614173228" width="3.9370078740157" />
    <line layer="TOP_PLACE_BOUND" originx="-156.49606299212" originy="145.86614173228" endx="-156.49606299212" endy="-145.86614173228" width="3.9370078740157" />
    <line layer="TOP_PLACE_BOUND" originx="-156.49606299212" originy="-145.86614173228" endx="156.49606299212" endy="-145.86614173228" width="3.9370078740157" />
    <line layer="TOP_PLACE_BOUND" originx="156.49606299212" originy="-145.86614173228" endx="156.49606299212" endy="145.86614173228" width="3.9370078740157" />
    <line layer="TOP_SILKSCREEN" originx="113.18897637795" originy="59.251968503936" endx="113.18897637795" endy="14.527559055118" width="3.9370078740157" />
    <line layer="TOP_SILKSCREEN" originx="113.18897637795" originy="59.251968503936" endx="48.740157480314" endy="59.251968503936" width="3.9370078740157" />
    <line layer="TOP_SILKSCREEN" originx="62.992125984251" originy="-100.1968503937" endx="-62.992125984251" endy="-100.1968503937" width="3.9370078740157" />
    <line layer="TOP_SILKSCREEN" originx="-113.18897637795" originy="59.251968503936" endx="-113.18897637795" endy="14.527559055118" width="3.9370078740157" />
    <line layer="TOP_SILKSCREEN" originx="-113.18897637795" originy="59.251968503936" endx="-48.740157480314" endy="59.251968503936" width="3.9370078740157" />
    <line layer="TOP_SILKSCREEN" originx="-23.464566929134" originy="133.46456692913" endx="-23.464566929134" endy="133.46456692913" width="1.8110236220472" />
    <arc layer="TOP_SILKSCREEN" originx="-22.55905511811" originy="133.46456692913" startangle=".0" sweepangle="180.0" radius="0.90551181102361" width="1.8110236220472" />
    <line layer="TOP_SILKSCREEN" originx="-25.275590551181" originy="133.46456692913" endx="-25.275590551181" endy="133.46456692913" width="1.8110236220472" />
    <arc layer="TOP_SILKSCREEN" originx="-22.55905511811" originy="133.46456692913" startangle="180.0" sweepangle="180.0" radius="0.90551181102361" width="1.8110236220472" />
  </footprint>
  <symbol name="SM02B-GHS-TB_LF__SN_" originx="0" originy="0">
    <line originx="200" originy="100" endx="600" endy="100" width="0" />
    <line originx="600" originy="-200" endx="600" endy="100" width="0" />
    <line originx="600" originy="-200" endx="200" endy="-200" width="0" />
    <line originx="200" originy="100" endx="200" endy="-200" width="0" />
    <sympin number="1" originx="600" originy="0" rotation="0" length="100" width="7.8740157480315" flipped="False">
      <text name="pinname" originx="570" originy="0" style="Default" rotation="0" justify="right" flipped="False" hidden="False" data="1" />
      <text name="pindes" originx="660" originy="20" style="Default" rotation="0" justify="lowerleft" flipped="False" hidden="False" data="1" />
    </sympin>
    <sympin number="2" originx="600" originy="-100" rotation="0" length="100" width="7.8740157480315" flipped="False">
      <text name="pinname" originx="570" originy="-100" style="Default" rotation="0" justify="right" flipped="False" hidden="False" data="2" />
      <text name="pindes" originx="660" originy="-80" style="Default" rotation="0" justify="lowerleft" flipped="False" hidden="False" data="2" />
    </sympin>
    <sympin number="3" originx="200" originy="-100" rotation="180" length="100" width="7.8740157480315" flipped="False">
      <text name="pinname" originx="230" originy="-100" style="Default" rotation="0" justify="left" flipped="False" hidden="False" data="3" />
      <text name="pindes" originx="140" originy="-80" style="Default" rotation="0" justify="lowerright" flipped="False" hidden="False" data="3" />
    </sympin>
    <sympin number="4" originx="200" originy="0" rotation="180" length="100" width="7.8740157480315" flipped="False">
      <text name="pinname" originx="230" originy="0" style="Default" rotation="0" justify="left" flipped="False" hidden="False" data="4" />
      <text name="pindes" originx="140" originy="20" style="Default" rotation="0" justify="lowerright" flipped="False" hidden="False" data="4" />
    </sympin>
  </symbol>
  <component name="SM02B-GHS-TB_LF__SN_" designatorprefix="J" height="167.32283464567" footprint="SM02BGHSTBLFSN">
    <comppin designator="1" sympin="1" pinswap="0" gateswap="0" gate="1" group="1" side="" type="Any" name="1" />
    <comppin designator="2" sympin="2" pinswap="0" gateswap="0" gate="1" group="1" side="" type="Any" name="2" />
    <comppin designator="3" sympin="3" pinswap="0" gateswap="0" gate="1" group="1" side="" type="Any" name="3" />
    <comppin designator="4" sympin="4" pinswap="0" gateswap="0" gate="1" group="1" side="" type="Any" name="4" />
    <attached_symbol gate="1" name="SM02B-GHS-TB_LF__SN_" />
    <pinmap designator="1" footprintpin="1" />
    <pinmap designator="2" footprintpin="2" />
    <pinmap designator="3" footprintpin="3" />
    <pinmap designator="4" footprintpin="4" />
    <text name="Datasheet" originx="0" originy="0" style="Default" rotation="0" justify="" flipped="False" hidden="True" data="https://datasheet.datasheetarchive.com/originals/distributors/Datasheets_SAMA/e4ef010dc292ea31091454f6c0afb63a.pdf" />
    <text name="Description" originx="0" originy="0" style="Default" rotation="0" justify="" flipped="False" hidden="True" data="GH 1.25mm header side entry 2 way JST GH Series, 1.25mm Pitch 2 Way Shrouded Right Angle PCB Header, Surface Mount, Solder Termination" />
    <text name="Manufacturer_Name" originx="0" originy="0" style="Default" rotation="0" justify="" flipped="False" hidden="True" data="JST (JAPAN SOLDERLESS TERMINALS)" />
    <text name="Manufacturer_Part_Number" originx="650" originy="200" style="Default" rotation="0" justify="left" flipped="False" hidden="False" data="SM02B-GHS-TB(LF)(SN)" />
    <text name="Mouser Part Number" originx="0" originy="0" style="Default" rotation="0" justify="" flipped="False" hidden="True" data="306-SM02BGHSTBLFSN" />
    <text name="Mouser Price/Stock" originx="0" originy="0" style="Default" rotation="0" justify="" flipped="False" hidden="True" data="https://www.mouser.co.uk/ProductDetail/JST-Commercial/SM02B-GHS-TBLFSN?qs=cdbOS8ANM9D2X2Ddb5%2Fjdw%3D%3D" />
    <text name="Arrow Part Number" originx="0" originy="0" style="Default" rotation="0" justify="" flipped="False" hidden="True" data="SM02B-GHS-TB(LF)(SN)" />
    <text name="Arrow Price/Stock" originx="0" originy="0" style="Default" rotation="0" justify="" flipped="False" hidden="True" data="https://www.arrow.com/en/products/sm02b-ghs-tb-lf-sn/jst-manufacturing?region=europe" />
  </component>
</quadcept_library>
