<?xml version="1.0" encoding="utf-8"?>
<!--/407204/1318237/2.50/4/4/Connector/-->
<quadcept_library>
  <setting unit="mil" />
  <textstyle name="Default" height="47.244094488189" strokewidth="7.8740157480315" charwidth="47.244094488189" />
  <textstyle name="Dimension" height="19.6850393700787" strokewidth="0" charwidth="19.6850393700787" />
  <textstyle name="H127W0635TH00762" height="50" strokewidth="3" charwidth="25" />
  <textstyle name="H15W15TH02" height="59.0551181102362" strokewidth="7.8740157480315" charwidth="59.0551181102362" />
  <padstyle name="r170_60" surface="True" plated="False" isvia="False" nopaste="False" nomask="True" complex="False" holesize="0">
    <padshape layer="TOP" shape="rectangle" width="23.622047244094" height="66.929133858267" />
    <padshape layer="TOP_SOLDER_MASK" shape="rectangle" width="31.496062992126" height="74.803149606298" />
    <padshape layer="TOP_SOLDER_PASTE" shape="rectangle" width="23.622047244094" height="66.929133858267" />
  </padstyle>
  <padstyle name="r270_100" surface="True" plated="False" isvia="False" nopaste="False" nomask="True" complex="False" holesize="0">
    <padshape layer="TOP" shape="rectangle" width="39.370078740157" height="106.29921259842" />
    <padshape layer="TOP_SOLDER_MASK" shape="rectangle" width="47.244094488188" height="114.17322834646" />
    <padshape layer="TOP_SOLDER_PASTE" shape="rectangle" width="39.370078740157" height="106.29921259842" />
  </padstyle>
  <footprint name="SM04B-GHS-TB" originx="0" originy="0" pickpointx="0" pickpointy="0">
    <pcbpin number="1" name="1" style="r170_60" originx="-73.818897637794" originy="7.8740157480314" rotation="0" />
    <pcbpin number="2" name="2" style="r170_60" originx="-24.606299212598" originy="7.8740157480314" rotation="0" />
    <pcbpin number="3" name="3" style="r170_60" originx="24.606299212598" originy="7.8740157480314" rotation="0" />
    <pcbpin number="4" name="4" style="r170_60" originx="73.818897637794" originy="7.8740157480314" rotation="0" />
    <pcbpin number="5" name="5" style="r270_100" originx="-146.65354330708" originy="-118.11023622047" rotation="0" />
    <pcbpin number="6" name="6" style="r270_100" originx="146.65354330708" originy="-118.11023622047" rotation="0" />
    <line layer="TOP_ASSEMBLY" originx="-162.40157480315" originy="0" endx="162.40157480315" endy="0" width="7.8740157480314" />
    <line layer="TOP_ASSEMBLY" originx="162.40157480315" originy="0" endx="162.40157480315" endy="-167.32283464567" width="7.8740157480314" />
    <line layer="TOP_ASSEMBLY" originx="162.40157480315" originy="-167.32283464567" endx="-162.40157480315" endy="-167.32283464567" width="7.8740157480314" />
    <line layer="TOP_ASSEMBLY" originx="-162.40157480315" originy="-167.32283464567" endx="-162.40157480315" endy="0" width="7.8740157480314" />
    <line layer="TOP_SILKSCREEN" originx="-114.17322834646" originy="-167.32283464567" endx="114.17322834646" endy="-167.32283464567" width="7.8740157480314" />
    <line layer="TOP_SILKSCREEN" originx="-162.40157480315" originy="0" endx="-162.40157480315" endy="-55.11811023622" width="7.8740157480314" />
    <line layer="TOP_SILKSCREEN" originx="162.40157480315" originy="0" endx="162.40157480315" endy="-55.11811023622" width="7.8740157480314" />
    <line layer="TOP_SILKSCREEN" originx="-162.40157480315" originy="0" endx="-98.425196850392" endy="0" width="7.8740157480314" />
    <line layer="TOP_SILKSCREEN" originx="162.40157480315" originy="0" endx="98.425196850392" endy="0" width="7.8740157480314" />
  </footprint>
  <symbol name="SM04B-GHS-TB_LF__SN_" originx="0" originy="0">
    <line originx="200" originy="100" endx="600" endy="100" width="0" />
    <line originx="600" originy="-200" endx="600" endy="100" width="0" />
    <line originx="600" originy="-200" endx="200" endy="-200" width="0" />
    <line originx="200" originy="100" endx="200" endy="-200" width="0" />
    <sympin number="1" originx="200" originy="0" rotation="180" length="100" width="7.8740157480315" flipped="False">
      <text name="pinname" originx="230" originy="0" style="Default" rotation="0" justify="left" flipped="False" hidden="False" data="1" />
      <text name="pindes" originx="140" originy="20" style="Default" rotation="0" justify="lowerright" flipped="False" hidden="False" data="1" />
    </sympin>
    <sympin number="2" originx="200" originy="-100" rotation="180" length="100" width="7.8740157480315" flipped="False">
      <text name="pinname" originx="230" originy="-100" style="Default" rotation="0" justify="left" flipped="False" hidden="False" data="2" />
      <text name="pindes" originx="140" originy="-80" style="Default" rotation="0" justify="lowerright" flipped="False" hidden="False" data="2" />
    </sympin>
    <sympin number="3" originx="600" originy="0" rotation="0" length="100" width="7.8740157480315" flipped="False">
      <text name="pinname" originx="570" originy="0" style="Default" rotation="0" justify="right" flipped="False" hidden="False" data="3" />
      <text name="pindes" originx="660" originy="20" style="Default" rotation="0" justify="lowerleft" flipped="False" hidden="False" data="3" />
    </sympin>
    <sympin number="4" originx="600" originy="-100" rotation="0" length="100" width="7.8740157480315" flipped="False">
      <text name="pinname" originx="570" originy="-100" style="Default" rotation="0" justify="right" flipped="False" hidden="False" data="4" />
      <text name="pindes" originx="660" originy="-80" style="Default" rotation="0" justify="lowerleft" flipped="False" hidden="False" data="4" />
    </sympin>
  </symbol>
  <component name="SM04B-GHS-TB_LF__SN_" designatorprefix="J" height="0" footprint="SM04B-GHS-TB">
    <comppin designator="1" sympin="1" pinswap="0" gateswap="0" gate="1" group="1" side="" type="Any" name="1" />
    <comppin designator="2" sympin="2" pinswap="0" gateswap="0" gate="1" group="1" side="" type="Any" name="2" />
    <comppin designator="3" sympin="3" pinswap="0" gateswap="0" gate="1" group="1" side="" type="Any" name="3" />
    <comppin designator="4" sympin="4" pinswap="0" gateswap="0" gate="1" group="1" side="" type="Any" name="4" />
    <attached_symbol gate="1" name="SM04B-GHS-TB_LF__SN_" />
    <pinmap designator="1" footprintpin="1" />
    <pinmap designator="2" footprintpin="2" />
    <pinmap designator="3" footprintpin="3" />
    <pinmap designator="4" footprintpin="4" />
    <text name="Datasheet" originx="0" originy="0" style="Default" rotation="0" justify="" flipped="False" hidden="True" data="http://uk.rs-online.com/web/p/products/7521797" />
    <text name="Description" originx="0" originy="0" style="Default" rotation="0" justify="" flipped="False" hidden="True" data="JST GH Series, 1.25mm Pitch 4 Way Right Angle PCB Header, Solder Termination, 1A" />
    <text name="Manufacturer_Name" originx="0" originy="0" style="Default" rotation="0" justify="" flipped="False" hidden="True" data="JST (JAPAN SOLDERLESS TERMINALS)" />
    <text name="Manufacturer_Part_Number" originx="650" originy="200" style="Default" rotation="0" justify="left" flipped="False" hidden="False" data="SM04B-GHS-TB(LF)(SN)" />
    <text name="Mouser Part Number" originx="0" originy="0" style="Default" rotation="0" justify="" flipped="False" hidden="True" data="N/A" />
    <text name="Mouser Price/Stock" originx="0" originy="0" style="Default" rotation="0" justify="" flipped="False" hidden="True" data="https://www.mouser.co.uk/ProductDetail/JST-Commercial/SM04B-GHS-TBLFSN?qs=QpmGXVUTftEJzKB1YHGCXw%3D%3D" />
    <text name="Arrow Part Number" originx="0" originy="0" style="Default" rotation="0" justify="" flipped="False" hidden="True" data="SM04B-GHS-TB(LF)(SN)" />
    <text name="Arrow Price/Stock" originx="0" originy="0" style="Default" rotation="0" justify="" flipped="False" hidden="True" data="https://www.arrow.com/en/products/sm04b-ghs-tb-lf-sn-/jst-manufacturing?region=europe" />
  </component>
</quadcept_library>
