<?xml version="1.0" encoding="utf-8"?>
<!--/813766/1318237/2.50/2/2/Schottky Diode/-->
<quadcept_library>
  <setting unit="mil" />
  <textstyle name="Default" height="47.244094488189" strokewidth="7.8740157480315" charwidth="47.244094488189" />
  <textstyle name="Dimension" height="19.6850393700787" strokewidth="0" charwidth="19.6850393700787" />
  <textstyle name="H127W0635TH00762" height="50" strokewidth="3" charwidth="25" />
  <textstyle name="H15W15TH02" height="59.0551181102362" strokewidth="7.8740157480315" charwidth="59.0551181102362" />
  <padstyle name="r188_110" surface="True" plated="False" isvia="False" nopaste="False" nomask="True" complex="False" holesize="0">
    <padshape layer="TOP" shape="rectangle" width="43.307086614173" height="74.015748031495" />
    <padshape layer="TOP_SOLDER_MASK" shape="rectangle" width="51.181102362204" height="81.889763779527" />
    <padshape layer="TOP_SOLDER_PASTE" shape="rectangle" width="43.307086614173" height="74.015748031495" />
  </padstyle>
  <footprint name="SODFL4724X103N" originx="0" originy="0" pickpointx="0" pickpointy="0">
    <pcbpin number="1" name="1" style="r188_110" originx="-81.692913385826" originy="0" rotation="0" />
    <pcbpin number="2" name="2" style="r188_110" originx="81.692913385826" originy="0" rotation="0" />
    <line layer="TOP_PLACE_BOUND" originx="-109.25196850394" originy="55.11811023622" endx="109.25196850394" endy="55.11811023622" width="1.9685039370079" />
    <line layer="TOP_PLACE_BOUND" originx="109.25196850394" originy="55.11811023622" endx="109.25196850394" endy="-55.11811023622" width="1.9685039370079" />
    <line layer="TOP_PLACE_BOUND" originx="109.25196850394" originy="-55.11811023622" endx="-109.25196850394" endy="-55.11811023622" width="1.9685039370079" />
    <line layer="TOP_PLACE_BOUND" originx="-109.25196850394" originy="-55.11811023622" endx="-109.25196850394" endy="55.11811023622" width="1.9685039370079" />
    <line layer="TOP_ASSEMBLY" originx="-74.803149606298" originy="47.244094488188" endx="74.803149606298" endy="47.244094488188" width="3.9370078740157" />
    <line layer="TOP_ASSEMBLY" originx="74.803149606298" originy="47.244094488188" endx="74.803149606298" endy="-47.244094488188" width="3.9370078740157" />
    <line layer="TOP_ASSEMBLY" originx="74.803149606298" originy="-47.244094488188" endx="-74.803149606298" endy="-47.244094488188" width="3.9370078740157" />
    <line layer="TOP_ASSEMBLY" originx="-74.803149606298" originy="-47.244094488188" endx="-74.803149606298" endy="47.244094488188" width="3.9370078740157" />
    <line layer="TOP_ASSEMBLY" originx="-74.803149606298" originy="25.590551181102" endx="-53.149606299212" endy="47.244094488188" width="3.9370078740157" />
    <line layer="TOP_SILKSCREEN" originx="-103.34645669291" originy="47.244094488188" endx="74.803149606298" endy="47.244094488188" width="7.8740157480314" />
    <line layer="TOP_SILKSCREEN" originx="-74.803149606298" originy="-47.244094488188" endx="74.803149606298" endy="-47.244094488188" width="7.8740157480314" />
  </footprint>
  <symbol name="STPS5H100AF" originx="0" originy="0">
    <line originx="300" originy="100" endx="300" endy="-100" width="0" />
    <line originx="300" originy="100" endx="340" endy="100" width="0" />
    <line originx="340" originy="60" endx="340" endy="100" width="0" />
    <line originx="300" originy="-100" endx="260" endy="-100" width="0" />
    <line originx="260" originy="-60" endx="260" endy="-100" width="0" />
    <line originx="200" originy="0" endx="300" endy="0" width="0" />
    <line originx="500" originy="0" endx="600" endy="0" width="0" />
    <sympin number="1" originx="200" originy="0" rotation="180" length="100" width="7.8740157480315" flipped="False">
      <text name="pinname" originx="240" originy="10" style="Default" rotation="0" justify="left" flipped="False" hidden="True" data="K" />
      <text name="pindes" originx="160" originy="10" style="Default" rotation="0" justify="lowerright" flipped="False" hidden="False" data="1" />
    </sympin>
    <sympin number="2" originx="600" originy="0" rotation="0" length="100" width="7.8740157480315" flipped="False">
      <text name="pinname" originx="560" originy="10" style="Default" rotation="0" justify="right" flipped="False" hidden="True" data="A" />
      <text name="pindes" originx="640" originy="10" style="Default" rotation="0" justify="lowerleft" flipped="False" hidden="False" data="2" />
    </sympin>
    <polygon type="polygon">
      <point x="300" y="0" />
      <point x="500" y="100" />
      <point x="500" y="-100" />
    </polygon>
  </symbol>
  <component name="STPS5H100AF" designatorprefix="D" height="40.551181102362" footprint="SODFL4724X103N">
    <comppin designator="1" sympin="1" pinswap="0" gateswap="0" gate="1" group="1" side="" type="Any" name="K" />
    <comppin designator="2" sympin="2" pinswap="0" gateswap="0" gate="1" group="1" side="" type="Any" name="A" />
    <attached_symbol gate="1" name="STPS5H100AF" />
    <pinmap designator="1" footprintpin="1" />
    <pinmap designator="2" footprintpin="2" />
    <text name="Datasheet" originx="0" originy="0" style="Default" rotation="0" justify="" flipped="False" hidden="True" data="https://www.st.com/resource/en/datasheet/stps5h100af.pdf" />
    <text name="Description" originx="0" originy="0" style="Default" rotation="0" justify="" flipped="False" hidden="True" data="100 V, 5 A SOD128Flat Power Schottky Rectifier" />
    <text name="Manufacturer_Name" originx="0" originy="0" style="Default" rotation="0" justify="" flipped="False" hidden="True" data="STMicroelectronics" />
    <text name="Manufacturer_Part_Number" originx="500" originy="250" style="Default" rotation="0" justify="left" flipped="False" hidden="False" data="STPS5H100AF" />
    <text name="Mouser Part Number" originx="0" originy="0" style="Default" rotation="0" justify="" flipped="False" hidden="True" data="511-STPS5H100AF" />
    <text name="Mouser Price/Stock" originx="0" originy="0" style="Default" rotation="0" justify="" flipped="False" hidden="True" data="https://www.mouser.co.uk/ProductDetail/STMicroelectronics/STPS5H100AF?qs=u4fy%2FsgLU9PdnAmsZnFdQg%3D%3D" />
    <text name="Arrow Part Number" originx="0" originy="0" style="Default" rotation="0" justify="" flipped="False" hidden="True" data="STPS5H100AF" />
    <text name="Arrow Price/Stock" originx="0" originy="0" style="Default" rotation="0" justify="" flipped="False" hidden="True" data="https://www.arrow.com/en/products/stps5h100af/stmicroelectronics?region=nac" />
  </component>
</quadcept_library>
