<?xml version="1.0" encoding="utf-8"?>
<!--/466511/1318237/2.50/6/3/Diode/-->
<quadcept_library>
  <setting unit="mil" />
  <textstyle name="Default" height="47.244094488189" strokewidth="7.8740157480315" charwidth="47.244094488189" />
  <textstyle name="Dimension" height="19.6850393700787" strokewidth="0" charwidth="19.6850393700787" />
  <textstyle name="H127W0635TH00762" height="50" strokewidth="3" charwidth="25" />
  <textstyle name="H15W15TH02" height="59.0551181102362" strokewidth="7.8740157480315" charwidth="59.0551181102362" />
  <padstyle name="r95_45" surface="True" plated="False" isvia="False" nopaste="False" nomask="True" complex="False" holesize="0">
    <padshape layer="TOP" shape="rectangle" width="17.716535433071" height="37.401574803149" />
    <padshape layer="TOP_SOLDER_MASK" shape="rectangle" width="25.590551181102" height="45.275590551181" />
    <padshape layer="TOP_SOLDER_PASTE" shape="rectangle" width="17.716535433071" height="37.401574803149" />
  </padstyle>
  <footprint name="SOT65P210X110-6N" originx="0" originy="0" pickpointx="0" pickpointy="0">
    <pcbpin number="1" name="1" style="r95_45" originx="-39.370078740157" originy="25.590551181102" rotation="90" />
    <pcbpin number="2" name="2" style="r95_45" originx="-39.370078740157" originy="0" rotation="90" />
    <pcbpin number="3" name="3" style="r95_45" originx="-39.370078740157" originy="-25.590551181102" rotation="90" />
    <pcbpin number="4" name="4" style="r95_45" originx="39.370078740157" originy="-25.590551181102" rotation="90" />
    <pcbpin number="5" name="5" style="r95_45" originx="39.370078740157" originy="0" rotation="90" />
    <pcbpin number="6" name="6" style="r95_45" originx="39.370078740157" originy="25.590551181102" rotation="90" />
    <line layer="TOP_PLACE_BOUND" originx="-67.913385826771" originy="51.181102362204" endx="67.913385826771" endy="51.181102362204" width="1.9685039370079" />
    <line layer="TOP_PLACE_BOUND" originx="67.913385826771" originy="51.181102362204" endx="67.913385826771" endy="-51.181102362204" width="1.9685039370079" />
    <line layer="TOP_PLACE_BOUND" originx="67.913385826771" originy="-51.181102362204" endx="-67.913385826771" endy="-51.181102362204" width="1.9685039370079" />
    <line layer="TOP_PLACE_BOUND" originx="-67.913385826771" originy="-51.181102362204" endx="-67.913385826771" endy="51.181102362204" width="1.9685039370079" />
    <line layer="TOP_ASSEMBLY" originx="-24.606299212598" originy="39.370078740157" endx="24.606299212598" endy="39.370078740157" width="3.9370078740157" />
    <line layer="TOP_ASSEMBLY" originx="24.606299212598" originy="39.370078740157" endx="24.606299212598" endy="-39.370078740157" width="3.9370078740157" />
    <line layer="TOP_ASSEMBLY" originx="24.606299212598" originy="-39.370078740157" endx="-24.606299212598" endy="-39.370078740157" width="3.9370078740157" />
    <line layer="TOP_ASSEMBLY" originx="-24.606299212598" originy="-39.370078740157" endx="-24.606299212598" endy="39.370078740157" width="3.9370078740157" />
    <line layer="TOP_ASSEMBLY" originx="-24.606299212598" originy="13.779527559055" endx="0.98425196850393" endy="39.370078740157" width="3.9370078740157" />
    <line layer="TOP_SILKSCREEN" originx="-6.8897637795275" originy="39.370078740157" endx="6.8897637795275" endy="39.370078740157" width="7.8740157480314" />
    <line layer="TOP_SILKSCREEN" originx="6.8897637795275" originy="39.370078740157" endx="6.8897637795275" endy="-39.370078740157" width="7.8740157480314" />
    <line layer="TOP_SILKSCREEN" originx="6.8897637795275" originy="-39.370078740157" endx="-6.8897637795275" endy="-39.370078740157" width="7.8740157480314" />
    <line layer="TOP_SILKSCREEN" originx="-6.8897637795275" originy="-39.370078740157" endx="-6.8897637795275" endy="39.370078740157" width="7.8740157480314" />
    <line layer="TOP_SILKSCREEN" originx="-58.070866141732" originy="48.228346456692" endx="-20.669291338582" endy="48.228346456692" width="7.8740157480314" />
  </footprint>
  <symbol name="82400274" originx="0" originy="0">
    <line originx="200" originy="100" endx="1000" endy="100" width="0" />
    <line originx="1000" originy="-300" endx="1000" endy="100" width="0" />
    <line originx="1000" originy="-300" endx="200" endy="-300" width="0" />
    <line originx="200" originy="100" endx="200" endy="-300" width="0" />
    <sympin number="1" originx="200" originy="0" rotation="180" length="100" width="7.8740157480315" flipped="False">
      <text name="pinname" originx="230" originy="0" style="Default" rotation="0" justify="left" flipped="False" hidden="False" data="I/O_1" />
      <text name="pindes" originx="140" originy="20" style="Default" rotation="0" justify="lowerright" flipped="False" hidden="False" data="1" />
    </sympin>
    <sympin number="2" originx="200" originy="-100" rotation="180" length="100" width="7.8740157480315" flipped="False">
      <text name="pinname" originx="230" originy="-100" style="Default" rotation="0" justify="left" flipped="False" hidden="False" data="GND" />
      <text name="pindes" originx="140" originy="-80" style="Default" rotation="0" justify="lowerright" flipped="False" hidden="False" data="2" />
    </sympin>
    <sympin number="3" originx="200" originy="-200" rotation="180" length="100" width="7.8740157480315" flipped="False">
      <text name="pinname" originx="230" originy="-200" style="Default" rotation="0" justify="left" flipped="False" hidden="False" data="I/O_2" />
      <text name="pindes" originx="140" originy="-180" style="Default" rotation="0" justify="lowerright" flipped="False" hidden="False" data="3" />
    </sympin>
    <sympin number="6" originx="1000" originy="0" rotation="0" length="100" width="7.8740157480315" flipped="False">
      <text name="pinname" originx="970" originy="0" style="Default" rotation="0" justify="right" flipped="False" hidden="False" data="I/O_4" />
      <text name="pindes" originx="1060" originy="20" style="Default" rotation="0" justify="lowerleft" flipped="False" hidden="False" data="6" />
    </sympin>
    <sympin number="5" originx="1000" originy="-100" rotation="0" length="100" width="7.8740157480315" flipped="False">
      <text name="pinname" originx="970" originy="-100" style="Default" rotation="0" justify="right" flipped="False" hidden="False" data="VDD" />
      <text name="pindes" originx="1060" originy="-80" style="Default" rotation="0" justify="lowerleft" flipped="False" hidden="False" data="5" />
    </sympin>
    <sympin number="4" originx="1000" originy="-200" rotation="0" length="100" width="7.8740157480315" flipped="False">
      <text name="pinname" originx="970" originy="-200" style="Default" rotation="0" justify="right" flipped="False" hidden="False" data="I/O_3" />
      <text name="pindes" originx="1060" originy="-180" style="Default" rotation="0" justify="lowerleft" flipped="False" hidden="False" data="4" />
    </sympin>
  </symbol>
  <component name="82400274" designatorprefix="D" height="43.307086614173" footprint="SOT65P210X110-6N">
    <comppin designator="1" sympin="1" pinswap="0" gateswap="0" gate="1" group="1" side="" type="Any" name="I/O_1" />
    <comppin designator="2" sympin="2" pinswap="0" gateswap="0" gate="1" group="1" side="" type="Any" name="GND" />
    <comppin designator="3" sympin="3" pinswap="0" gateswap="0" gate="1" group="1" side="" type="Any" name="I/O_2" />
    <comppin designator="4" sympin="4" pinswap="0" gateswap="0" gate="1" group="1" side="" type="Any" name="I/O_3" />
    <comppin designator="5" sympin="5" pinswap="0" gateswap="0" gate="1" group="1" side="" type="Any" name="VDD" />
    <comppin designator="6" sympin="6" pinswap="0" gateswap="0" gate="1" group="1" side="" type="Any" name="I/O_4" />
    <attached_symbol gate="1" name="82400274" />
    <pinmap designator="1" footprintpin="1" />
    <pinmap designator="2" footprintpin="2" />
    <pinmap designator="3" footprintpin="3" />
    <pinmap designator="4" footprintpin="4" />
    <pinmap designator="5" footprintpin="5" />
    <pinmap designator="6" footprintpin="6" />
    <text name="Datasheet" originx="0" originy="0" style="Default" rotation="0" justify="" flipped="False" hidden="True" data="https://katalog.we-online.com/pbs/datasheet/82400274.pdf" />
    <text name="Description" originx="0" originy="0" style="Default" rotation="0" justify="" flipped="False" hidden="True" data="TVS Diode Array WE-TVS 4-Ch+VDD 5V SC70 Wurth Elektronik 82400274, Quad Uni-Directional TVS Diode Array, 6-Pin SC-70" />
    <text name="Mouser Part Number" originx="0" originy="0" style="Default" rotation="0" justify="" flipped="False" hidden="True" data="710-82400274" />
    <text name="Mouser Price/Stock" originx="0" originy="0" style="Default" rotation="0" justify="" flipped="False" hidden="True" data="https://www.mouser.co.uk/ProductDetail/Wurth-Elektronik/82400274?qs=2kOmHSv6VfQD871MY%252BLLLQ%3D%3D" />
    <text name="Manufacturer_Name" originx="0" originy="0" style="Default" rotation="0" justify="" flipped="False" hidden="True" data="Wurth Elektronik" />
    <text name="Manufacturer_Part_Number" originx="1050" originy="200" style="Default" rotation="0" justify="left" flipped="False" hidden="False" data="82400274" />
  </component>
</quadcept_library>
