<?xml version="1.0" encoding="utf-8"?>
<!--/13139731/1318237/2.50/7/2/Switch/-->
<quadcept_library>
  <setting unit="mil" />
  <textstyle name="Default" height="47.244094488189" strokewidth="7.8740157480315" charwidth="47.244094488189" />
  <textstyle name="Dimension" height="19.6850393700787" strokewidth="0" charwidth="19.6850393700787" />
  <textstyle name="H127W0635TH00762" height="50" strokewidth="3" charwidth="25" />
  <textstyle name="H15W15TH02" height="59.0551181102362" strokewidth="7.8740157480315" charwidth="59.0551181102362" />
  <padstyle name="r100_80" surface="True" plated="False" isvia="False" nopaste="False" nomask="True" complex="False" holesize="0">
    <padshape layer="TOP" shape="rectangle" width="31.496062992126" height="39.370078740157" />
    <padshape layer="TOP_SOLDER_MASK" shape="rectangle" width="39.370078740157" height="47.244094488188" />
    <padshape layer="TOP_SOLDER_PASTE" shape="rectangle" width="31.496062992126" height="39.370078740157" />
  </padstyle>
  <padstyle name="r150_70" surface="True" plated="False" isvia="False" nopaste="False" nomask="True" complex="False" holesize="0">
    <padshape layer="TOP" shape="rectangle" width="27.55905511811" height="59.055118110235" />
    <padshape layer="TOP_SOLDER_MASK" shape="rectangle" width="35.433070866141" height="66.929133858267" />
    <padshape layer="TOP_SOLDER_PASTE" shape="rectangle" width="27.55905511811" height="59.055118110235" />
  </padstyle>
  <padstyle name="c45_h90" surface="False" plated="True" isvia="False" nopaste="True" nomask="True" complex="False" holesize="35.433070866141">
    <padshape layer="TOP" shape="round" width="17.716535433071" height="17.716535433071" />
    <padshape layer="TOP_SOLDER_MASK" shape="round" width="25.590551181102" height="25.590551181102" />
    <padshape layer="INNER" shape="round" width="17.716535433071" height="17.716535433071" />
    <padshape layer="BOTTOM" shape="round" width="17.716535433071" height="17.716535433071" />
    <padshape layer="BOTTOM_SOLDER_MASK" shape="round" width="25.590551181102" height="25.590551181102" />
  </padstyle>
  <footprint name="PCM12SMTR" originx="0" originy="0" pickpointx="0" pickpointy="0">
    <pcbpin number="1" name="1" style="r150_70" originx="-88.582677165353" originy="68.897637795275" rotation="0" />
    <pcbpin number="2" name="2" style="r150_70" originx="29.527559055118" originy="68.897637795275" rotation="0" />
    <pcbpin number="3" name="3" style="r150_70" originx="88.582677165353" originy="68.897637795275" rotation="0" />
    <pcbpin number="4" name="MH1" style="c45_h90" originx="-59.055118110235" originy="0" rotation="90" />
    <pcbpin number="5" name="MH2" style="c45_h90" originx="59.055118110235" originy="0" rotation="90" />
    <pcbpin number="6" name="MP1" style="r100_80" originx="-143.70078740157" originy="43.307086614173" rotation="90" />
    <pcbpin number="7" name="MP2" style="r100_80" originx="-143.70078740157" originy="-43.307086614173" rotation="90" />
    <pcbpin number="8" name="MP3" style="r100_80" originx="143.70078740157" originy="-43.307086614173" rotation="90" />
    <pcbpin number="9" name="MP4" style="r100_80" originx="143.70078740157" originy="43.307086614173" rotation="90" />
    <line layer="TOP_ASSEMBLY" originx="-131.88976377953" originy="-51.181102362204" endx="131.88976377953" endy="-51.181102362204" width="7.8740157480314" />
    <line layer="TOP_ASSEMBLY" originx="131.88976377953" originy="-51.181102362204" endx="131.88976377953" endy="51.181102362204" width="7.8740157480314" />
    <line layer="TOP_ASSEMBLY" originx="131.88976377953" originy="51.181102362204" endx="-131.88976377953" endy="51.181102362204" width="7.8740157480314" />
    <line layer="TOP_ASSEMBLY" originx="-131.88976377953" originy="51.181102362204" endx="-131.88976377953" endy="-51.181102362204" width="7.8740157480314" />
    <line layer="TOP_PLACE_BOUND" originx="-202.75590551181" originy="165.35433070866" endx="202.75590551181" endy="165.35433070866" width="3.9370078740157" />
    <line layer="TOP_PLACE_BOUND" originx="202.75590551181" originy="165.35433070866" endx="202.75590551181" endy="-98.425196850392" width="3.9370078740157" />
    <line layer="TOP_PLACE_BOUND" originx="202.75590551181" originy="-98.425196850392" endx="-202.75590551181" endy="-98.425196850392" width="3.9370078740157" />
    <line layer="TOP_PLACE_BOUND" originx="-202.75590551181" originy="-98.425196850392" endx="-202.75590551181" endy="165.35433070866" width="3.9370078740157" />
    <line layer="TOP_SILKSCREEN" originx="-114.17322834646" originy="-51.181102362204" endx="114.17322834646" endy="-51.181102362204" width="3.9370078740157" />
    <line layer="TOP_SILKSCREEN" originx="-90.551181102361" originy="125.9842519685" endx="-90.551181102361" endy="125.9842519685" width="7.8740157480314" />
    <arc layer="TOP_SILKSCREEN" originx="-90.551181102361" originy="124.01574803149" startangle="90.0" sweepangle="180.0" radius="1.9685039370079" width="7.8740157480314" />
    <line layer="TOP_SILKSCREEN" originx="-90.551181102361" originy="122.04724409449" endx="-90.551181102361" endy="122.04724409449" width="7.8740157480314" />
    <arc layer="TOP_SILKSCREEN" originx="-90.551181102361" originy="124.01574803149" startangle="-90.0" sweepangle="180.0" radius="1.9685039370079" width="7.8740157480314" />
    <line layer="TOP_SILKSCREEN" originx="-90.551181102361" originy="125.9842519685" endx="-90.551181102361" endy="125.9842519685" width="7.8740157480314" />
    <arc layer="TOP_SILKSCREEN" originx="-90.551181102361" originy="124.01574803149" startangle="90.0" sweepangle="180.0" radius="1.9685039370079" width="7.8740157480314" />
  </footprint>
  <symbol name="PCM12SMTR" originx="0" originy="0">
    <line originx="200" originy="100" endx="800" endy="100" width="0" />
    <line originx="800" originy="-400" endx="800" endy="100" width="0" />
    <line originx="800" originy="-400" endx="200" endy="-400" width="0" />
    <line originx="200" originy="100" endx="200" endy="-400" width="0" />
    <sympin number="1" originx="200" originy="0" rotation="180" length="100" width="7.8740157480315" flipped="False">
      <text name="pinname" originx="230" originy="0" style="Default" rotation="0" justify="left" flipped="False" hidden="False" data="NC" />
      <text name="pindes" originx="140" originy="20" style="Default" rotation="0" justify="lowerright" flipped="False" hidden="False" data="1" />
    </sympin>
    <sympin number="2" originx="200" originy="-100" rotation="180" length="100" width="7.8740157480315" flipped="False">
      <text name="pinname" originx="230" originy="-100" style="Default" rotation="0" justify="left" flipped="False" hidden="False" data="COM" />
      <text name="pindes" originx="140" originy="-80" style="Default" rotation="0" justify="lowerright" flipped="False" hidden="False" data="2" />
    </sympin>
    <sympin number="3" originx="200" originy="-200" rotation="180" length="100" width="7.8740157480315" flipped="False">
      <text name="pinname" originx="230" originy="-200" style="Default" rotation="0" justify="left" flipped="False" hidden="False" data="NO" />
      <text name="pindes" originx="140" originy="-180" style="Default" rotation="0" justify="lowerright" flipped="False" hidden="False" data="3" />
    </sympin>
    <sympin number="4" originx="200" originy="-300" rotation="180" length="100" width="7.8740157480315" flipped="False">
      <text name="pinname" originx="230" originy="-300" style="Default" rotation="0" justify="left" flipped="False" hidden="False" data="MP1" />
      <text name="pindes" originx="140" originy="-280" style="Default" rotation="0" justify="lowerright" flipped="False" hidden="False" data="MP1" />
    </sympin>
    <sympin number="5" originx="800" originy="0" rotation="0" length="100" width="7.8740157480315" flipped="False">
      <text name="pinname" originx="770" originy="0" style="Default" rotation="0" justify="right" flipped="False" hidden="False" data="MP2" />
      <text name="pindes" originx="860" originy="20" style="Default" rotation="0" justify="lowerleft" flipped="False" hidden="False" data="MP2" />
    </sympin>
    <sympin number="6" originx="800" originy="-100" rotation="0" length="100" width="7.8740157480315" flipped="False">
      <text name="pinname" originx="770" originy="-100" style="Default" rotation="0" justify="right" flipped="False" hidden="False" data="MP3" />
      <text name="pindes" originx="860" originy="-80" style="Default" rotation="0" justify="lowerleft" flipped="False" hidden="False" data="MP3" />
    </sympin>
    <sympin number="7" originx="800" originy="-200" rotation="0" length="100" width="7.8740157480315" flipped="False">
      <text name="pinname" originx="770" originy="-200" style="Default" rotation="0" justify="right" flipped="False" hidden="False" data="MP4" />
      <text name="pindes" originx="860" originy="-180" style="Default" rotation="0" justify="lowerleft" flipped="False" hidden="False" data="MP4" />
    </sympin>
  </symbol>
  <component name="PCM12SMTR" designatorprefix="S" height="55.11811023622" footprint="PCM12SMTR">
    <comppin designator="1" sympin="1" pinswap="0" gateswap="0" gate="1" group="1" side="" type="Any" name="NC" />
    <comppin designator="2" sympin="2" pinswap="0" gateswap="0" gate="1" group="1" side="" type="Any" name="COM" />
    <comppin designator="3" sympin="3" pinswap="0" gateswap="0" gate="1" group="1" side="" type="Any" name="NO" />
    <comppin designator="MP1" sympin="4" pinswap="0" gateswap="0" gate="1" group="1" side="" type="Any" name="MP1" />
    <comppin designator="MP2" sympin="5" pinswap="0" gateswap="0" gate="1" group="1" side="" type="Any" name="MP2" />
    <comppin designator="MP3" sympin="6" pinswap="0" gateswap="0" gate="1" group="1" side="" type="Any" name="MP3" />
    <comppin designator="MP4" sympin="7" pinswap="0" gateswap="0" gate="1" group="1" side="" type="Any" name="MP4" />
    <attached_symbol gate="1" name="PCM12SMTR" />
    <pinmap designator="1" footprintpin="1" />
    <pinmap designator="2" footprintpin="2" />
    <pinmap designator="3" footprintpin="3" />
    <pinmap designator="MP1" footprintpin="4" />
    <pinmap designator="MP2" footprintpin="5" />
    <pinmap designator="MP3" footprintpin="6" />
    <pinmap designator="MP4" footprintpin="7" />
    <text name="Datasheet" originx="0" originy="0" style="Default" rotation="0" justify="" flipped="False" hidden="True" data="https://www.ckswitches.com/media/1424/pcm.pdf" />
    <text name="Description" originx="0" originy="0" style="Default" rotation="0" justify="" flipped="False" hidden="True" data="Slide Switches 0.3A SPDT ON-ON" />
    <text name="Mouser Part Number" originx="0" originy="0" style="Default" rotation="0" justify="" flipped="False" hidden="True" data="611-PCM12SMTR" />
    <text name="Mouser Price/Stock" originx="0" originy="0" style="Default" rotation="0" justify="" flipped="False" hidden="True" data="https://www.mouser.co.uk/ProductDetail/CK/PCM12SMTR?qs=mfFuHy8STfL3qrPSfCHA7w%3D%3D" />
    <text name="Manufacturer_Name" originx="0" originy="0" style="Default" rotation="0" justify="" flipped="False" hidden="True" data="C &amp; K COMPONENTS" />
    <text name="Manufacturer_Part_Number" originx="850" originy="200" style="Default" rotation="0" justify="left" flipped="False" hidden="False" data="PCM12SMTR" />
  </component>
</quadcept_library>
